GCCSA_CODE_2016,M_Y12e_15_19,M_Y12e_20_24,M_Y12e_25_34,M_Y12e_35_44,M_Y12e_45_54,M_Y12e_55_64,M_Y12e_65_74,M_Y12e_75_84,M_Y12e_85ov,M_Y12e_Tot,M_Y11e_15_19,M_Y11e_20_24,M_Y11e_25_34,M_Y11e_35_44,M_Y11e_45_54,M_Y11e_55_64,M_Y11e_65_74,M_Y11e_75_84,M_Y11e_85ov,M_Y11e_Tot,M_Y10e_15_19,M_Y10e_20_24,M_Y10e_25_34,M_Y10e_35_44,M_Y10e_45_54,M_Y10e_55_64,M_Y10e_65_74,M_Y10e_75_84,M_Y10e_85ov,M_Y10e_Tot,M_Y9e_15_19,M_Y9e_20_24,M_Y9e_25_34,M_Y9e_35_44,M_Y9e_45_54,M_Y9e_55_64,M_Y9e_65_74,M_Y9e_75_84,M_Y9e_85ov,M_Y9e_Tot,M_Y8b_15_19,M_Y8b_20_24,M_Y8b_25_34,M_Y8b_35_44,M_Y8b_45_54,M_Y8b_55_64,M_Y8b_65_74,M_Y8b_75_84,M_Y8b_85ov,M_Y8b_Tot,M_DNGTS_15_19,M_DNGTS_20_24,M_DNGTS_25_34,M_DNGTS_35_44,M_DNGTS_45_54,M_DNGTS_55_64,M_DNGTS_65_74,M_DNGTS_75_84,M_DNGTS_85_ov,M_DNGTS_Tot,M_Hghst_yr_schl_ns_15_19,M_Hghst_yr_schl_ns_20_24,M_Hghst_yr_schl_ns_25_34,M_Hghst_yr_schl_ns_35_44,M_Hghst_yr_schl_ns_45_54,M_Hghst_yr_schl_ns_55_64,M_Hghst_yr_schl_ns_65_74,M_Hghst_yr_schl_ns_75_84,M_Hghst_yr_schl_ns_85_ovr,M_Hghst_yr_schl_ns_Tot,M_Tot_15_19,M_Tot_20_24,M_Tot_25_34,M_Tot_35_44,M_Tot_45_54,M_Tot_55_64,M_Tot_65_74,M_Tot_75_84,M_Tot_85ov,M_Tot_Tot,F_Y12e_15_19,F_Y12e_20_24,F_Y12e_25_34,F_Y12e_35_44,F_Y12e_45_54,F_Y12e_55_64,F_Y12e_65_74,F_Y12e_75_84,F_Y12e_85ov,F_Y12e_Tot,F_Y11e_15_19,F_Y11e_20_24,F_Y11e_25_34,F_Y11e_35_44,F_Y11e_45_54,F_Y11e_55_64,F_Y11e_65_74,F_Y11e_75_84,F_Y11e_85ov,F_Y11e_Tot,F_Y10e_15_19,F_Y10e_20_24,F_Y10e_25_34,F_Y10e_35_44,F_Y10e_45_54,F_Y10e_55_64,F_Y10e_65_74,F_Y10e_75_84,F_Y10e_85ov,F_Y10e_Tot,F_Y9e_15_19,F_Y9e_20_24,F_Y9e_25_34,F_Y9e_35_44,F_Y9e_45_54,F_Y9e_55_64,F_Y9e_65_74,F_Y9e_75_84,F_Y9e_85ov,F_Y9e_Tot,F_Y8b_15_19,F_Y8b_20_24,F_Y8b_25_34,F_Y8b_35_44,F_Y8b_45_54,F_Y8b_55_64,F_Y8b_65_74,F_Y8b_75_84,F_Y8b_85ov,F_Y8b_Tot,F_DNGTS_15_19,F_DNGTS_20_24,F_DNGTS_25_34,F_DNGTS_35_44,F_DNGTS_45_54,F_DNGTS_55_64,F_DNGTS_65_74,F_DNGTS_75_84,F_DNGTS_85_ov,F_DNGTS_Tot,F_Hghst_yr_schl_ns_15_19,F_Hghst_yr_schl_ns_20_24,F_Hghst_yr_schl_ns_25_34,F_Hghst_yr_schl_ns_35_44,F_Hghst_yr_schl_ns_45_54,F_Hghst_yr_schl_ns_55_64,F_Hghst_yr_schl_ns_65_74,F_Hghst_yr_schl_ns_75_84,F_Hghst_yr_schl_ns_85_ovr,F_Hghst_yr_schl_ns_Tot,F_Tot_15_19,F_Tot_20_24,F_Tot_25_34,F_Tot_35_44,F_Tot_45_54,F_Tot_55_64,F_Tot_65_74,F_Tot_75_84,F_Tot_85ov,F_Tot_Tot,P_Y12e_15_19,P_Y12e_20_24,P_Y12e_25_34,P_Y12e_35_44,P_Y12e_45_54,P_Y12e_55_64,P_Y12e_65_74,P_Y12e_75_84,P_Y12e_85ov,P_Y12e_Tot,P_Y11e_15_19,P_Y11e_20_24,P_Y11e_25_34,P_Y11e_35_44,P_Y11e_45_54,P_Y11e_55_64,P_Y11e_65_74,P_Y11e_75_84,P_Y11e_85ov,P_Y11e_Tot,P_Y10e_15_19,P_Y10e_20_24,P_Y10e_25_34,P_Y10e_35_44,P_Y10e_45_54,P_Y10e_55_64,P_Y10e_65_74,P_Y10e_75_84,P_Y10e_85ov,P_Y10e_Tot,P_Y9e_15_19,P_Y9e_20_24,P_Y9e_25_34,P_Y9e_35_44,P_Y9e_45_54,P_Y9e_55_64,P_Y9e_65_74,P_Y9e_75_84,P_Y9e_85ov,P_Y9e_Tot
19499,85,356,679,376,234,254,167,42,10,2199,26,52,92,68,57,48,25,3,3,380,34,105,225,227,269,237,190,22,8,1323,18,35,67,67,77,61,86,23,3,436,3,22,42,29,41,58,67,18,3,286,0,0,3,3,17,9,4,4,0,41,80,166,499,497,446,319,173,52,12,2245,241,744,1609,1269,1148,985,719,162,32,6910,80,379,647,296,220,206,108,21,4,1964,17,27,38,30,48,41,22,3,0,237,29,58,80,80,138,232,157,27,8,811,11,19,32,28,38,65,58,11,8,270,11,5,6,11,17,37,33,14,9,130,0,3,4,3,4,3,3,4,0,22,50,134,279,182,185,141,95,37,17,1120,200,613,1091,629,646,732,472,120,48,4549,164,734,1328,670,459,457,274,59,11,4161,46,83,133,98,109,91,52,8,3,614,65,157,305,306,412,475,350,49,17,2136,25,54,97,95,121,127,145,34,7,701
19799,0,0,8,3,8,10,15,10,0,52,0,0,3,5,0,0,4,0,0,12,0,3,3,3,14,3,11,4,0,42,0,0,0,4,0,0,4,0,0,8,0,0,0,0,3,3,5,0,0,13,0,0,0,0,0,0,0,0,0,0,0,0,0,7,0,3,14,3,0,26,3,9,11,18,25,22,48,16,3,152,3,4,17,10,8,22,11,7,3,76,0,0,0,0,3,3,0,0,0,12,0,0,0,4,10,8,19,5,0,50,0,0,0,3,4,5,3,3,3,22,0,0,0,0,0,0,9,0,0,12,0,0,0,0,0,0,0,0,0,0,0,0,3,0,8,4,14,6,0,40,4,4,24,14,31,46,60,24,7,217,3,3,21,7,16,29,27,18,4,125,0,0,0,4,6,4,3,0,0,25,0,3,4,3,20,18,35,9,0,87,0,0,0,4,3,4,7,3,3,34
1GSYD,40951,130159,282847,245500,177031,137642,80930,31488,10003,1136550,6268,8219,15752,14707,14016,9926,6323,3024,1017,79250,9502,16320,39474,45615,73125,58566,38524,19286,5923,306335,2060,2547,6255,7279,10795,12158,16631,9076,3520,70329,522,1209,3803,4754,7738,12643,17054,14116,6535,68361,155,797,2726,2497,3504,4124,3705,3411,1384,22298,7305,12284,30229,23680,20783,18202,16020,11793,6724,147021,66766,171538,381083,344035,306985,253270,179180,92194,35105,1830152,43862,137297,315117,268678,192087,132523,69392,27849,10951,1197767,4642,5914,12509,12705,13801,9748,6995,3712,1448,71473,5943,10545,27389,35616,72417,72047,53488,27406,11860,316705,1348,1775,4711,5978,9935,15437,19466,12492,7709,78859,325,731,2583,4335,8063,16080,20205,18685,11936,82947,101,506,2114,2611,4372,6067,5555,6086,3169,30588,6493,11057,27645,21032,18967,17915,17597,15307,13722,149725,62724,167834,392057,350958,319639,269824,192693,111536,60803,1928068,84816,267455,597968,514177,369122,270165,150326,59334,20956,2334316,10913,14130,28258,27413,27814,19675,13316,6734,2471,150728,15445,26862,66860,81233,145537,130614,92009,46694,17783,623040,3413,4326,10969,13256,20732,27595,36096,21570,11231,149183
1RNSW,15297,41763,73687,72523,52923,56725,41333,16737,4970,375958,5590,7377,11971,11784,11143,9526,6620,3174,878,68062,9088,16277,35822,41292,72209,67089,43907,19985,4608,310286,2343,2348,5655,6570,12162,16199,24006,11885,3758,84931,553,782,2140,2740,5285,11468,16535,13187,5963,58661,81,129,354,419,581,746,903,775,321,4317,5151,6607,13498,13104,15492,16614,16915,12615,6053,106043,38101,75284,143130,148438,169809,178359,150213,78370,26545,1008256,17112,47620,94353,94412,68533,57847,35520,15110,5390,435887,4207,5430,10303,10962,12461,9901,7157,3780,1200,65404,6129,11176,25826,32598,69151,73985,55313,26467,8744,309392,1491,2015,4658,5407,10664,17769,23452,14427,7014,86891,379,498,1303,1802,3709,9581,13265,13344,10128,54015,48,91,284,342,484,637,782,943,528,4140,4831,5132,10324,10781,13547,15719,17358,16152,11783,105635,34204,71963,147054,156293,178547,185435,152848,90224,44791,1061355,32404,89377,168042,166931,121458,114564,76854,31849,10356,811849,9794,12813,22277,22738,23600,19425,13778,6959,2083,133469,15216,27457,61650,73893,141363,141070,99218,46447,13352,619671,3836,4360,10315,11979,22833,33966,47450,26313,10771,171815
29499,38,209,486,253,154,114,75,19,4,1343,15,50,81,54,62,72,28,9,0,367,22,42,88,77,94,73,49,11,0,462,4,19,46,50,45,38,34,9,0,250,6,6,37,22,18,21,27,13,0,152,4,0,9,5,6,6,9,0,0,42,42,116,305,346,247,139,66,19,3,1277,138,443,1051,813,628,460,283,72,9,3895,63,284,491,213,111,119,57,4,3,1345,4,30,32,37,52,56,22,5,0,236,18,27,37,49,48,58,35,7,6,290,14,8,19,18,19,24,25,3,0,130,7,11,9,5,12,11,14,0,7,79,7,3,10,3,6,6,4,3,0,42,35,101,191,149,90,84,45,17,7,716,140,453,788,479,344,352,204,49,28,2840,100,488,982,466,259,234,129,29,6,2689,17,78,119,89,120,125,48,13,0,610,44,67,127,129,143,130,90,17,4,751,20,24,63,71,65,59,65,8,0,388
29799,0,0,3,0,4,3,0,0,0,6,0,0,0,0,0,0,0,0,0,4,0,0,0,0,0,4,0,0,0,9,0,0,0,0,0,0,0,0,0,0,0,0,0,0,0,0,0,0,0,0,0,0,0,0,0,0,0,0,0,0,0,0,0,0,0,0,0,0,0,3,0,0,4,3,11,5,0,0,0,27,0,0,0,0,0,0,0,0,0,0,0,0,0,0,0,0,0,0,0,0,0,0,0,0,0,0,0,0,0,0,0,0,0,0,0,0,0,0,0,0,0,0,0,0,0,0,0,0,0,0,0,0,0,0,0,0,0,0,0,0,0,0,0,0,0,0,0,0,0,0,0,0,0,0,0,0,0,0,0,4,0,0,3,0,4,3,0,0,0,13,0,0,0,0,0,0,0,0,0,4,0,0,0,0,0,4,0,0,0,10,0,0,0,0,0,0,0,0,0,0
2GMEL,36831,129239,270315,222676,154101,115099,69093,26919,8974,1033244,6255,11214,22282,26400,47597,32436,16054,6203,1865,170323,6021,10877,25910,29322,42669,37196,26327,12663,3793,194786,2187,2908,7131,8029,12330,14200,14028,7905,2718,71435,953,1477,4465,5087,7057,10779,19535,19452,8582,77395,222,935,2586,2660,3138,3257,3208,3211,1250,20465,6661,10994,26147,20474,18586,16398,14690,11631,5981,131558,59131,167650,358845,314650,285473,229364,162936,87991,33165,1699202,40066,137136,304592,253341,179728,119949,60848,24594,9924,1130177,4159,7271,15087,19452,46455,36289,20518,8720,3139,161079,3795,6394,15901,18669,35359,39642,34161,16600,7308,177827,1428,1819,4156,5585,10360,15301,16027,9708,5027,69406,618,1000,3520,4844,7441,14165,27567,26976,16031,102165,137,589,2316,2792,3898,4785,4800,5997,2653,27968,6438,10250,25028,18964,17850,16831,16985,15242,11789,139387,56639,164461,370607,323638,301094,246952,180903,107832,55872,1808002,76892,266378,574908,476016,333832,235042,129934,51512,18899,2163419,10417,18485,37370,45852,94052,68722,36573,14925,5007,331399,9818,17277,41816,47986,78028,76835,60489,29261,11103,372611,3615,4729,11285,13613,22692,29505,30047,17610,7746,140839
2RVIC,7766,23240,41306,39717,27693,29167,20930,7985,2435,200245,3303,5991,10134,12503,22402,19712,9705,3164,822,87735,3363,5757,12318,14049,23022,23851,18965,7475,1756,110547,1177,1513,3579,4296,7593,9781,11206,5723,1535,46399,490,671,1600,1745,2712,4974,10439,9682,4472,36789,56,146,420,458,573,456,474,374,140,3098,2792,3454,7390,7363,8922,9522,9682,6860,3201,59194,18951,40780,76743,80125,92919,97469,81399,41263,14344,543992,8751,26747,55611,55283,41106,34617,19484,7868,3198,252670,2132,3738,7240,10040,23386,21970,12308,4728,1449,86999,2139,3679,8118,9611,18550,22177,20838,9396,3321,97826,832,937,1952,2624,5720,9387,10438,6173,2663,40722,317,416,981,1189,1929,4385,9876,10095,7735,36910,52,99,328,401,463,416,431,479,233,2901,2724,2872,5875,6164,7939,9240,9987,8770,5826,59403,16938,38481,80108,85313,99105,102188,83356,47513,24422,577429,16524,49988,96917,94994,68799,63788,40419,15854,5631,452911,5438,9732,17376,22540,45791,41681,22013,7895,2270,174731,5500,9439,20432,23652,41571,46023,39799,16871,5080,208368,2008,2448,5525,6925,13316,19173,21637,11895,4198,87119
39499,63,295,619,304,222,285,263,55,6,2114,23,52,92,69,82,83,83,6,0,486,32,66,163,183,255,391,312,52,0,1456,14,21,62,54,76,69,121,21,0,439,5,4,18,17,38,50,141,44,10,325,0,3,4,9,10,5,8,0,0,50,37,122,336,319,286,266,185,45,10,1608,174,559,1286,964,975,1147,1120,225,19,6478,88,369,628,251,217,309,169,38,3,2079,16,30,44,29,81,100,58,15,0,368,27,35,66,76,206,455,285,30,3,1185,6,7,19,12,33,113,75,15,0,272,0,4,12,7,14,40,86,22,3,187,4,3,4,0,7,0,3,0,0,24,30,117,223,134,147,204,121,45,9,1023,167,574,998,514,688,1224,798,153,18,5150,154,667,1249,560,437,594,439,87,4,4199,35,82,135,105,155,189,139,18,0,860,56,99,233,263,459,845,600,83,0,2635,16,23,81,69,107,178,194,38,0,716
39799,0,3,0,3,0,3,10,4,0,24,0,0,0,0,0,0,0,0,0,7,0,0,0,0,4,6,0,0,0,11,0,0,0,0,0,0,0,0,0,3,0,0,0,0,0,0,3,3,0,5,0,0,0,0,0,0,0,0,0,0,0,0,0,0,4,0,0,0,0,5,0,3,4,7,10,7,13,7,0,67,3,4,4,3,3,3,0,0,0,25,0,0,0,0,0,3,0,0,0,5,0,0,0,0,7,7,4,0,0,26,0,0,0,0,0,0,3,0,0,7,0,0,0,0,0,0,3,0,0,6,0,0,0,0,0,0,0,0,0,0,0,0,0,0,0,4,4,0,0,10,3,4,6,3,7,19,16,7,0,80,3,4,7,6,3,7,10,3,0,45,0,0,0,0,4,3,3,0,0,15,0,0,0,3,5,15,6,7,0,34,0,0,0,0,0,0,3,0,3,11
3GBRI,27235,65217,122393,105910,75796,52872,32881,12209,3298,497821,2721,4654,10038,10270,11710,7859,4195,1477,427,53351,3530,7016,17498,21887,37775,37235,24533,9374,2427,161275,907,1406,3376,3974,5984,6430,5413,2716,968,31174,304,562,1561,1949,3082,4558,10863,8359,3514,34756,62,283,812,682,950,908,658,418,174,4949,3732,6186,13215,11102,10617,8811,7550,5263,2867,69350,38496,85324,168903,155774,145918,118683,86096,39819,13664,852677,28879,68889,136521,120998,85232,52862,27796,10408,3873,535460,2082,3680,8427,9148,11630,7678,4579,1944,633,49796,2655,5432,13182,17016,38507,44734,32507,13383,5084,172510,606,974,2359,2962,4765,6667,5905,3605,1769,29604,178,388,1210,1743,2564,4492,12428,10627,6735,40372,53,196,696,884,1073,1068,754,745,395,5863,3466,5455,11611,9218,9178,8431,8008,6874,6150,68391,37926,85014,174005,161963,152947,125931,91973,47584,24651,902000,56115,134110,258917,226912,161031,105737,60678,22620,7167,1033276,4809,8336,18463,19413,23342,15538,8768,3420,1058,103150,6189,12452,30687,38904,76280,81970,57035,22760,7512,333784,1514,2383,5731,6933,10749,13094,11315,6318,2740,60779
3RQLD,22221,47548,88731,82773,59871,48394,35484,14598,3706,403327,3711,5894,12187,13136,16040,11499,6864,2508,580,72421,5526,9782,24339,31296,55631,57147,37141,13445,3091,237397,1435,1727,4345,5508,9087,10445,9895,4961,1395,48794,405,547,1681,2251,4125,7289,17923,13711,5028,52960,72,172,498,508,658,595,683,512,212,3899,5429,7373,15619,14764,16079,14966,13277,8852,4045,100415,38805,73055,147395,150230,161488,150331,121271,58584,18065,919216,23561,52007,107819,103378,74865,50801,30159,12581,4241,459407,2885,4626,10286,12276,16839,12092,7342,2904,860,70103,4129,7222,18097,24574,53585,62629,44477,17272,5833,237819,1000,1135,3012,3848,6854,9788,9453,5460,2398,42941,239,340,1111,1560,2777,5687,15878,13930,7984,49502,59,114,398,443,549,591,562,535,316,3574,4948,6233,12822,12196,13807,13647,13196,10568,7408,94822,36814,71679,153548,158272,169272,155231,121061,63252,29037,958174,45782,99558,196551,186149,134732,99196,65638,27184,7949,862739,6596,10520,22474,25408,32882,23589,14209,5414,1439,142527,9657,17008,42437,55870,109215,119768,81615,30720,8923,475213,2432,2864,7357,9350,15939,20230,19352,10423,3790,91730
49499,17,73,141,68,66,50,40,8,0,461,4,19,54,36,49,44,17,4,0,218,18,24,52,52,43,44,36,10,3,280,6,12,20,22,14,13,20,6,0,109,0,5,13,16,14,19,18,12,0,97,3,0,3,3,3,4,3,0,0,22,17,39,67,84,98,57,32,4,3,414,70,161,350,276,285,239,168,43,13,1596,8,47,124,68,51,48,23,3,0,379,6,11,19,13,37,19,12,0,0,121,11,7,10,11,42,54,25,10,4,168,0,7,5,8,14,6,5,0,0,52,0,4,3,3,3,6,16,0,3,42,0,0,4,0,0,3,0,0,0,10,10,18,42,38,49,26,15,9,4,202,39,96,209,140,192,164,97,21,7,979,29,121,264,134,116,100,63,7,4,844,12,32,71,45,84,65,23,3,0,345,28,28,71,61,82,98,63,16,3,449,12,20,21,29,26,18,32,10,0,162
49799,0,0,0,0,0,0,0,0,0,3,0,0,0,0,0,0,0,0,0,0,0,0,0,0,0,0,0,0,0,0,0,0,0,0,0,0,0,0,0,0,0,0,0,0,0,0,0,0,0,0,0,0,0,0,0,0,0,0,0,0,0,0,0,0,0,0,0,0,0,0,0,0,0,0,0,0,0,0,0,6,0,0,0,0,0,0,0,0,0,0,0,0,0,0,0,0,0,0,0,0,0,0,0,0,0,0,0,0,0,0,0,0,0,0,0,0,0,0,0,0,0,0,0,0,0,0,0,0,0,0,0,0,0,0,0,0,0,0,0,0,0,0,0,0,0,0,0,0,0,0,0,0,0,0,0,0,0,0,0,0,0,0,0,0,0,3,0,0,0,5,0,0,0,0,0,0,0,0,0,0,0,0,0,0,0,0,0,0,0,0,0,0,0,0,0,0,0,0,0,0
4GADE,11055,32635,58237,52917,41073,32736,20976,8698,3144,261473,2403,5610,12204,12600,19835,17227,8956,3143,871,82839,1455,3215,8527,8660,13567,13260,12280,5747,1804,68517,499,736,2049,1977,3171,3827,3699,2630,1094,19693,196,316,979,1113,1629,2826,5928,5951,3119,22052,48,183,533,687,809,798,636,692,277,4663,1635,2470,5404,4969,5290,4941,4499,3575,2051,34830,17293,45163,87926,82926,85371,75627,56968,30445,12356,494066,11946,34720,67733,60229,47266,33631,18782,8271,3656,286231,1583,3726,8442,9904,19546,19541,9887,3769,1465,77875,1172,2220,6297,6535,12139,16004,17087,7876,3609,72943,346,486,1436,1522,2550,3971,4640,3773,2294,21019,148,223,877,1039,1415,2938,7121,8058,6092,27915,39,128,502,760,953,908,869,1191,670,6014,1611,2201,4777,4185,4638,4940,5333,5057,4004,36738,16848,43703,90069,84172,88510,81929,63721,37994,21785,528740,23007,67358,125969,113141,88335,66373,39757,16975,6799,547701,3986,9337,20643,22507,39383,36769,18847,6914,2336,160715,2628,5438,14824,15191,25708,29270,29364,13623,5411,141465,841,1227,3486,3507,5721,7801,8341,6404,3391,40708
4RSAU,1850,4634,8509,9124,6969,7029,5302,2126,612,46159,1103,2260,4532,4675,7957,7493,3494,1125,227,32873,686,1254,3349,3493,6223,6993,6303,2391,544,31232,194,272,886,874,1786,2407,2498,1430,388,10726,68,114,344,403,657,1549,3831,3045,1293,11315,8,48,87,136,146,113,116,83,41,785,679,924,2136,2198,2645,2656,2576,1733,848,16391,4589,9505,19844,20910,26383,28241,24126,11932,3951,149491,2076,5481,11762,12297,9720,7803,4923,1984,671,56711,619,1378,3114,3784,7777,7856,3774,1216,414,29935,420,818,2289,2428,4765,6638,6958,2892,851,28064,126,155,555,543,1114,1826,2393,1604,591,8911,65,60,228,260,404,1022,2961,2941,2213,10152,5,9,53,62,80,69,103,127,51,558,636,664,1362,1480,2082,2313,2511,1976,1533,14556,3947,8565,19371,20859,25933,27529,23620,12744,6330,148897,3925,10117,20272,21421,16686,14834,10229,4110,1286,102877,1720,3645,7643,8466,15738,15347,7269,2347,644,62810,1104,2068,5639,5920,10988,13631,13268,5282,1395,59297,322,423,1442,1413,2900,4236,4884,3033,984,19644
59499,21,116,334,187,127,139,93,15,6,1035,4,25,73,66,59,49,24,3,0,310,15,45,113,107,152,154,105,17,3,713,0,6,26,20,34,42,43,0,0,174,3,0,4,11,15,22,36,11,0,100,0,0,7,4,6,4,0,3,0,25,22,65,218,210,239,130,74,12,0,976,74,259,773,606,638,540,375,58,12,3327,22,126,311,124,93,128,60,6,4,875,3,17,20,21,32,59,25,3,0,178,11,24,46,40,80,140,89,8,0,432,0,4,10,14,9,19,19,5,0,79,0,5,0,0,3,13,15,6,3,46,0,4,0,0,0,4,0,0,0,12,22,65,153,102,103,82,50,11,5,593,57,242,532,305,325,436,254,37,11,2210,47,243,639,317,218,264,147,23,6,1905,9,42,92,90,90,102,47,3,0,487,27,68,151,151,236,296,194,18,3,1145,5,7,36,33,48,64,61,7,0,253
59799,0,14,61,55,41,20,0,3,0,193,0,0,8,15,17,0,0,0,0,45,0,0,19,26,22,11,0,0,0,84,0,0,3,4,3,0,0,0,0,13,0,0,0,4,0,0,0,0,0,8,0,0,0,0,0,0,0,0,0,0,0,0,26,16,17,8,0,0,0,65,0,17,116,119,94,43,8,3,3,400,0,0,6,4,3,5,0,0,0,14,0,0,0,0,0,0,0,0,0,0,0,0,0,0,0,3,0,0,0,5,0,0,0,0,0,0,0,0,0,0,0,0,0,0,0,0,0,0,0,0,0,0,0,0,0,0,0,0,0,0,0,0,3,0,3,0,0,0,0,8,0,3,6,3,8,7,0,0,0,26,0,12,65,56,43,22,0,3,0,211,0,0,8,15,17,0,0,0,0,44,0,3,19,26,21,13,0,0,0,84,0,0,3,4,3,0,0,0,0,13
5GPER,18079,48042,102084,86298,65649,49347,31292,12217,3472,416486,3353,6298,14326,12647,13493,8355,4771,1765,428,65426,4003,7081,18226,20540,32560,28921,19721,7686,1955,140699,808,844,2419,2731,3639,4791,5453,3582,1302,25568,210,343,1141,1359,1867,2842,5151,5804,2453,21165,51,241,837,732,766,687,578,573,244,4709,3074,5267,14010,11056,9988,8121,6967,5446,2811,66741,29587,68113,153029,135354,127962,103071,73937,37073,12664,740783,18596,49935,115320,96755,72375,50557,27694,12044,4099,447371,2372,4427,10599,10657,15632,10916,5973,2417,740,63727,3024,5143,13406,16800,29037,31869,24902,10879,4146,139202,722,582,1472,2116,2784,4380,5891,4340,2348,24636,167,232,916,1488,1825,3341,5673,6887,4155,24681,41,147,636,782,859,933,712,963,527,5608,2765,4457,10933,8373,7982,7670,7462,7308,5946,62899,27678,64927,153282,136969,130490,109672,78307,44843,21958,768123,36680,97973,217407,183054,138020,99906,58982,24264,7572,863861,5720,10723,24922,23305,29124,19274,10740,4181,1164,129154,7033,12221,31629,37338,61597,60795,44623,18561,6102,279897,1525,1430,3887,4841,6422,9178,11343,7920,3647,50200
5RWAU,2936,6746,17069,16466,12751,10722,6603,2335,600,76226,1369,2123,4981,4840,4782,3118,1718,528,113,23574,1696,2654,7450,8820,13826,12871,7760,2339,468,57873,367,379,1009,1212,1840,2530,2556,1264,349,11510,144,129,366,493,695,1396,2426,2227,796,8669,17,57,146,125,165,160,186,123,67,1038,1414,1834,5829,5347,5261,4419,3134,1872,762,29859,7934,13924,36848,37296,39312,35213,24377,10686,3153,208747,3074,7371,20276,19281,14388,11063,5946,2380,722,84512,838,1500,3763,3939,5468,4144,1878,599,152,22280,1190,1853,5441,6348,10544,11310,7644,2758,808,47899,308,226,660,731,1118,1676,2049,1314,515,8599,105,109,245,333,490,939,1692,1935,1033,6888,16,23,82,85,110,148,151,169,79,869,1185,1336,3714,3336,3729,3513,2890,2136,1277,23128,6721,12430,34181,34057,35850,32802,22257,11289,4588,194174,6007,14123,37343,35753,27140,21788,12545,4716,1325,160740,2209,3627,8741,8780,10247,7263,3598,1128,261,45852,2878,4511,12888,15161,24365,24178,15406,5098,1273,105774,679,603,1673,1940,2952,4205,4603,2584,862,20105
69499,7,19,51,24,13,11,19,0,0,141,3,8,3,5,7,3,3,0,0,32,10,17,21,25,23,13,17,0,0,125,3,0,3,6,8,12,3,0,0,32,0,0,0,5,8,4,3,0,0,19,0,0,0,0,0,0,0,0,0,0,7,19,38,28,20,8,4,3,0,130,27,56,120,93,77,52,48,8,0,475,8,13,40,30,20,29,9,3,0,149,5,3,3,4,6,0,0,0,0,27,0,3,10,19,15,18,11,3,0,79,0,5,0,4,4,3,5,0,0,18,0,3,0,0,3,0,3,0,0,12,0,0,0,0,0,0,0,0,0,0,0,4,12,7,17,6,11,0,0,57,23,29,69,54,59,56,38,5,0,343,16,31,94,48,25,41,23,3,0,296,6,11,5,5,16,3,7,0,0,59,7,20,31,38,41,30,28,4,0,203,4,7,3,11,6,14,8,0,0,50
69799,0,0,10,4,3,0,0,0,0,18,0,0,3,0,3,0,0,0,0,8,0,0,3,4,6,4,0,0,0,16,0,0,0,0,0,0,0,0,0,0,0,0,0,0,0,0,0,0,0,0,0,0,0,0,0,0,0,0,0,0,0,0,3,0,0,0,0,0,0,6,0,6,15,5,10,8,4,0,0,49,0,3,5,0,0,0,0,0,0,11,0,3,0,0,0,0,0,0,0,4,0,0,0,0,0,3,0,0,0,4,0,0,0,0,0,0,0,0,0,0,0,0,0,0,0,0,0,0,0,0,0,0,0,0,0,0,0,0,0,0,0,0,0,0,0,0,0,0,0,0,0,4,3,0,3,4,3,0,0,18,0,4,11,4,3,6,0,0,0,25,0,0,4,0,3,0,3,0,0,10,0,0,3,4,9,10,3,0,0,22,0,0,0,0,0,0,0,0,0,0
6GHOB,1491,4639,8823,7578,5749,5596,3704,1509,587,39665,489,653,1400,1233,1121,784,444,239,54,6425,607,1094,2217,2977,5398,4876,3132,1341,326,21961,97,116,251,255,647,1117,1483,701,169,4839,51,61,136,128,229,515,705,765,450,3035,18,17,42,54,96,78,59,36,12,405,320,488,1073,943,1039,1112,1051,797,299,7121,3066,7068,13936,13163,14281,14070,10582,5389,1902,83457,1540,4918,10110,9223,6954,6054,3383,1609,681,44468,498,613,1305,1272,1350,1107,566,299,114,7115,513,831,1903,2683,5239,5380,4009,1911,709,23174,73,94,163,216,579,1197,1741,863,320,5246,39,51,130,139,162,416,688,955,912,3493,7,17,47,84,86,68,39,49,33,422,366,421,866,798,936,1138,1156,1014,600,7293,3036,6941,14535,14406,15299,15349,11593,6692,3368,91215,3029,9561,18933,16803,12700,11646,7086,3116,1268,84135,988,1265,2709,2500,2467,1892,1012,537,167,13543,1119,1921,4117,5655,10634,10250,7143,3252,1033,45137,172,217,413,469,1226,2310,3225,1563,487,10082
6RTAS,1523,4017,6290,5878,4525,5488,4120,1737,434,34009,929,994,1827,1669,1309,1180,720,275,72,8975,1294,2263,4490,5828,10044,8588,5300,1899,308,40029,137,160,333,512,1430,2617,3467,1348,244,10249,71,80,192,219,466,1044,1743,1610,845,6263,12,35,52,66,99,82,75,61,20,503,570,588,1064,1142,1656,1920,2009,1328,517,10800,4543,8126,14247,15318,19520,20921,17437,8276,2439,110823,1708,4463,8344,8151,6562,6227,3829,1661,585,41518,859,946,1866,1950,1949,1630,852,332,111,10495,875,1460,3411,4903,9365,8763,6078,2475,609,37936,114,119,221,343,991,2409,3478,1461,366,9500,40,51,135,174,240,707,1174,1590,1460,5567,9,25,58,91,109,66,56,45,35,498,513,506,1032,1140,1546,1864,2181,1659,873,11315,4107,7565,15074,16756,20765,21656,17646,9217,4048,116831,3233,8473,14628,14031,11079,11713,7944,3401,1018,75529,1785,1931,3695,3620,3257,2811,1579,603,183,19466,2167,3722,7903,10735,19408,17352,11380,4373,925,77965,252,272,552,857,2420,5023,6950,2812,614,19746
79499,10,36,76,55,40,48,33,7,0,302,0,10,13,17,28,20,15,0,0,96,4,19,30,40,64,59,45,3,0,255,0,0,0,15,19,22,20,6,0,81,0,0,9,8,23,13,26,0,0,80,0,0,0,0,9,3,3,0,0,12,3,38,89,75,84,60,35,12,0,397,17,98,219,215,257,227,174,20,0,1233,6,43,110,59,43,48,38,0,0,348,0,0,8,15,11,25,3,4,0,71,4,7,13,21,42,59,32,3,0,172,0,0,8,8,12,19,6,0,0,60,0,0,3,12,17,9,6,0,0,44,0,0,5,0,3,0,0,0,0,7,0,35,92,63,74,45,24,0,0,335,14,85,239,180,203,212,105,10,0,1046,14,80,189,117,82,101,68,4,0,655,3,10,27,28,38,48,22,3,0,172,5,22,40,58,103,121,78,3,0,433,0,4,11,25,35,38,28,6,0,144
79799,0,0,19,11,10,3,0,0,0,42,0,0,0,0,0,0,0,0,0,0,0,0,0,0,0,0,0,0,0,5,0,3,0,6,0,0,0,0,0,8,0,0,0,0,0,0,0,0,0,0,0,0,0,0,0,0,0,0,0,0,0,0,4,0,0,0,0,0,0,9,0,4,23,16,11,3,0,0,0,61,0,0,3,0,0,0,0,0,0,3,0,0,0,0,0,0,0,0,0,3,0,0,0,0,0,0,0,0,0,0,0,0,0,0,0,0,0,0,0,0,0,0,0,0,0,0,0,0,0,0,0,0,0,0,0,0,0,0,0,0,0,0,0,0,0,0,0,0,0,4,0,0,3,0,0,0,0,3,0,10,0,0,24,11,10,3,0,0,0,42,0,0,0,0,3,0,0,0,0,6,0,0,3,0,0,0,0,0,0,5,0,3,0,6,0,0,0,0,0,8
7GDAR,853,2966,8036,6214,3903,2727,1489,385,79,26646,313,614,1462,1241,1597,969,305,73,8,6580,293,668,1745,1686,2375,1838,830,219,38,9689,75,88,260,289,385,373,254,95,16,1839,24,31,109,167,228,326,450,231,57,1616,3,18,43,45,48,65,51,40,7,316,420,807,2376,1815,1565,1135,658,205,68,9041,1981,5186,14030,11460,10086,7432,4024,1246,273,55716,834,2909,8915,6791,4239,2612,1179,318,59,27853,186,372,885,941,1358,882,265,79,17,4975,189,425,1101,1111,1724,1493,813,242,54,7148,53,66,201,184,292,323,217,92,28,1468,20,23,112,145,218,359,372,234,91,1569,0,9,41,40,52,91,60,44,21,359,325,535,1539,1082,971,856,490,215,89,6095,1610,4337,12794,10302,8854,6606,3386,1222,356,49466,1682,5878,16952,13005,8142,5335,2667,698,135,54495,504,986,2340,2182,2953,1851,563,157,20,11558,485,1090,2846,2799,4096,3332,1637,462,99,16842,128,154,463,475,674,699,475,188,45,3308
7RNTE,359,1050,2747,2148,1601,1247,498,121,15,9783,264,433,834,660,730,489,133,36,3,3573,368,638,1327,1113,1296,977,398,86,13,6219,238,269,552,433,440,287,180,56,4,2467,285,310,637,581,569,523,369,119,30,3417,35,46,100,99,151,123,125,63,22,764,565,776,1482,1101,1075,792,418,134,22,6372,2111,3523,7676,6133,5862,4435,2119,624,116,32600,392,1175,3468,2537,1985,1360,391,105,24,11442,267,470,889,643,721,483,138,31,6,3646,306,555,1189,1039,1222,858,329,98,26,5626,179,237,505,459,377,259,141,47,4,2207,216,279,587,555,607,528,370,131,37,3307,19,31,80,63,123,142,148,112,34,754,474,577,1256,977,967,725,338,120,54,5477,1864,3329,7971,6270,5989,4359,1852,639,192,32472,757,2225,6215,4686,3584,2603,894,228,42,21230,527,903,1719,1298,1457,969,272,59,8,7216,675,1195,2523,2147,2515,1841,726,186,43,11851,418,510,1054,892,822,544,320,103,13,4676
89499,0,24,30,19,16,12,7,0,0,120,0,0,4,3,0,0,0,0,0,10,3,4,7,19,12,14,6,0,0,63,0,0,9,3,3,0,0,0,0,17,0,0,0,3,0,3,0,0,0,8,0,0,0,0,0,0,0,0,0,3,3,6,8,22,16,10,6,0,0,75,12,36,63,67,43,38,15,5,0,293,8,28,32,22,14,18,7,0,3,138,0,0,0,0,0,4,0,0,0,10,3,3,0,9,0,5,0,0,0,18,0,0,0,0,5,3,0,0,0,8,0,0,0,0,0,0,0,0,0,5,0,0,0,0,0,0,0,0,0,0,3,9,3,9,6,3,0,0,0,29,17,42,44,40,26,34,9,4,3,210,12,54,68,46,26,35,12,0,3,257,4,3,6,3,0,4,0,0,0,19,10,5,11,21,13,15,6,0,0,82,0,0,7,3,4,4,0,0,0,22
89799,0,0,0,0,0,0,0,0,0,0,0,0,0,0,0,0,0,0,0,0,0,0,0,0,0,0,0,0,0,0,0,0,0,0,0,0,0,0,0,0,0,0,0,0,0,0,0,0,0,0,0,0,0,0,0,0,0,0,0,0,0,0,0,0,0,0,0,0,0,0,0,0,0,0,0,0,0,0,0,0,0,0,0,0,0,0,0,0,0,0,0,0,0,0,0,0,0,0,0,0,0,0,0,0,0,0,0,0,0,0,0,0,0,0,0,0,0,0,0,0,0,0,0,0,0,0,0,0,0,0,0,0,0,0,0,0,0,0,0,0,0,0,0,0,0,0,0,0,0,0,0,0,0,0,0,0,0,0,0,0,0,0,0,0,0,0,0,0,0,0,0,0,0,0,0,0,0,0,0,0,0,0,0,0,0,0,0,0,0,0,0,0,0,0,0,0,0,0,0,0
8ACTE,4091,12903,26019,23212,17284,13262,8437,3221,1046,109476,322,543,1140,1034,1234,863,555,207,75,5962,486,1057,2342,2232,4067,3373,2241,1037,316,17148,131,184,274,319,462,584,784,392,133,3259,35,59,135,180,244,481,739,683,282,2839,9,36,96,89,111,80,74,81,30,612,511,1013,2334,1786,1546,1215,1088,824,429,10750,5582,15796,32345,28857,24948,19853,13914,6437,2316,150042,4304,13148,28494,24523,18598,13008,7600,2896,991,113565,301,400,886,897,1179,1035,676,347,141,5853,381,776,1813,1936,4024,4631,3905,1943,711,20124,106,170,243,289,433,775,1039,624,339,4015,37,63,126,182,293,614,973,934,613,3824,3,25,81,82,104,132,127,157,74,775,515,916,1974,1489,1327,1341,1169,1013,967,10709,5661,15493,33616,29396,25940,21536,15477,7904,3831,158864,8400,26055,54510,47740,35878,26270,16041,6111,2039,223040,622,939,2029,1923,2410,1897,1225,550,219,11813,865,1837,4161,4167,8089,7999,6145,2981,1032,37267,234,355,521,604,891,1358,1818,1014,469,7270
99499,0,0,0,0,3,0,0,0,0,7,0,0,0,0,0,0,0,0,0,0,0,0,0,3,0,0,0,0,0,6,0,0,0,0,0,0,0,0,0,0,0,0,0,0,0,0,0,0,0,0,0,0,0,0,0,0,0,0,0,0,0,3,0,0,0,0,0,0,0,0,0,6,0,4,3,3,6,0,0,21,0,4,0,3,4,0,0,0,0,16,0,0,0,0,0,0,0,0,0,3,0,0,0,0,0,5,3,0,0,10,0,0,0,0,0,0,0,0,0,0,0,0,0,0,0,0,0,0,0,0,0,0,0,0,0,0,0,0,0,0,0,0,0,0,0,0,0,0,0,4,3,4,0,5,4,4,6,0,0,30,0,3,0,4,7,0,3,0,0,25,0,0,0,0,0,0,0,0,0,3,0,0,0,3,0,3,0,0,0,11,0,0,0,0,0,0,3,0,0,3
99799,0,0,0,0,0,0,0,0,0,0,0,0,0,0,0,0,0,0,0,0,0,0,0,0,0,0,0,0,0,3,0,0,0,0,0,0,0,0,0,3,0,0,0,0,0,0,0,0,0,0,0,0,0,0,0,0,0,0,0,0,0,0,0,0,0,0,0,0,0,0,0,0,3,0,0,0,0,0,0,3,0,0,0,0,0,0,0,0,0,0,0,0,0,0,0,0,0,0,0,0,0,0,0,0,0,0,0,0,0,0,0,0,0,0,0,0,0,0,0,0,0,0,0,0,0,0,0,0,0,0,0,0,0,0,0,0,0,0,0,0,0,0,0,0,0,0,0,0,0,0,0,0,0,0,0,0,0,0,0,0,0,0,0,0,0,0,0,0,0,0,0,0,0,0,0,0,0,0,0,0,0,0,0,0,0,0,0,0,0,3,0,0,0,0,0,0,0,0,0,3
9OTER,21,59,142,156,111,107,52,20,8,680,3,11,17,16,30,22,17,0,3,117,9,4,25,65,110,95,52,13,3,374,0,3,0,3,22,19,11,6,10,86,0,0,4,6,13,34,39,14,3,115,0,0,0,3,7,17,24,12,0,67,11,56,139,96,79,66,46,18,3,514,45,130,329,344,371,359,252,95,28,1955,24,51,165,184,130,116,65,14,9,751,0,0,18,32,24,15,6,9,0,105,4,6,23,30,104,77,57,27,7,331,0,0,3,3,10,9,11,5,5,48,0,0,0,3,10,34,17,5,3,75,0,0,3,0,4,32,21,14,0,74,18,11,35,32,52,51,27,18,6,241,46,63,240,287,331,338,207,91,29,1630,48,109,307,335,243,223,118,38,15,1425,3,11,37,52,53,36,29,6,3,219,13,13,42,98,209,173,114,40,6,708,5,3,8,10,29,30,25,14,15,135