SA4_CODE_2016,M_15_19y_DUDW_LT_5_h,M_15_19y_DUDW_5_14_h,M_15_19y_DUDW_15_29_h,M_15_19y_DUDW_30_h_mo,M_15_19y_DNUDW,M_15_19y_UDW_NS,M_15_19y_Total,M_20_24y_DUDW_LT_5_h,M_20_24y_DUDW_5_14_h,M_20_24y_DUDW_15_29_h,M_20_24y_DUDW_30_h_mo,M_20_24y_DNUDW,M_20_24y_UDW_NS,M_20_24y_Total,M_25_34y_DUDW_LT_5_h,M_25_34y_DUDW_5_14_h,M_25_34y_DUDW_15_29_h,M_25_34y_DUDW_30_h_mo,M_25_34y_DNUDW,M_25_34y_UDW_NS,M_25_34y_Total,M_35_44y_DUDW_LT_5_h,M_35_44y_DUDW_5_14_h,M_35_44y_DUDW_15_29_h,M_35_44y_DUDW_30_h_mo,M_35_44y_DNUDW,M_35_44y_UDW_NS,M_35_44y_Total,M_45_54y_DUDW_LT_5_h,M_45_54y_DUDW_5_14_h,M_45_54y_DUDW_15_29_h,M_45_54y_DUDW_30_h_mo,M_45_54y_DNUDW,M_45_54y_UDW_NS,M_45_54y_Total,M_55_64y_DUDW_LT_5_h,M_55_64y_DUDW_5_14_h,M_55_64y_DUDW_15_29_h,M_55_64y_DUDW_30_h_mo,M_55_64y_DNUDW,M_55_64y_UDW_NS,M_55_64y_Total,M_65_74y_DUDW_LT_5_h,M_65_74y_DUDW_5_14_h,M_65_74y_DUDW_15_29_h,M_65_74y_DUDW_30_h_mo,M_65_74y_DNUDW,M_65_74y_UDW_NS,M_65_74y_Total,M_75_84y_DUDW_LT_5_h,M_75_84y_DUDW_5_14_h,M_75_84y_DUDW_15_29_h,M_75_84y_DUDW_30_h_mo,M_75_84y_DNUDW,M_75_84y_UDW_NS,M_75_84y_Total,M_85y_ov_DUDW_LT_5_h,M_85y_ov_DUDW_5_14_h,M_85y_ov_DUDW_15_29_h,M_85y_ov_DUDW_30_h_mo,M_85y_ov_DNUDW,M_85y_ov_UDW_NS,M_85y_ov_Total,M_Tot_DUDW_LT_5_h,M_Tot_DUDW_5_14_h,M_Tot_DUDW_15_29_h,M_Tot_DUDW_30_h_mo,M_Tot_DNUDW,M_Tot_UDW_NS,M_Tot_Total,F_15_19y_DUDW_LT_5_h,F_15_19y_DUDW_5_14_h,F_15_19y_DUDW_15_29_h,F_15_19y_DUDW_30_h_mo,F_15_19y_DNUDW,F_15_19y_UDW_NS,F_15_19y_Total,F_20_24y_DUDW_LT_5_h,F_20_24y_DUDW_5_14_h,F_20_24y_DUDW_15_29_h,F_20_24y_DUDW_30_h_mo,F_20_24y_DNUDW,F_20_24y_UDW_NS,F_20_24y_Total,F_25_34y_DUDW_LT_5_h,F_25_34y_DUDW_5_14_h,F_25_34y_DUDW_15_29_h,F_25_34y_DUDW_30_h_mo,F_25_34y_DNUDW,F_25_34y_UDW_NS,F_25_34y_Total,F_35_44y_DUDW_LT_5_h,F_35_44y_DUDW_5_14_h,F_35_44y_DUDW_15_29_h,F_35_44y_DUDW_30_h_mo,F_35_44y_DNUDW,F_35_44y_UDW_NS,F_35_44y_Total,F_45_54y_DUDW_LT_5_h,F_45_54y_DUDW_5_14_h,F_45_54y_DUDW_15_29_h,F_45_54y_DUDW_30_h_mo,F_45_54y_DNUDW,F_45_54y_UDW_NS,F_45_54y_Total,F_55_64y_DUDW_LT_5_h,F_55_64y_DUDW_5_14_h,F_55_64y_DUDW_15_29_h,F_55_64y_DUDW_30_h_mo,F_55_64y_DNUDW,F_55_64y_UDW_NS,F_55_64y_Total,F_65_74y_DUDW_LT_5_h,F_65_74y_DUDW_5_14_h,F_65_74y_DUDW_15_29_h,F_65_74y_DUDW_30_h_mo,F_65_74y_DNUDW,F_65_74y_UDW_NS,F_65_74y_Total,F_75_84y_DUDW_LT_5_h,F_75_84y_DUDW_5_14_h,F_75_84y_DUDW_15_29_h,F_75_84y_DUDW_30_h_mo,F_75_84y_DNUDW,F_75_84y_UDW_NS,F_75_84y_Total,F_85y_ov_DUDW_LT_5_h,F_85y_ov_DUDW_5_14_h,F_85y_ov_DUDW_15_29_h,F_85y_ov_DUDW_30_h_mo,F_85y_ov_DNUDW,F_85y_ov_UDW_NS,F_85y_ov_Total,F_Tot_DUDW_LT_5_h,F_Tot_DUDW_5_14_h,F_Tot_DUDW_15_29_h,F_Tot_DUDW_30_h_mo,F_Tot_DNUDW,F_Tot_UDW_NS,F_Tot_Total,P_15_19y_DUDW_LT_5_h,P_15_19y_DUDW_5_14_h,P_15_19y_DUDW_15_29_h,P_15_19y_DUDW_30_h_mo,P_15_19y_DNUDW,P_15_19y_UDW_NS,P_15_19y_Total,P_20_24y_DUDW_LT_5_h,P_20_24y_DUDW_5_14_h,P_20_24y_DUDW_15_29_h,P_20_24y_DUDW_30_h_mo,P_20_24y_DNUDW,P_20_24y_UDW_NS,P_20_24y_Total,P_25_34y_DUDW_LT_5_h,P_25_34y_DUDW_5_14_h,P_25_34y_DUDW_15_29_h,P_25_34y_DUDW_30_h_mo,P_25_34y_DNUDW,P_25_34y_UDW_NS,P_25_34y_Total,P_35_44y_DUDW_LT_5_h,P_35_44y_DUDW_5_14_h,P_35_44y_DUDW_15_29_h,P_35_44y_DUDW_30_h_mo,P_35_44y_DNUDW,P_35_44y_UDW_NS,P_35_44y_Total,P_45_54y_DUDW_LT_5_h,P_45_54y_DUDW_5_14_h,P_45_54y_DUDW_15_29_h,P_45_54y_DUDW_30_h_mo,P_45_54y_DNUDW,P_45_54y_UDW_NS,P_45_54y_Total,P_55_64y_DUDW_LT_5_h,P_55_64y_DUDW_5_14_h,P_55_64y_DUDW_15_29_h,P_55_64y_DUDW_30_h_mo,P_55_64y_DNUDW,P_55_64y_UDW_NS,P_55_64y_Total,P_65_74y_DUDW_LT_5_h,P_65_74y_DUDW_5_14_h,P_65_74y_DUDW_15_29_h,P_65_74y_DUDW_30_h_mo,P_65_74y_DNUDW,P_65_74y_UDW_NS,P_65_74y_Total,P_75_84y_DUDW_LT_5_h,P_75_84y_DUDW_5_14_h,P_75_84y_DUDW_15_29_h,P_75_84y_DUDW_30_h_mo,P_75_84y_DNUDW,P_75_84y_UDW_NS,P_75_84y_Total,P_85y_ov_DUDW_LT_5_h,P_85y_ov_DUDW_5_14_h,P_85y_ov_DUDW_15_29_h,P_85y_ov_DUDW_30_h_mo
101,2780,491,65,40,2276,850,6492,2014,859,135,75,1675,590,5345,3498,3101,659,345,2187,1248,11043,3393,4156,1141,578,1911,1318,12503,4035,5221,1505,637,2521,1571,15491,3601,5125,1813,1010,3165,1529,16249,2048,3532,1911,1362,3022,1630,13507,798,1279,790,634,1805,1121,6426,243,277,142,115,734,460,1966,22411,24037,8159,4798,19290,10316,89016,2832,710,107,54,1711,749,6167,1643,1281,364,355,945,431,5022,1856,3511,1798,2146,1044,934,11293,1242,4440,2850,2602,866,923,12921,1886,5910,3500,2157,1306,1256,16013,1647,5281,3699,2575,1946,1340,16485,804,2819,2865,2806,2216,1536,13050,526,1102,947,1143,1768,1323,6822,300,382,224,192,1356,841,3295,12743,25436,16357,14027,13162,9341,91060,5605,1201,173,91,3983,1595,12659,3659,2139,496,434,2616,1024,10364,5351,6615,2463,2492,3235,2184,22338,4636,8597,3998,3181,2775,2238,25417,5924,11127,5001,2793,3824,2833,31504,5248,10408,5504,3579,5118,2873,32731,2853,6351,4779,4167,5233,3167,26553,1319,2377,1738,1779,3579,2451,13249,541,654,369,302
102,4332,712,61,38,4122,864,10117,3600,1257,194,87,3471,651,9267,6231,4606,955,424,3872,1151,17244,5876,6500,1546,745,3139,1222,19032,5949,6990,1821,844,4017,1432,21054,4918,6358,1932,983,4388,1471,20057,2731,4577,2248,1418,4657,1615,17251,1165,1958,1134,874,3130,1448,9718,433,519,250,218,1596,851,3866,35237,33486,10145,5633,32392,10716,127602,4501,1053,130,73,3290,770,9808,3254,2122,546,447,1971,570,8908,3324,5483,2811,3568,1849,995,18037,1925,6318,4513,4906,1547,1133,20343,2649,7926,5072,3443,2174,1321,22575,2584,7114,4711,3451,3002,1457,22308,1437,4206,4015,3602,4202,1888,19339,911,1979,1585,1623,3823,2051,11976,598,735,394,310,2759,1613,6407,21177,36931,23765,21419,24616,11796,139707,8830,1762,184,105,7409,1634,19930,6849,3384,743,533,5444,1222,18174,9558,10092,3763,3998,5722,2149,35278,7808,12816,6061,5654,4687,2358,39376,8595,14922,6893,4282,6191,2753,43630,7506,13475,6638,4433,7387,2931,42364,4165,8787,6259,5017,8854,3507,36591,2073,3935,2725,2499,6954,3507,21691,1031,1250,644,528
103,2623,519,51,36,2535,930,6692,2051,1007,147,88,1799,882,5972,3659,3111,720,362,2136,1591,11580,3000,3718,1086,536,1877,1393,11614,3415,4141,1168,532,2522,1578,13358,3063,3951,1232,729,2949,1515,13438,1729,2548,1279,1020,3160,1574,11313,676,1027,636,533,1836,1109,5812,207,229,109,102,782,387,1824,20415,20255,6430,3941,19596,10961,81605,2631,786,92,77,1915,890,6398,1563,1501,466,478,1015,559,5590,1596,3326,1879,2788,1009,920,11515,904,3665,2693,2827,944,1004,12040,1345,4617,3078,2057,1310,1259,13652,1225,3907,2807,2313,1810,1272,13329,696,2153,2259,2326,2278,1460,11170,504,1022,883,1018,1936,1330,6696,275,379,212,192,1517,673,3247,10738,21356,14375,14076,13729,9362,83644,5258,1307,148,117,4446,1820,13093,3622,2507,615,564,2816,1439,11564,5251,6442,2601,3147,3137,2512,23097,3899,7383,3782,3366,2823,2393,23652,4760,8757,4241,2586,3828,2836,27016,4291,7861,4038,3041,4755,2784,26773,2421,4703,3538,3347,5441,3037,22483,1183,2049,1519,1551,3769,2438,12507,477,606,320,302
104,1703,372,45,19,1490,523,4155,1102,568,113,42,1007,335,3173,1879,1736,403,248,1300,646,6218,1842,2283,676,389,1160,647,6994,2043,2813,880,495,1509,780,8529,2231,3104,1262,656,2147,1000,10403,1272,2234,1317,917,2119,946,8799,537,831,559,517,1343,770,4559,155,174,125,92,627,361,1528,12759,14118,5380,3385,12696,6010,54349,1682,510,80,47,1103,451,3863,818,797,272,259,569,248,2963,925,1877,1093,1481,666,495,6535,715,2410,1678,1709,620,555,7695,1140,3435,2042,1344,941,736,9637,1119,3493,2244,1800,1358,859,10882,540,1816,1893,1973,1690,920,8834,359,775,661,875,1488,987,5139,224,292,155,148,1116,602,2526,7526,15402,10108,9639,9548,5845,58077,3379,881,120,58,2601,973,8016,1916,1371,379,302,1579,585,6135,2805,3611,1496,1731,1966,1148,12753,2555,4697,2353,2102,1779,1195,14690,3191,6248,2919,1847,2449,1514,18165,3356,6599,3508,2458,3502,1863,21286,1811,4048,3217,2885,3806,1861,17629,896,1607,1216,1397,2830,1757,9702,377,469,274,241
105,1153,318,45,35,1279,505,3333,997,554,104,61,1037,513,3277,1857,1804,424,205,1486,1048,6823,1480,1853,532,282,1223,844,6213,1795,2095,568,302,1669,938,7369,1706,1970,629,398,2049,963,7720,928,1263,632,490,1832,913,6055,404,510,274,261,1077,576,3100,115,127,56,46,457,231,1033,10426,10496,3270,2085,12107,6538,44921,1163,429,63,32,1043,438,3171,761,813,283,295,686,343,3184,945,2084,1096,1448,854,756,7181,529,1859,1335,1409,665,648,6444,754,2387,1542,1089,988,785,7539,712,2166,1483,1149,1203,866,7581,378,1048,1041,1207,1272,821,5769,278,558,438,546,1118,712,3652,163,161,103,92,866,326,1708,5693,11508,7376,7263,8694,5690,46226,2316,745,112,63,2323,952,6502,1758,1368,389,358,1722,853,6453,2799,3892,1515,1659,2338,1805,14006,2007,3713,1865,1690,1882,1490,12659,2553,4476,2107,1390,2656,1720,14907,2419,4133,2116,1547,3258,1834,15305,1303,2314,1672,1697,3105,1727,11821,681,1068,710,815,2196,1280,6744,280,289,159,141
106,3367,632,64,27,3495,831,8419,2665,1199,187,111,2740,751,7650,4739,4510,1018,501,3107,1654,15527,4275,5331,1532,727,2726,1537,16132,4511,5585,1573,644,3262,1505,17085,3706,4956,1700,977,3724,1493,16557,1935,3320,1859,1363,3636,1506,13615,757,1171,771,622,2038,1055,6416,213,231,134,118,772,401,1877,26167,26933,8838,5101,25499,10731,103276,3481,957,117,76,2577,781,7993,2248,1972,606,556,1551,502,7437,2174,4778,2720,3783,1504,1121,16078,1388,5001,3638,4019,1263,1042,16340,1761,6009,3985,2962,1756,1221,17691,1486,4933,3821,3183,2263,1327,17015,796,2573,2842,3101,2814,1571,13703,548,1144,991,1096,2241,1245,7261,326,352,199,168,1621,678,3341,14199,27724,18918,18944,17596,9491,106875,6852,1592,182,109,6071,1615,16410,4912,3176,792,668,4286,1250,15088,6913,9290,3739,4284,4608,2770,31603,5663,10333,5169,4743,3989,2579,32481,6274,11596,5559,3606,5019,2726,34777,5194,9890,5520,4163,5988,2820,33575,2733,5889,4697,4468,6459,3079,27320,1305,2313,1760,1721,4282,2298,13680,536,584,338,290
107,4193,621,64,19,4136,689,9720,4150,1527,212,77,4247,647,10863,6277,4679,861,359,4520,1170,17870,5217,6191,1656,642,3252,1069,18022,5258,6292,1691,699,3735,1221,18897,4213,5436,1767,912,3979,1206,17511,2133,3596,1872,1103,3646,1232,13576,979,1593,822,694,2552,1065,7707,316,392,195,132,1203,493,2721,32736,30325,9134,4636,31273,8799,116898,4387,938,104,57,3137,644,9264,3869,2328,471,341,2391,598,9989,3493,5674,2564,3018,2268,1003,18027,1887,5909,4451,4090,1543,890,18770,2068,6868,4603,3058,1970,1056,19629,1960,5788,4033,3127,2627,1182,18721,958,3041,3100,2950,2985,1427,14464,783,1645,1333,1407,2812,1374,9355,477,568,295,231,2189,858,4612,19887,32752,20957,18286,21918,9033,122829,8580,1556,164,75,7268,1330,18979,8018,3850,680,414,6644,1244,20855,9771,10356,3420,3383,6791,2181,35895,7108,12100,6102,4736,4793,1959,36792,7328,13160,6292,3756,5711,2283,38525,6180,11219,5802,4039,6604,2392,36239,3089,6634,4979,4053,6630,2658,28043,1766,3238,2154,2110,5367,2433,17066,788,957,485,359
108,2414,482,59,23,2230,782,5993,1397,767,131,93,1451,490,4327,2449,2241,581,351,1745,916,8293,2526,3156,1010,610,1694,898,9892,3162,4065,1287,731,2553,1249,13038,3366,4695,1871,1085,3455,1487,15954,2213,4085,2422,1658,4120,1840,16324,934,1589,1097,940,2706,1436,8711,260,392,220,201,1233,712,3030,18725,21477,8672,5696,21188,9809,85557,2437,668,99,69,1749,688,5706,1137,1119,381,395,807,368,4197,1261,2557,1465,2146,855,695,8973,957,3349,2418,2450,896,753,10824,1536,4934,3025,2152,1458,1082,14187,1745,5147,3778,2810,2340,1353,17167,1043,3323,3479,3489,3432,1854,16619,665,1382,1396,1557,2761,1775,9547,395,504,275,256,2193,1102,4718,11162,22978,16315,15317,16491,9666,91932,4853,1145,155,93,3983,1473,11701,2534,1885,511,485,2257,850,8522,3708,4799,2050,2500,2604,1611,17264,3481,6506,3424,3063,2584,1646,20710,4701,9001,4309,2878,4013,2324,27232,5105,9842,5648,3887,5794,2840,33119,3247,7401,5897,5146,7552,3687,32942,1606,2976,2494,2497,5470,3213,18262,663,900,497,455
109,1437,276,32,19,1294,453,3514,1164,547,76,45,1017,343,3184,1975,1735,348,178,1239,576,6053,1825,2009,517,245,1032,569,6199,2015,2317,587,242,1393,707,7264,2022,2324,713,353,1850,826,8087,1137,1623,756,488,1993,917,6909,404,603,373,331,1250,686,3652,119,156,80,60,537,314,1264,12094,11594,3475,1964,11607,5399,46131,1502,427,61,34,974,386,3393,914,924,237,186,556,309,3128,965,1881,1072,1288,605,549,6358,547,1991,1528,1488,543,535,6635,809,2583,1718,1091,754,624,7578,719,2482,1761,1353,1147,773,8236,455,1304,1316,1367,1503,864,6811,287,578,540,567,1317,855,4140,135,197,115,114,947,426,1939,6340,12373,8343,7493,8356,5317,48220,2937,708,95,52,2276,840,6902,2081,1472,311,226,1573,647,6312,2937,3619,1425,1465,1842,1130,12415,2375,4001,2042,1740,1577,1108,12838,2828,4902,2305,1332,2150,1331,14843,2743,4800,2471,1706,3001,1601,16327,1590,2927,2072,1856,3496,1787,13722,691,1185,912,897,2565,1544,7784,253,356,194,171
110,2270,535,77,34,2177,903,5990,1753,965,152,82,1710,564,5234,2948,2817,639,289,2075,1077,9850,2550,3067,939,476,1657,1125,9806,2999,3529,950,459,2288,1221,11444,2810,3338,1058,631,2896,1413,12152,1563,2259,1175,872,2673,1426,9980,631,943,559,508,1612,979,5229,171,168,87,77,630,331,1470,17701,17619,5639,3438,17716,9050,71154,2291,775,133,58,1604,747,5599,1338,1477,437,446,1029,542,5270,1375,2980,1720,2289,1085,913,10370,847,3091,2305,2355,919,929,10454,1173,3973,2608,1788,1270,1147,11957,1185,3633,2549,2033,1636,1246,12279,638,1921,1983,2163,1991,1302,9993,436,881,837,989,1701,1212,6054,253,333,181,162,1220,632,2780,9541,19063,12750,12285,12454,8678,74766,4564,1307,210,92,3776,1649,11589,3095,2445,588,531,2738,1113,10511,4325,5792,2366,2575,3168,1992,20212,3397,6154,3241,2833,2576,2057,20263,4172,7505,3559,2246,3556,2363,23405,4003,6968,3608,2667,4533,2665,24436,2205,4183,3158,3031,4663,2735,19976,1069,1826,1394,1496,3311,2191,11283,423,499,267,246
111,4872,816,75,27,4588,685,11055,5079,1941,281,105,4562,653,12627,8274,6786,1310,518,4942,1305,23140,6209,7768,2047,854,3509,1195,21580,6374,7795,1969,868,4368,1452,22834,5374,7047,2282,1108,4663,1448,21925,2738,4689,2435,1548,4439,1519,17365,1219,1945,1180,802,2847,1265,9251,380,489,285,196,1397,780,3517,40511,39275,11858,6036,35309,10309,143301,4897,1160,145,50,3520,591,10367,4829,3043,632,443,2701,624,12279,5058,7594,3376,3694,2372,1104,23199,2419,7436,5357,4832,1774,936,22753,2809,8723,5323,3376,2370,1129,23735,2674,7515,5008,3474,3198,1362,23227,1316,4003,4160,3913,3883,1633,18906,989,1957,1696,1730,3331,1818,11526,641,786,432,316,2429,1803,6408,25636,42222,26127,21829,25574,11007,152388,9765,1979,218,80,8106,1280,21430,9907,4987,916,547,7264,1281,24899,13330,14385,4682,4220,7316,2408,46339,8631,15203,7400,5684,5286,2127,44331,9184,16525,7295,4247,6734,2583,46563,8041,14556,7292,4580,7861,2807,45143,4057,8691,6588,5461,8320,3158,36273,2204,3900,2873,2536,6173,3090,20775,1022,1274,711,516
112,2945,552,37,25,2562,919,7042,2039,850,132,79,1739,560,5403,3471,2932,667,334,2162,1102,10669,3511,4362,1299,625,2034,1231,13062,4097,5034,1527,735,2719,1566,15674,4044,5653,1840,1033,3562,1885,18015,2184,3819,2092,1259,3590,1706,14655,877,1402,887,748,2406,1259,7585,310,387,217,194,1249,718,3063,23487,24990,8697,5028,22025,10948,95176,3047,745,107,44,1999,790,6731,1739,1311,374,297,971,485,5186,2071,3360,1742,2302,1075,985,11534,1529,4558,3239,3129,1005,1241,14706,2146,6099,3656,2375,1521,1505,17307,2206,6267,4022,2633,2329,1772,19231,998,3186,3111,2867,2865,1683,14705,704,1468,1275,1357,2559,1607,8968,478,497,293,245,2233,1233,4981,14926,27498,17818,15250,16554,11302,103343,5995,1299,142,67,4566,1712,13774,3783,2157,511,378,2705,1054,10593,5546,6294,2412,2632,3235,2085,22204,5048,8918,4533,3752,3043,2476,27770,6243,11136,5183,3112,4241,3070,32981,6250,11918,5868,3665,5888,3660,37248,3186,7006,5197,4127,6455,3385,29358,1585,2874,2161,2098,4961,2869,16550,787,880,506,441
113,2089,403,46,25,2070,661,5286,1656,866,145,64,1621,586,4940,2898,2583,532,251,2059,1183,9501,2373,2830,746,367,1673,1136,9120,2632,3041,817,354,1979,1129,9956,2395,2764,875,434,2338,1158,9958,1305,1631,823,556,2129,1005,7442,549,758,409,368,1340,757,4180,157,170,85,90,616,305,1425,16053,15041,4470,2509,15825,7916,61810,2063,601,93,64,1486,558,4862,1434,1399,340,337,927,387,4821,1433,2756,1513,1971,1080,720,9477,683,2728,2041,2075,816,720,9060,909,3256,2343,1558,1058,814,9933,851,2935,2134,1688,1304,964,9871,526,1466,1450,1622,1586,949,7601,361,762,667,783,1382,930,4883,241,288,153,130,1115,605,2528,8504,16190,10736,10230,10745,6636,63034,4157,1004,138,90,3550,1216,10148,3093,2267,486,397,2550,974,9761,4336,5338,2046,2223,3140,1907,18982,3053,5554,2786,2447,2491,1850,18179,3544,6296,3161,1912,3038,1942,19887,3243,5699,3007,2123,3643,2120,19828,1832,3095,2270,2183,3716,1955,15046,912,1515,1074,1151,2727,1686,9060,399,461,237,223
114,1748,295,33,7,1540,518,4149,1266,540,71,52,1146,390,3456,2085,1800,412,170,1387,806,6668,1915,2504,698,326,1137,790,7371,2344,2927,892,374,1561,853,8951,2356,3252,1248,664,2047,890,10459,1609,2927,1605,1073,2404,1126,10740,689,1211,750,641,1632,876,5793,180,237,142,138,733,420,1843,14192,15700,5842,3444,13587,6668,59435,1917,385,53,36,1326,463,4177,991,807,210,216,551,260,3046,1029,1971,1061,1473,589,485,6606,691,2464,1797,1759,527,530,7765,1088,3412,2213,1487,869,726,9798,1232,3644,2517,1868,1349,897,11510,684,2455,2550,2421,2058,1144,11320,469,1044,931,1060,1709,1057,6275,241,331,179,157,1154,685,2743,8337,16511,11520,10490,10136,6246,63242,3666,688,84,46,2867,984,8322,2257,1346,287,268,1696,647,6505,3110,3772,1477,1646,1980,1289,13270,2602,4964,2491,2085,1661,1322,15139,3432,6336,3103,1865,2432,1577,18747,3590,6895,3758,2535,3395,1794,21971,2289,5386,4154,3492,4458,2271,22062,1158,2260,1681,1701,3349,1930,12069,418,565,315,299
115,4076,581,30,12,3464,465,8631,3168,808,78,34,2995,294,7380,4382,2685,417,150,3098,504,11229,4868,5542,1271,455,2425,628,15195,5131,5984,1455,500,2606,804,16492,3766,4835,1407,596,2456,619,13680,1881,2986,1382,802,2236,571,9857,675,1025,528,397,1233,389,4248,177,216,121,80,603,258,1458,28122,24662,6693,3033,21125,4532,88161,4059,758,64,27,2669,416,7991,3184,1207,185,108,1869,241,6791,2925,3215,1559,1846,1681,505,11728,1540,5182,4132,4198,1331,599,16993,1624,6082,4476,3164,1329,677,17354,1340,4728,3555,2627,1448,568,14264,784,2441,2515,2309,1580,615,10240,443,939,813,817,1211,494,4715,267,333,179,127,1073,569,2541,16161,24890,17471,15220,14193,4689,92620,8134,1339,93,37,6131,880,16623,6350,2010,266,137,4868,535,14165,7308,5903,1972,1997,4778,1010,22958,6407,10721,5408,4656,3758,1231,32188,6760,12067,5929,3667,3942,1481,33842,5106,9562,4962,3222,3910,1188,27940,2665,5430,3890,3117,3815,1188,20102,1114,1969,1336,1211,2444,891,8963,441,547,299,214
116,4551,1117,142,43,5298,982,12132,3887,1476,257,101,5199,942,11857,7937,5719,1128,465,8260,1995,25495,7196,7889,1813,846,6489,1836,26075,5416,6025,1462,684,5869,1553,21004,3899,4359,1256,676,5160,1172,16527,1754,2323,1020,702,3726,944,10468,596,773,401,310,1751,523,4358,147,115,80,51,667,200,1258,35392,29792,7554,3876,42420,10143,129170,4319,1578,238,109,4181,857,11288,3501,2446,600,480,3430,658,11113,4646,6919,3730,4919,5385,1624,27228,2507,6993,4962,5811,4119,1438,25834,2196,6313,4019,3639,3940,1233,21335,1831,4610,3097,2834,3888,1146,17406,922,2254,1806,1920,3264,1091,11251,539,877,661,605,1976,720,5377,212,240,101,87,1375,299,2314,20675,32233,19206,20414,31546,9067,133145,8876,2692,377,149,9486,1841,23419,7391,3924,855,582,8625,1598,22967,12579,12636,4852,5380,13650,3621,52724,9706,14889,6773,6655,10608,3271,51901,7612,12337,5481,4322,9808,2788,42341,5736,8971,4353,3513,9044,2323,33933,2674,4573,2826,2622,6989,2034,21714,1139,1643,1058,923,3725,1247,9736,362,354,178,143
117,1931,406,42,19,3023,765,6194,5105,2034,234,93,7498,2436,17399,18054,9035,975,369,12472,6096,46994,9867,7424,1350,491,5476,3339,27940,5935,5506,1134,395,3969,2407,19344,3526,3717,912,352,3304,1731,13538,1690,2077,673,249,2750,1199,8642,663,758,323,169,1608,740,4263,159,175,61,41,599,280,1315,46935,31124,5694,2175,40701,18996,145631,2297,613,68,31,3115,756,6881,6281,3241,340,155,7546,2225,19788,15633,11041,2159,1627,9411,5209,45084,5831,7333,2821,2359,3139,2404,23881,3218,5294,2417,1322,2153,1584,15986,2131,4007,1810,1084,2197,1394,12624,1061,2255,1365,920,1886,1025,8520,597,883,617,435,1502,761,4790,235,248,122,80,931,498,2111,37288,34913,11724,8009,31880,15849,139665,4232,1021,111,54,6136,1521,13077,11391,5277,575,241,15043,4657,37189,33689,20074,3134,1994,21885,11303,92073,15693,14758,4166,2849,8614,5745,51826,9147,10800,3552,1720,6127,3985,35329,5656,7726,2718,1438,5495,3128,26163,2755,4333,2037,1170,4643,2216,17164,1260,1638,942,601,3102,1502,9046,398,421,186,118
118,2505,359,26,11,3199,636,6741,3638,1160,102,51,4734,1207,10893,10383,4634,494,177,6643,3148,25470,7671,5920,1094,352,3226,2257,20517,5413,4896,1065,339,2711,1729,16142,3634,3578,763,310,2496,1269,12049,2153,2463,807,346,2529,1148,9442,919,1099,421,204,1772,772,5187,344,348,119,91,1000,407,2306,36663,24442,4890,1875,28313,12569,108747,2784,489,44,10,2785,519,6636,4389,1723,219,69,3706,1006,11105,10546,6966,1478,1278,4581,2844,27691,4405,6502,3435,3215,1733,1829,21123,2686,5933,3320,1984,1450,1373,16745,2042,4562,2291,1382,1613,1143,13031,1267,2975,2021,1292,1882,1188,10629,697,1423,929,731,1753,1007,6530,478,550,246,166,1772,831,4037,29286,31120,13982,10129,21266,11753,117535,5291,847,69,23,5976,1157,13370,8022,2880,321,122,8441,2219,21998,20925,11598,1973,1451,11227,5993,53164,12081,12420,4527,3565,4953,4089,41635,8092,10829,4384,2321,4161,3097,32892,5680,8139,3056,1693,4110,2414,25087,3424,5435,2823,1639,4409,2340,20072,1617,2521,1354,931,3524,1779,11718,816,896,368,254
119,5826,1307,118,61,8870,1372,17553,6518,2298,364,144,10541,1458,21322,14428,8926,1518,722,18177,3584,47360,11305,9779,2290,1046,11319,2654,38398,9475,9013,2292,1024,10772,2404,34974,7043,7576,2240,1071,9600,2024,29558,3812,4811,2097,1096,7329,1722,20866,1837,2369,1180,744,4858,1369,12355,617,640,332,235,2503,780,5108,60859,46713,12437,6141,83962,17372,227488,6299,1945,282,101,6861,1240,16732,6441,3555,835,686,7318,1426,20261,9766,10979,4849,6429,12116,3235,47374,4716,10032,6599,8318,7105,2425,39201,4179,10367,6900,6084,6957,2319,36805,3589,8267,5900,4896,6886,1972,31514,1932,4729,4037,3726,5551,1791,21767,1564,2717,2079,1862,4975,1682,14883,862,999,520,357,4272,1304,8313,39347,53580,32015,32458,62032,17401,236840,12121,3252,401,167,15727,2607,34280,12965,5850,1199,831,17853,2883,41586,24192,19901,6372,7151,30293,6819,94731,16019,19808,8891,9371,18426,5082,77600,13651,19377,9195,7107,17726,4724,71779,10627,15844,8140,5965,16489,3996,61067,5742,9544,6131,4827,12879,3514,42634,3404,5088,3256,2603,9834,3056,27238,1483,1635,856,590
120,2800,416,38,16,3147,527,6943,3854,1351,150,75,5108,915,11456,9895,5956,839,306,8818,2397,28205,7290,6802,1455,489,4213,1659,21916,5588,5905,1336,496,3696,1301,18323,3888,4428,1149,479,3376,1060,14384,2109,2676,973,500,2794,803,9855,954,1174,518,275,2080,549,5554,290,296,125,90,1191,261,2259,36667,28992,6585,2730,34433,9478,118885,2996,649,57,8,2623,436,6775,4240,1845,294,121,4014,865,11388,8098,7648,2278,2256,6123,2256,28660,3903,7223,4015,3805,2503,1564,23012,3019,6883,4193,2647,2274,1292,20302,2259,5358,3043,1954,2371,1100,16098,1203,2962,2226,1657,2221,891,11165,740,1386,1062,844,2201,662,6892,444,474,234,171,2103,462,3896,26914,34442,17416,13467,26433,9523,128189,5791,1066,98,26,5774,962,13724,8099,3200,447,193,9123,1784,22842,17990,13601,3120,2564,14938,4652,56865,11199,14027,5474,4294,6719,3222,44928,8608,12790,5525,3141,5970,2592,38627,6148,9783,4201,2433,5746,2159,30476,3318,5636,3204,2155,5006,1694,21016,1695,2559,1575,1117,4288,1216,12447,732,771,361,267
121,5757,610,36,17,5068,660,12144,4864,1293,94,52,3976,618,10897,11216,6510,895,253,6149,1890,26916,10331,10447,2235,713,4533,1684,29935,8843,10047,2226,743,3857,1374,27091,6520,7361,1892,775,3373,1137,21063,3729,5284,2028,843,3009,974,15857,1568,2444,1144,534,2245,651,8585,549,681,329,189,1470,491,3699,53368,44681,10878,4113,33679,9470,156196,5813,795,59,18,4213,567,11465,5201,2007,231,90,3059,668,11258,9250,8838,2660,2663,4577,1917,29900,5104,10100,6510,6706,2861,1634,32918,3954,10496,7196,4825,2266,1372,30116,3255,8282,5272,3050,2346,1180,23393,1769,5244,4512,3019,2501,1152,18195,1024,2408,2026,1647,2432,974,10499,718,974,493,393,2790,1062,6440,36092,49141,28961,22408,27043,10537,174176,11568,1406,95,34,9276,1225,23610,10064,3302,327,144,7036,1281,22159,20463,15343,3558,2915,10722,3813,56816,15439,20545,8747,7417,7390,3317,62855,12800,20545,9425,5570,6121,2745,57205,9780,15647,7164,3826,5722,2321,44459,5494,10522,6539,3858,5508,2128,34053,2590,4850,3166,2180,4677,1625,19085,1267,1658,822,579
122,3487,324,13,6,3190,461,7481,2828,621,69,28,2543,394,6485,6040,3192,402,143,3445,977,14200,6825,6347,1308,402,2556,1091,18525,6197,6587,1456,458,2507,1035,18234,4251,4925,1150,392,2266,861,13842,2376,3379,1303,559,2315,730,10672,971,1547,678,399,1700,673,5965,297,431,189,134,979,419,2456,33277,27353,6566,2514,21510,6627,97849,3560,453,33,11,2482,407,6932,2820,1077,137,66,1588,387,6074,4746,4605,1468,1527,2088,953,15379,2762,6366,4348,4000,1174,1016,19671,2545,7286,4524,2701,1195,915,19163,1961,5470,3253,1709,1376,813,14581,1056,3234,2798,1984,1791,908,11773,699,1502,1223,1031,1755,913,7121,493,591,299,252,1854,1001,4489,20645,30582,18074,13273,15295,7308,105173,7044,777,44,14,5666,864,14412,5648,1698,204,93,4127,781,12554,10786,7793,1873,1669,5534,1926,29575,9590,12713,5657,4404,3729,2104,38197,8741,13870,5983,3157,3705,1946,37397,6216,10398,4401,2098,3643,1671,28419,3433,6619,4100,2539,4108,1638,22440,1668,3055,1896,1425,3452,1583,13078,790,1015,494,388
123,3622,707,76,28,4112,772,9308,3213,1133,168,71,3706,640,8928,5908,4465,785,354,4975,1217,17708,5161,5539,1375,613,3928,1131,17744,4514,5203,1214,579,3752,1007,16276,3578,4339,1256,647,3626,971,14415,1644,2319,1165,770,2868,909,9674,489,688,396,327,1318,553,3776,112,122,60,53,469,276,1090,28245,24518,6498,3438,28747,7480,98925,3832,1055,140,62,2981,729,8803,3035,1946,511,424,2425,575,8917,3381,5449,2743,3676,2819,1184,19256,1844,5469,3867,4210,2246,1041,18683,1757,5686,3733,2890,2347,999,17410,1643,4573,3141,2591,2506,1000,15453,785,2061,1951,1939,2353,969,10047,429,782,576,580,1433,708,4505,200,211,115,78,901,585,2083,16906,27225,16781,16449,20006,7796,105160,7454,1763,218,83,7087,1506,18115,6249,3080,673,496,6125,1217,17847,9288,9916,3527,4030,7790,2404,36961,7011,11007,5243,4827,6178,2171,36430,6276,10886,4950,3468,6102,2003,33690,5221,8910,4397,3235,6129,1971,29869,2428,4374,3115,2707,5220,1878,19726,917,1470,981,907,2754,1260,8285,306,334,172,124
124,4526,872,86,30,4088,769,10372,3983,1288,184,66,3972,790,10285,7118,5326,1008,393,5037,1672,20562,6093,6684,1581,672,3731,1507,20265,5407,6627,1583,657,3841,1372,19488,4526,5925,1690,795,3951,1230,18122,2120,3570,1622,1039,3372,1057,12772,660,1076,614,457,1763,638,5209,159,187,99,83,776,254,1557,34603,31556,8467,4192,30534,9289,118630,4482,1167,169,83,3208,707,9806,3480,2350,569,464,2448,708,10019,3881,6406,3107,4039,2638,1456,21524,2141,6690,4422,4667,1909,1267,21095,2269,7404,4508,3296,2166,1272,20906,2109,6333,4215,3189,2636,1199,19675,995,3039,2810,2708,2824,1204,13582,558,1150,886,918,2096,920,6533,349,357,168,150,1545,452,3017,20260,34894,20845,19516,21464,9182,126160,9006,2038,252,115,7295,1476,20179,7464,3638,754,526,6420,1500,20301,11001,11727,4118,4438,7670,3132,42089,8234,13379,6000,5336,5640,2769,41356,7674,14035,6087,3951,6010,2641,40393,6635,12264,5907,3983,6587,2427,37803,3119,6604,4427,3748,6195,2262,26357,1218,2222,1495,1381,3866,1560,11739,510,540,270,230
125,4409,951,97,50,6250,1054,12809,5129,1876,311,157,8233,1644,17356,12617,8664,1617,671,17240,4481,45289,9182,8901,2151,941,10768,3094,35053,6709,6558,1670,808,8175,2157,26073,4890,5561,1585,833,6721,1708,21299,2412,3380,1488,845,4761,1221,14106,1121,1484,716,491,2907,817,7531,308,328,166,132,1410,416,2761,46784,37704,9794,4935,66463,16595,182276,4461,1441,206,90,4789,873,11862,4567,2743,693,565,5069,1194,14832,7562,9825,4900,6579,10512,3333,42711,3362,7679,5445,6821,5988,2177,31472,2960,7035,4770,4381,5378,1774,26289,2353,5774,4054,3559,4836,1463,22042,1244,3049,2751,2675,3787,1218,14710,928,1507,1230,1100,3112,1025,8903,497,517,281,190,2599,736,4823,27932,39562,24322,25972,46064,13793,177642,8861,2386,302,145,11042,1927,24671,9695,4623,1001,723,13303,2839,32185,20179,18484,6512,7253,27750,7811,87999,12545,16583,7600,7762,16757,5275,66525,9669,13588,6433,5186,13547,3932,52359,7246,11338,5641,4391,11555,3177,43343,3657,6428,4234,3521,8540,2431,28819,2055,2987,1941,1589,6021,1838,16438,802,844,445,322
126,2488,346,21,15,2657,287,5813,2584,850,73,36,3178,337,7067,5046,3218,513,191,4427,755,14151,3965,4210,1054,365,2413,614,12622,3525,3975,962,318,2035,529,11332,2645,3268,966,399,1925,426,9627,1379,2069,897,405,1605,369,6720,591,928,469,243,1256,304,3795,225,274,140,87,852,211,1790,22446,19145,5093,2059,20343,3825,72914,2365,461,34,11,1899,248,5016,2811,1180,158,71,2599,346,7170,3840,3915,1420,1484,3300,745,14699,1800,3884,2716,2745,1552,549,13242,1461,4096,2978,1971,1331,456,12304,1221,3342,2468,1754,1416,462,10656,620,1892,1742,1297,1279,408,7230,472,997,821,714,1418,429,4845,354,414,230,152,1565,428,3141,14934,20178,12566,10194,16360,4072,78304,4850,806,60,22,4554,538,10835,5393,2032,230,114,5777,681,14231,8885,7129,1934,1675,7723,1495,28852,5761,8096,3769,3110,3967,1164,25863,4993,8073,3936,2291,3369,978,23636,3865,6612,3432,2147,3341,888,20279,1993,3957,2642,1697,2884,778,13945,1064,1928,1291,954,2673,733,8639,580,694,370,236
127,4742,1196,137,88,7597,1268,15029,4499,1674,283,148,7410,1199,15205,8067,5009,1009,462,11319,2315,28174,6787,6013,1457,809,9518,2080,26659,6437,6037,1486,864,10026,2079,26931,4889,4881,1409,796,8516,1717,22217,2423,2695,1075,712,5509,1272,13680,983,1080,548,372,3022,799,6809,230,190,114,66,1255,264,2111,39062,28769,7521,4306,64168,12999,156827,4877,1816,280,108,5789,1139,14007,4638,2785,692,495,5020,1041,14665,5339,6909,3268,4446,7811,2188,29957,2757,6678,4584,5820,6787,1985,28617,2687,6745,4790,4826,6433,1870,27349,2355,5380,3827,4028,6125,1680,23386,1314,2693,2143,2312,4474,1307,14236,847,1220,865,816,3384,957,8087,344,306,160,140,2073,417,3432,25154,34539,20603,22984,47888,12578,163744,9620,3012,421,194,13380,2408,29037,9136,4455,975,638,12426,2236,29874,13403,11917,4279,4902,19129,4495,58131,9547,12690,6045,6623,16297,4066,55278,9122,12783,6275,5688,16458,3950,54282,7246,10264,5235,4824,14638,3398,45607,3740,5384,3216,3022,9982,2582,27920,1824,2305,1417,1192,6410,1760,14897,571,494,274,207
128,3047,304,15,13,2984,358,6716,2694,609,66,31,2812,281,6492,5240,3126,436,161,3058,685,12708,5097,5103,1106,366,2197,728,14583,4816,5327,1111,367,2313,707,14637,3816,4624,1218,505,2415,666,13236,1892,2933,1278,634,2265,568,9563,702,1210,630,432,1540,452,4962,242,297,175,129,1037,234,2123,27546,23525,6028,2632,20616,4677,85021,3245,492,35,17,2256,330,6373,2809,1114,137,82,1765,266,6176,3761,4184,1585,1719,1534,699,13476,1891,5069,3566,3312,1001,647,15494,1730,5891,3787,2318,1201,623,15550,1597,4981,3261,2004,1483,639,13966,812,2598,2490,2072,1765,627,10370,530,1147,1033,1016,1737,622,6079,402,501,252,209,2018,444,3824,16781,25964,16158,12747,14771,4890,91312,6292,792,53,29,5239,686,13095,5506,1717,202,112,4579,550,12667,8995,7313,2025,1873,4595,1382,26178,6986,10174,4674,3680,3190,1371,30079,6543,11215,4897,2692,3518,1321,30190,5418,9602,4481,2506,3897,1303,27203,2707,5529,3767,2706,4029,1198,19937,1229,2360,1657,1446,3275,1073,11043,640,803,430,338
197,0,0,0,0,3,0,3,0,0,0,0,0,0,9,0,0,0,0,9,4,11,0,3,0,0,5,7,18,3,0,0,3,14,3,25,0,0,3,3,11,5,22,0,6,0,4,22,6,48,0,3,0,0,6,8,16,3,0,0,0,3,0,3,11,16,3,9,71,41,157,0,3,0,0,6,0,7,0,0,0,0,3,0,4,3,3,0,4,3,5,24,0,0,0,6,11,3,14,0,3,3,0,11,9,31,3,8,5,6,18,9,53,0,6,7,9,33,16,60,0,3,0,0,6,12,24,0,0,0,0,4,0,7,7,23,16,23,90,56,220,0,3,0,0,5,0,12,0,0,0,0,5,0,9,6,3,0,6,12,11,32,3,3,0,6,14,9,34,3,8,3,3,26,10,50,4,9,9,13,28,16,74,0,8,5,16,54,24,108,0,8,0,0,12,19,42,0,0,0,0
199,60,22,3,0,122,73,285,156,69,21,4,326,166,746,292,161,43,23,584,510,1615,194,145,40,22,365,501,1269,154,136,44,29,321,462,1148,138,144,37,26,317,329,986,103,111,51,23,256,177,719,20,12,5,4,67,53,162,0,0,0,0,19,10,32,1122,807,243,131,2373,2284,6958,74,23,8,3,66,53,232,157,92,19,18,199,137,615,243,191,58,65,255,285,1091,96,107,65,54,124,186,629,96,144,62,41,123,183,646,116,143,95,62,173,149,732,59,92,64,32,126,103,477,5,9,11,10,41,40,120,10,0,0,0,22,10,48,856,800,385,278,1123,1150,4590,138,48,13,5,187,124,517,312,158,41,23,520,301,1358,538,348,98,88,836,798,2703,293,248,107,81,483,685,1900,256,283,104,63,443,648,1798,259,288,127,83,484,475,1722,160,200,110,62,387,278,1196,29,27,17,10,109,89,282,10,3,0,0
201,2090,340,35,24,1939,517,4948,1868,851,124,61,1653,417,4971,2916,2457,552,231,1677,701,8530,2588,3097,859,435,1334,727,9046,2728,3418,861,449,1841,932,10223,2422,3133,990,527,2294,937,10317,1303,2087,1075,748,2274,1066,8547,446,788,464,368,1343,701,4100,139,165,92,75,556,257,1291,16512,16330,5058,2921,14900,6258,61973,2119,510,71,49,1487,473,4705,1671,1319,320,250,987,356,4900,1579,2740,1338,1890,826,616,8982,951,2941,2212,2266,696,635,9704,1154,3828,2410,1771,1101,800,11065,1037,3381,2398,1825,1473,910,11020,517,1774,1871,1943,1783,1042,8929,335,711,696,734,1435,873,4783,207,302,143,147,1192,469,2456,9558,17503,11443,10868,10992,6178,66545,4205,849,106,72,3424,992,9654,3538,2169,442,313,2632,771,9873,4494,5204,1889,2116,2504,1312,17520,3541,6043,3069,2703,2038,1359,18747,3886,7246,3269,2218,2940,1735,21290,3459,6509,3393,2353,3770,1852,21334,1825,3858,2944,2690,4057,2107,17469,781,1491,1155,1101,2776,1573,8886,344,471,237,226
202,2018,340,30,12,1805,542,4748,1800,836,111,43,1408,397,4598,2740,2468,508,237,1508,906,8364,2408,3022,889,383,1192,844,8736,2656,3229,872,424,1665,983,9833,2430,3248,1017,497,2017,980,10195,1257,2061,1083,762,1980,982,8128,499,794,478,420,1178,743,4118,146,191,99,103,584,331,1457,15953,16188,5092,2881,13346,6719,60173,2121,500,74,40,1369,525,4627,1608,1307,271,236,883,322,4634,1533,2693,1318,1727,815,657,8738,924,2983,2086,2182,594,706,9480,1227,3769,2301,1602,931,803,10643,1101,3447,2341,1712,1262,896,10756,511,1744,1779,1883,1567,991,8472,329,735,644,812,1322,925,4759,198,271,160,152,1095,631,2500,9557,17451,10982,10335,9834,6439,64603,4138,844,101,51,3174,1064,9372,3410,2143,388,283,2295,716,9235,4274,5157,1826,1958,2319,1560,17108,3331,6000,2974,2560,1792,1553,18211,3884,7003,3176,2028,2595,1790,20471,3530,6694,3357,2205,3278,1882,20946,1771,3801,2866,2645,3546,1971,16603,830,1533,1121,1228,2498,1667,8878,345,456,258,257
203,3681,536,74,24,3682,751,8752,3543,1321,185,59,3157,708,8977,6084,4441,835,345,3429,1500,16643,5338,5869,1492,588,2592,1414,17300,5131,5817,1486,588,3093,1372,17491,4196,5382,1630,726,3562,1291,16783,2306,3731,1708,1007,3463,1376,13587,881,1483,841,624,2143,988,6955,275,388,185,154,1153,508,2667,31437,28974,8423,4124,26277,9916,109156,3971,853,96,40,2700,697,8363,3318,2015,447,296,1818,586,8475,3694,5451,2386,3017,1842,1062,17444,1942,5592,4122,4369,1202,1011,18239,2072,6763,4324,2890,1778,1159,18979,2034,5810,4018,2752,2413,1300,18329,1028,3177,3269,3083,2927,1453,14941,604,1378,1357,1321,2558,1338,8547,395,547,331,267,2253,871,4657,19054,31586,20355,18032,19480,9467,117970,7653,1390,166,67,6386,1447,17118,6860,3335,630,362,4974,1288,17452,9779,9895,3221,3356,5271,2565,34086,7279,11466,5623,4957,3793,2424,35537,7207,12581,5806,3477,4866,2535,36470,6237,11191,5646,3479,5970,2590,35106,3331,6906,4981,4090,6393,2827,28527,1487,2862,2189,1943,4700,2327,15504,673,940,518,418
204,2224,395,47,22,2008,690,5382,1650,790,109,57,1538,437,4583,2754,2368,513,264,1599,817,8309,2494,3161,898,391,1379,885,9220,2999,3796,1076,454,1953,1045,11323,2969,3735,1209,647,2635,1225,12425,1626,2630,1287,968,2692,1238,10432,581,956,509,458,1587,890,4982,190,225,131,94,695,418,1754,17489,18053,5779,3358,16087,7639,68406,2185,528,80,34,1450,634,4909,1211,1054,291,273,729,359,3914,1428,2655,1363,1859,811,686,8811,907,3137,2288,2323,660,755,10058,1266,4341,2625,1755,1107,948,12040,1280,4076,2837,1943,1634,1090,12854,626,2120,2180,2215,1994,1243,10378,401,828,753,944,1629,1023,5576,225,301,192,181,1284,663,2840,9530,19035,12597,11516,11303,7409,71384,4413,925,125,52,3454,1319,10287,2862,1844,398,328,2274,793,8501,4186,5025,1878,2122,2412,1503,17119,3400,6301,3184,2716,2041,1639,19275,4266,8139,3696,2209,3061,1992,23366,4249,7813,4043,2592,4274,2317,25285,2253,4745,3463,3178,4684,2482,20812,985,1784,1262,1402,3219,1919,10558,418,522,319,278
205,3455,572,58,45,2863,1042,8033,2548,1154,207,94,2147,748,6900,4286,3940,870,485,2719,1506,13812,3859,4610,1330,701,2224,1445,14169,4584,5386,1518,763,3305,1788,17348,4371,5867,1976,1125,4203,1939,19485,2555,4276,2329,1748,4540,2181,17619,965,1660,986,848,2648,1530,8637,262,363,190,209,1114,626,2763,26888,27839,9463,6021,25758,12810,108772,3325,811,128,64,2192,874,7394,2002,1788,477,498,1240,640,6639,2089,4214,2316,3488,1345,1153,14612,1242,4471,3371,3744,1154,1185,15166,1850,6215,4200,2933,1822,1557,18570,1925,6162,4627,3547,2659,1883,20800,1028,3345,3776,3939,3495,2092,17673,598,1368,1335,1545,2712,1927,9486,343,454,303,287,2049,1046,4489,14404,28826,20532,20041,18665,12359,114826,6776,1385,181,109,5049,1919,15423,4549,2944,680,587,3386,1387,13540,6379,8159,3186,3975,4065,2665,28423,5101,9084,4707,4442,3377,2633,29340,6437,11599,5715,3696,5132,3345,35918,6295,12024,6600,4676,6864,3827,40282,3587,7618,6106,5685,8030,4275,35293,1559,3034,2320,2397,5358,3459,18127,610,821,491,496
206,4834,966,98,51,5556,1313,12815,10577,4495,475,205,11234,2928,29922,32432,17519,1885,673,17024,8172,77711,16405,13791,2477,853,7077,4537,45141,10512,10220,2239,714,5912,3211,32810,6872,7442,1720,642,5205,2533,24417,3593,4418,1480,583,4583,1914,16573,1502,1773,742,352,3180,1228,8773,462,563,216,116,1664,573,3585,87184,61182,11329,4189,61448,26411,251741,5917,1519,162,59,5669,1423,14754,13523,7113,852,313,10745,3337,35890,30503,23355,4496,3420,12334,8017,82124,10616,14169,6315,5671,4098,4008,44880,6011,11781,5979,3464,3400,2905,33541,4320,9375,4460,2438,3411,2451,26459,2050,5118,3415,2142,3322,1896,17939,1194,2231,1638,1225,3421,1474,11181,605,752,399,231,2734,1069,5790,74749,75410,27710,18966,49129,26585,272543,10748,2490,265,108,11228,2738,27570,24099,11603,1334,518,21983,6268,65808,62942,40874,6382,4095,29355,16191,159836,27024,27959,8788,6525,11174,8549,90017,16527,22001,8213,4177,9315,6120,66343,11192,16817,6178,3082,8615,4985,50874,5642,9539,4897,2719,7906,3810,34506,2696,4001,2376,1577,6603,2704,19956,1070,1314,618,341
207,5572,665,53,25,5291,629,12230,5973,1805,203,97,5978,711,14761,9395,5363,711,246,6845,1375,23938,7284,7124,1462,554,3526,1034,20987,7790,8038,1817,640,3877,1213,23376,5834,6551,1666,653,3485,996,19181,3331,4513,1740,720,3159,881,14340,1610,2473,1089,565,2813,959,9515,539,679,354,213,1682,547,4013,47335,37221,9080,3707,36657,8340,142342,5830,943,75,24,4611,613,12087,6050,2422,293,99,4288,651,13803,7315,6740,2031,2056,4898,1334,24381,3173,6990,5003,5198,2365,997,23716,2966,9032,6501,4439,2372,1110,26420,2467,7337,5072,3117,2431,1036,21461,1441,4501,4201,3115,2723,1159,17148,1089,2560,2174,1850,2958,1280,11908,755,942,621,407,3277,1090,7094,31091,41463,25968,20304,29921,9271,158013,11407,1610,126,44,9898,1234,24314,12019,4230,495,198,10265,1360,28564,16711,12101,2743,2303,11745,2714,48315,10460,14114,6468,5749,5889,2026,44705,10761,17072,8314,5083,6243,2322,49792,8306,13887,6738,3770,5917,2027,40646,4774,9020,5942,3827,5880,2040,31487,2696,5035,3262,2416,5775,2239,21417,1297,1620,973,618
208,5559,479,32,17,5015,688,11790,5276,1451,155,61,5045,755,12743,10123,6136,783,280,6201,1635,25156,9870,9604,1875,575,3891,1571,27381,9724,9811,1929,630,4276,1592,27968,6977,7302,1657,611,4385,1339,22264,3747,4655,1634,651,3959,1161,15806,1516,2113,881,491,2841,1013,8859,565,651,305,223,2035,697,4481,53365,42204,9254,3533,37641,10457,156447,5660,799,61,16,4125,645,11304,5467,2213,299,138,3830,689,12623,8000,8239,2633,2623,3966,1603,27074,4115,9709,6317,6042,2067,1464,29702,4006,11458,7128,4207,2340,1502,30631,3252,8772,5164,2759,2736,1340,24027,1819,5070,4047,2768,3171,1360,18237,1217,2360,1943,1536,3174,1508,11732,876,1093,559,392,3747,1394,8064,34405,49710,28148,20481,29151,11501,173391,11215,1274,95,33,9139,1330,23090,10747,3662,449,196,8875,1441,25368,18127,14369,3416,2905,10169,3238,52231,13985,19309,8190,6617,5955,3034,57088,13730,21267,9057,4834,6613,3093,58600,10227,16077,6824,3372,7120,2674,46291,5567,9723,5678,3422,7128,2527,34044,2732,4469,2828,2028,6011,2521,20587,1437,1749,868,616
209,6062,857,90,49,6760,1190,15007,6110,2072,282,124,7374,1154,17111,12822,8942,1489,639,11231,2650,37769,11016,11121,2494,978,7460,2232,35302,9184,9987,2256,865,7315,2068,31682,6740,7773,2095,891,6710,1708,25916,3376,4704,2037,1120,5416,1647,18297,1456,1883,1079,664,3421,1215,9718,422,441,220,161,1609,579,3427,57181,47777,12052,5485,57291,14445,194224,6331,1338,167,59,5135,1144,14170,6382,3295,695,413,4887,1077,16738,8275,11026,4535,5594,6707,2513,38654,4084,10869,7443,7975,4130,1966,36458,3667,11203,7233,5323,4354,2031,33805,3091,8529,5774,4329,4602,1791,28117,1545,4346,4039,3647,4520,1845,19953,1117,2083,1742,1566,3646,1598,11750,555,707,377,256,2635,1098,5632,35056,53392,32004,29156,40611,15061,205282,12402,2191,255,102,11892,2334,29178,12495,5361,979,538,12259,2224,33852,21096,19967,6020,6234,17939,5162,76421,15096,21989,9939,8953,11588,4204,71765,12852,21190,9492,6185,11665,4095,65482,9832,16304,7866,5216,11309,3502,54028,4921,9051,6080,4770,9938,3496,38246,2571,3969,2820,2226,7069,2811,21466,976,1154,594,417
210,4273,776,79,46,5629,1083,11887,4136,1455,224,73,5886,983,12753,8567,6017,1088,447,9340,2184,27632,7061,7164,1725,752,6656,1822,25176,6413,6462,1612,655,6768,1698,23610,4327,4837,1400,665,5370,1388,17990,2129,2853,1234,752,4341,1289,12600,999,1346,696,533,2736,960,7262,298,365,147,140,1236,398,2587,38211,31268,8197,4050,47964,11809,141503,4367,1266,173,72,4404,953,11237,3855,2334,545,442,3717,777,11668,5152,7161,3304,4472,5577,1904,27571,2559,7092,4652,5873,3926,1633,25726,2533,7350,4930,4082,4198,1565,24652,1923,5227,3744,3042,3789,1397,19115,1072,2791,2507,2544,3730,1475,14124,828,1531,1163,1174,3014,1227,8940,425,475,260,215,2052,627,4063,22703,35232,21291,21917,34408,11554,147096,8638,2040,254,120,10035,2035,23121,7994,3787,769,512,9606,1761,24425,13723,13173,4393,4919,14913,4082,55208,9620,14253,6378,6623,10577,3456,50908,8944,13814,6537,4736,10967,3263,48264,6250,10060,5145,3701,9158,2788,37105,3203,5646,3744,3295,8071,2760,26721,1821,2882,1859,1705,5750,2185,16209,723,845,408,353
211,7731,903,58,26,6670,987,16382,6799,1796,199,74,6284,787,15936,11858,8147,1379,513,7561,1593,31044,10773,11504,2630,985,5399,1637,32923,11072,11869,2621,976,5915,1754,34209,8615,9818,2650,1112,6116,1640,29952,4161,6363,2816,1550,5351,1560,21803,1602,2463,1329,849,3342,1223,10807,478,508,253,190,1784,623,3840,63094,53366,13943,6273,48418,11804,196894,7926,1247,139,42,5178,897,15434,6626,2949,506,337,3857,641,14911,7711,9716,4093,4954,4334,1576,32387,3903,11127,7701,7874,2745,1502,34854,4127,13475,8786,5638,3257,1647,36924,3592,11035,7427,4891,3871,1631,32439,1744,5727,5563,4842,4560,1837,24276,1126,2299,2052,1990,3881,1796,13136,661,780,427,292,3420,1218,6801,37414,58351,36698,30851,35097,12755,211158,15655,2151,203,68,11848,1886,31809,13427,4745,705,410,10135,1427,30848,19566,17862,5477,5464,11896,3167,63435,14671,22632,10336,8861,8137,3139,67780,15199,25343,11405,6607,9173,3406,71134,12204,20852,10076,5997,9985,3274,62391,5909,12087,8380,6394,9910,3398,46081,2723,4758,3380,2835,7221,3018,23943,1136,1290,685,488
212,9930,1971,191,93,11794,1984,25975,10168,3765,476,227,14039,2081,30759,18683,12503,2273,967,19757,3990,58168,15594,15301,3561,1534,13417,3374,52776,13371,14000,3263,1441,12600,3092,47774,9664,10507,2861,1359,10745,2554,37692,4877,6504,2789,1589,8309,2303,26360,2264,2931,1485,980,5152,1874,14688,593,663,306,257,2478,750,5048,85140,68148,17212,8446,98297,22007,299248,10191,2692,335,142,9089,1680,24123,9322,5418,1203,847,9254,1690,27727,11025,14922,7269,9029,12377,3595,58222,5594,14589,10243,11476,8102,2845,52854,5237,15328,10036,7675,7757,2782,48805,4180,11358,7887,6120,7589,2526,39657,2280,6278,5588,5119,7151,2571,28990,1652,3008,2380,2239,5671,2276,17225,784,926,512,360,4298,1375,8254,50250,74519,45453,43013,71293,21338,305863,20119,4668,528,238,20878,3663,50095,19488,9184,1674,1074,23300,3776,58490,29704,27422,9537,9997,32137,7580,116387,21187,29893,13804,13011,21520,6216,105635,18606,29329,13298,9118,20359,5872,96584,13842,21859,10754,7483,18332,5084,77349,7155,12780,8379,6708,15459,4874,55358,3919,5938,3868,3222,10819,4155,31914,1375,1587,816,620
213,8048,1723,212,93,9951,1944,21967,8486,3333,498,226,11294,2370,26202,19573,13913,2486,1059,19803,5628,62461,16602,16796,3933,1769,14154,4438,57686,12078,12785,3014,1440,12252,3493,45061,8365,9018,2518,1295,10612,2736,34544,3709,4822,2144,1359,7784,2305,22132,1454,1781,837,615,3781,1527,9988,376,328,157,124,1569,593,3156,78704,64507,15793,7981,91194,25024,283202,8412,2370,316,134,7872,1789,20898,7885,4825,1195,815,7319,1861,23892,12176,16859,7761,10043,12697,4545,64081,6374,15996,10339,12027,8613,3677,57022,5048,14253,8679,7147,7733,3106,45971,3832,9901,6677,5779,7657,2717,36570,2023,4611,3841,3977,6124,2536,23107,1247,2043,1473,1357,4295,1791,12204,528,597,278,230,2861,1041,5539,47537,71455,40567,41510,65163,23051,289288,16466,4096,533,228,17820,3733,42871,16369,8157,1691,1039,18611,4230,50091,31755,30775,10244,11106,32501,10171,126540,22979,32793,14266,13795,22762,8110,114709,17129,27044,11696,8589,19987,6596,91031,12197,18925,9198,7076,18272,5449,71110,5739,9431,5984,5334,13902,4841,45235,2700,3822,2308,1980,8074,3319,22199,908,925,432,359
214,3723,456,45,22,3645,800,8695,3160,946,126,68,3259,593,8169,5717,3990,759,305,3516,1130,15407,5703,5871,1409,539,2879,1217,17610,5867,6358,1512,564,3578,1408,19290,4741,5551,1448,645,3895,1370,17647,2782,4129,1921,1025,3884,1457,15208,1097,1801,951,666,2685,1274,8482,331,431,223,187,1280,602,3054,33133,29540,8387,4027,28627,9847,113561,3981,709,98,40,2768,674,8262,3018,1687,359,302,1851,541,7747,3403,5110,2334,2845,1792,1080,16562,2061,6141,4049,4114,1343,1170,18877,2505,7533,4560,2884,1985,1328,20793,2229,6635,3937,2732,2538,1388,19457,1294,3970,3778,3145,3469,1747,17406,788,1596,1464,1418,2892,1718,9878,434,560,287,232,2241,969,4721,19713,33944,20862,17711,20876,10599,123705,7705,1162,138,63,6412,1473,16958,6177,2631,488,372,5111,1132,15920,9121,9099,3091,3155,5310,2210,31974,7758,12012,5457,4659,4220,2382,36487,8375,13896,6074,3445,5562,2731,40081,6971,12181,5385,3378,6437,2750,37104,4080,8100,5696,4173,7354,3203,32608,1885,3405,2418,2086,5582,2987,18360,758,990,514,414
215,1979,376,42,22,1684,613,4716,1451,726,109,55,1255,434,4026,2393,2158,510,293,1834,1040,8228,2137,2358,748,350,1399,932,7916,2588,2930,767,407,2098,1133,9933,2566,3063,931,481,2601,1200,10849,1323,1909,962,724,2486,1251,8657,590,839,535,391,1514,910,4780,197,224,127,107,756,382,1789,15232,14587,4729,2828,15630,7887,60891,1913,551,78,40,1219,579,4381,1104,1056,293,279,722,347,3792,1139,2270,1230,1815,974,724,8149,654,2341,1911,1961,705,679,8259,906,3319,2358,1601,1124,866,10179,889,3045,2240,1798,1541,1058,10565,481,1504,1720,1855,1798,1171,8529,377,765,744,841,1756,1092,5575,244,337,216,195,1387,650,3034,7711,15188,10793,10398,11212,7162,62466,3894,927,119,63,2901,1191,9101,2558,1780,400,329,1977,782,7825,3533,4435,1738,2113,2807,1756,16382,2792,4690,2659,2308,2108,1609,16175,3494,6250,3123,2015,3226,2004,20112,3459,6110,3168,2281,4139,2255,21405,1803,3412,2688,2582,4282,2420,17186,965,1609,1277,1238,3268,1998,10355,445,562,345,296
216,1838,282,34,15,1664,551,4388,1211,530,89,60,1257,331,3473,2135,1821,395,190,1585,730,6865,1969,2111,588,303,1420,728,7124,2233,2565,638,296,1876,901,8508,2144,2407,669,386,2166,894,8672,1186,1622,791,557,2126,1061,7338,523,670,376,348,1396,803,4123,119,170,91,62,616,308,1372,13370,12187,3679,2224,14109,6302,51868,1721,431,64,32,1236,497,3989,961,810,258,244,689,268,3233,1111,2064,1072,1504,830,624,7201,622,2224,1547,1771,739,590,7501,862,3030,1953,1301,983,733,8852,813,2594,1867,1353,1354,850,8816,429,1328,1430,1493,1596,1053,7341,315,608,571,698,1390,913,4495,170,199,143,122,1061,518,2213,7004,13280,8913,8519,9879,6049,53639,3561,710,101,48,2902,1054,8377,2174,1337,349,295,1942,601,6706,3247,3886,1470,1700,2418,1355,14067,2592,4343,2140,2077,2162,1316,14628,3095,5591,2592,1597,2861,1630,17361,2955,5004,2533,1740,3518,1739,17490,1613,2949,2221,2054,3723,2115,14681,837,1283,949,1044,2790,1709,8616,294,372,237,182
217,1644,270,22,14,1540,471,3961,1201,573,82,39,1184,316,3392,1998,1709,369,180,1293,520,6065,1949,2173,611,277,1108,535,6667,2251,2726,685,304,1551,784,8305,2123,2716,832,400,1864,836,8772,1184,1683,826,607,1897,920,7115,440,654,363,345,1095,686,3585,134,142,84,82,545,284,1270,12925,12655,3871,2241,12078,5362,49132,1667,414,45,25,1066,458,3680,955,823,244,199,545,254,3015,968,1833,985,1416,600,435,6232,595,2021,1631,1744,474,494,6960,807,3088,2059,1424,799,660,8831,777,2707,2056,1577,1174,810,9101,426,1310,1502,1585,1411,905,7140,272,618,593,711,1266,868,4321,182,257,156,131,1046,483,2260,6655,13069,9269,8806,8381,5361,51535,3310,679,66,35,2609,932,7635,2153,1395,327,234,1729,561,6408,2971,3539,1353,1595,1894,951,12295,2548,4197,2246,2023,1585,1032,13624,3057,5813,2738,1730,2350,1444,17133,2897,5429,2892,1974,3035,1651,17876,1609,2990,2319,2192,3313,1826,14254,712,1278,958,1047,2360,1552,7910,315,396,241,217
297,0,0,0,0,0,0,0,0,0,0,0,0,0,0,0,0,0,0,0,0,4,0,0,0,0,0,0,3,3,3,0,0,3,0,11,0,0,3,0,8,0,5,0,0,0,0,0,0,0,0,0,0,0,0,0,0,0,0,0,0,0,0,0,3,3,3,0,11,3,27,0,0,0,0,0,0,0,0,0,0,0,0,0,0,0,0,0,0,0,0,0,0,0,0,0,0,0,0,0,0,0,0,0,0,0,0,0,0,0,0,0,0,0,0,0,0,0,0,0,0,0,0,0,0,0,0,0,0,0,0,0,0,0,0,0,0,0,0,0,4,0,0,0,0,0,0,0,0,0,0,0,0,0,0,0,0,0,0,0,0,4,0,0,0,0,0,0,3,3,3,0,0,3,0,11,0,0,3,0,8,0,5,0,0,0,0,0,0,0,0,0,0,0,0,0,0,0,0,0,0
299,37,17,0,4,77,44,180,94,50,11,3,168,118,447,212,122,23,16,363,315,1052,132,83,18,15,217,349,813,103,57,19,19,193,242,628,83,69,20,12,138,134,460,48,40,20,11,106,60,283,12,4,7,0,34,21,72,0,0,0,0,8,0,9,715,443,117,80,1298,1293,3942,45,22,5,7,61,40,178,133,66,21,12,121,105,453,181,140,46,54,172,195,795,77,88,37,49,79,146,479,62,74,30,25,70,87,347,39,70,38,32,89,81,352,21,37,23,20,59,40,204,3,6,7,4,10,16,49,3,3,0,0,14,12,28,567,509,208,198,668,721,2883,82,37,10,5,133,90,357,225,109,26,15,293,227,898,391,266,76,68,530,512,1848,209,178,60,63,294,497,1295,160,134,47,38,266,331,975,123,145,57,46,230,214,816,66,75,42,36,159,98,482,16,14,15,3,46,36,121,3,3,0,0
301,3719,511,34,16,2861,408,7547,2744,920,84,52,2242,289,6331,4495,3462,656,204,2624,660,12096,4612,5207,1211,446,2208,813,14490,4781,5630,1252,447,2594,879,15592,3774,4600,1302,511,2760,864,13811,1763,2847,1557,831,2537,749,10285,662,1014,595,443,1571,610,4899,171,243,116,87,722,381,1719,26714,24433,6818,3033,20119,5665,86776,3634,728,69,23,2161,387,7015,2436,1423,308,233,1313,279,5989,2598,4276,1856,2129,1272,607,12745,1895,5528,3490,3135,1031,658,15726,2230,6695,3799,2059,1362,716,16863,1726,5041,3157,2202,1832,761,14726,803,2570,2448,2337,2110,836,11095,511,1021,881,885,1647,864,5813,308,333,182,168,1315,676,2985,16147,27613,16198,13164,14045,5783,92945,7354,1243,101,42,5024,791,14560,5179,2344,396,285,3553,568,12324,7091,7734,2518,2333,3899,1265,24839,6503,10735,4701,3574,3234,1467,30218,7009,12326,5047,2507,3961,1599,32454,5503,9646,4457,2713,4596,1624,28539,2562,5416,4002,3171,4646,1585,21383,1171,2039,1479,1325,3220,1482,10711,483,579,302,249
302,2702,420,44,18,2232,339,5761,2914,1119,144,55,2311,501,7045,5947,4734,829,280,3300,1098,16190,4689,5313,1252,491,2275,881,14902,3979,4655,1097,443,2263,787,13227,2847,3572,990,447,2166,611,10625,1368,2090,1035,568,1893,529,7481,535,956,544,365,1370,454,4229,210,238,145,109,743,316,1761,25189,23097,6075,2784,18560,5507,81219,2806,648,69,33,1765,301,5620,2930,1741,323,173,1482,443,7097,4157,5635,2043,2064,1907,1002,16802,2252,5409,3092,2790,1196,730,15469,2083,5294,2784,1724,1305,695,13887,1624,3959,2341,1490,1489,629,11529,703,2051,1854,1661,1718,608,8600,490,1024,908,901,1710,786,5819,374,431,207,170,1435,817,3436,17421,26192,13625,11003,13998,6005,88246,5508,1070,114,44,3996,635,11375,5843,2862,467,230,3790,940,14139,10107,10366,2873,2342,5200,2099,32991,6937,10723,4347,3274,3473,1612,30370,6062,9943,3882,2169,3576,1480,27109,4470,7530,3333,1938,3652,1235,22159,2072,4140,2888,2234,3605,1137,16081,1025,1987,1449,1268,3082,1239,10049,582,670,351,283
303,4871,883,83,30,4090,716,10672,5880,2263,255,100,5798,988,15282,10837,7467,1269,453,8502,2031,30554,7577,8361,2022,731,4505,1384,24577,6006,7133,1689,640,3751,1226,20452,4330,5140,1517,642,3438,980,16045,1993,3184,1365,787,2696,814,10829,793,1198,677,504,1833,599,5601,263,313,152,115,1000,316,2164,42550,35944,9043,4002,35611,9048,136193,4978,1249,156,48,3241,574,10241,5704,3219,530,279,4298,899,14926,7818,8839,3234,3406,5702,1830,30830,3429,7995,4986,4737,2553,1228,24930,2923,7803,4601,2985,2332,1136,21778,2171,5739,3726,2583,2408,904,17534,1022,2773,2598,2252,2338,874,11865,687,1274,1104,1081,2122,808,7083,443,505,264,194,2181,562,4150,29166,39397,21205,17571,27177,8823,143334,9848,2132,241,75,7332,1291,20916,11582,5481,790,377,10095,1881,30212,18658,16305,4502,3861,14204,3859,61384,11004,16353,7011,5476,7056,2616,49505,8932,14933,6289,3632,6078,2367,42229,6497,10880,5247,3223,5847,1887,33576,3017,5957,3961,3038,5033,1687,22699,1477,2478,1787,1582,3951,1411,12682,701,819,415,306
304,3504,476,37,17,2488,318,6841,3607,1293,153,41,2780,421,8295,4304,3198,502,169,2241,574,10982,3771,4643,1104,398,1385,564,11863,3589,4557,1073,299,1357,556,11436,2583,3521,907,354,1209,454,9027,1380,2360,1056,496,1240,359,6890,447,860,483,294,737,305,3123,166,218,106,71,437,237,1228,23347,21125,5417,2145,13872,3780,69686,3711,676,62,12,2180,277,6918,3572,1673,206,101,2145,433,8124,2900,3662,1314,1399,1284,536,11098,1532,4512,3010,2747,783,465,13048,1506,4955,3003,1843,688,482,12475,1157,3798,2406,1361,757,413,9885,578,2049,2019,1589,919,425,7579,321,805,724,669,826,503,3841,263,290,199,132,801,681,2375,15540,22413,12942,9850,10384,4216,75348,7211,1155,100,37,4666,597,13755,7175,2963,357,147,4927,857,16427,7206,6858,1822,1564,3519,1111,22084,5302,9155,4113,3148,2165,1027,24914,5098,9509,4074,2141,2046,1033,23908,3739,7317,3309,1713,1972,866,18916,1963,4409,3074,2079,2166,780,14470,763,1660,1206,962,1563,808,6968,430,505,302,210
305,3076,536,40,18,2401,472,6545,5335,2173,214,70,4177,1178,13145,11845,7050,863,290,6355,2850,29254,6644,6266,1243,400,2819,1737,19102,5160,5562,1190,374,2387,1576,16244,3387,3627,919,343,2122,1138,11539,1486,1975,768,324,1643,775,6977,465,694,341,184,879,426,2995,132,158,70,59,415,212,1051,37534,28038,5656,2070,23195,10363,106851,3457,815,73,31,2245,521,7140,5987,3288,426,158,3454,1133,14448,9701,8542,1963,1596,4106,2608,28513,3715,6042,3153,3001,1338,1442,18699,2603,5883,3057,1764,1094,1164,15558,1843,4260,2118,1124,1109,990,11448,738,1963,1511,1033,1163,697,7102,353,706,611,449,878,487,3477,237,310,180,115,858,543,2242,28626,31816,13098,9272,16245,9579,108640,6532,1348,116,51,4649,994,13691,11324,5458,638,230,7637,2309,27589,21545,15599,2822,1886,10456,5453,57771,10358,12308,4397,3407,4153,3178,37802,7764,11440,4249,2138,3475,2738,31800,5236,7891,3044,1468,3229,2127,22992,2224,3947,2283,1356,2810,1472,14081,813,1404,952,628,1757,912,6469,372,471,251,172
306,3057,700,82,48,2544,984,7422,2308,1105,181,105,2087,791,6574,4275,3744,818,450,3296,1808,14383,3912,4775,1305,693,2711,1686,15080,4137,5350,1552,724,3171,1997,16939,3398,4858,1459,889,3467,1815,15880,1721,2905,1471,1073,2978,1599,11737,580,929,540,563,1668,937,5215,148,178,82,77,640,308,1425,23533,24548,7483,4611,22558,11920,94652,2907,914,139,77,2105,902,7034,1938,1676,384,395,1377,753,6529,2809,4555,2036,2395,2182,1722,15707,1983,5228,3246,3207,1659,1635,16954,2139,6288,3414,2176,1926,1696,17635,1818,4918,3025,2264,2150,1652,15820,770,2121,2124,2278,2065,1445,10804,400,780,649,839,1484,949,5099,206,247,156,122,1098,473,2298,14967,26728,15162,13752,16049,11223,97882,5964,1615,222,126,4645,1883,14457,4244,2783,564,500,3465,1545,13106,7084,8298,2849,2846,5475,3530,30090,5894,10006,4548,3906,4371,3319,32035,6283,11631,4969,2903,5101,3694,34573,5221,9767,4482,3146,5615,3463,31700,2488,5030,3593,3344,5040,3042,22538,980,1708,1185,1399,3150,1885,10311,352,425,230,193
307,1640,397,46,27,1382,535,4035,1168,621,112,65,1058,333,3355,2073,1847,429,225,1490,810,6869,1910,2120,591,319,1355,769,7065,2152,2517,686,412,1790,971,8540,1946,2307,760,454,2125,1002,8583,1061,1573,828,728,2022,1030,7245,430,657,357,396,1123,644,3606,93,127,64,66,448,233,1025,12470,12172,3870,2691,12795,6321,50315,1454,543,97,56,950,475,3573,786,913,314,363,528,279,3174,872,1903,1153,1836,623,600,6984,608,2165,1609,1894,573,680,7525,770,2674,1912,1415,821,777,8370,664,2310,1747,1657,1096,845,8319,373,1205,1339,1670,1275,914,6772,264,553,488,709,1039,650,3703,125,175,102,99,791,360,1661,5914,12437,8758,9702,7694,5578,50080,3087,941,147,91,2335,1010,7607,1951,1538,419,427,1582,617,6530,2939,3750,1581,2066,2116,1403,13850,2516,4283,2199,2214,1930,1451,14588,2923,5197,2604,1825,2615,1745,16907,2612,4614,2507,2112,3216,1846,16900,1432,2783,2167,2392,3292,1943,14013,697,1211,842,1105,2165,1288,7311,217,301,167,168
308,3145,748,88,46,2441,810,7277,2364,1389,227,114,2052,795,6941,4438,4305,1009,502,2922,1824,14999,3831,4639,1260,599,2609,1781,14723,3980,4831,1269,623,3139,1972,15811,2995,3889,1454,832,3248,1565,13982,1255,1999,1122,935,2357,1068,8735,466,705,467,434,1279,730,4090,127,153,81,71,487,281,1202,22596,22655,6978,4163,20540,10819,87751,2966,992,156,90,1825,812,6846,1783,1923,539,598,1088,612,6539,2094,4368,2435,3624,1297,1222,15043,1227,4377,3104,3289,1144,1190,14331,1561,5227,3151,2374,1502,1334,15154,1131,3604,2735,2438,1606,1131,12632,505,1463,1673,1961,1651,1019,8267,349,682,607,782,1344,847,4610,186,208,117,109,850,485,1960,11799,22853,14506,15261,12304,8655,85375,6110,1741,250,137,4268,1620,14123,4145,3308,767,714,3140,1409,13476,6537,8677,3445,4127,4219,3046,30046,5056,9021,4365,3891,3750,2967,29052,5542,10058,4420,2994,4635,3303,30962,4125,7491,4181,3266,4854,2693,26615,1759,3462,2791,2899,4007,2088,16999,815,1387,1075,1216,2628,1577,8700,312,364,194,183
309,7575,1258,140,60,6977,1691,17701,6928,2632,369,150,6815,1715,18611,13400,9208,1567,717,9150,3548,37585,11895,11866,2775,1146,7013,3157,37858,11224,11618,2736,1122,7265,3173,37138,8343,9169,2496,1159,7249,2881,31290,4689,7017,2979,1643,7477,2711,26511,1780,2682,1398,934,4388,1854,13041,474,515,265,214,1925,1064,4457,66315,55960,14718,7131,58259,21798,224184,7913,1865,236,92,5714,1512,17333,6928,4433,885,652,4564,1705,19170,8807,11922,4908,5563,5230,3460,39888,5171,12957,8204,7771,3528,2938,40563,5589,14351,7981,4956,4219,3079,40177,4595,11606,6581,4249,5052,2934,35028,2316,6484,5704,4763,6098,2849,28220,1263,2450,1962,1883,4481,2529,14572,736,723,406,313,3340,1896,7405,43317,66791,36865,30250,42226,22908,242352,15487,3123,374,154,12693,3198,35031,13854,7066,1251,802,11375,3420,37774,22207,21131,6477,6279,14379,7010,77481,17064,24825,10980,8914,10535,6095,78423,16813,25968,10716,6076,11489,6254,77318,12936,20781,9074,5404,12300,5817,66311,7003,13494,8686,6406,13574,5561,54729,3044,5131,3356,2819,8869,4387,27614,1214,1232,664,523
310,4620,1146,146,59,4167,1274,11409,3930,1759,288,166,3733,1406,11285,6927,6037,1322,615,5111,3061,23079,5749,6659,1848,824,4141,2544,21763,5345,6324,1596,839,4533,2115,20748,3799,4751,1577,894,4240,1625,16882,1692,2549,1514,1123,3214,1333,11430,625,935,601,529,1794,855,5336,178,195,117,106,646,306,1548,32865,30358,9006,5150,31575,14518,123476,4419,1507,256,118,3289,1047,10634,3261,2833,846,793,2337,1009,11074,3992,7091,3599,4515,3033,2063,24293,2369,6857,4310,4369,2502,1664,22070,2557,7136,4078,3044,2788,1660,21267,1788,4809,3417,2801,2796,1388,16998,855,2250,2281,2481,2582,1353,11795,538,976,830,905,1896,967,6115,273,314,162,126,1157,530,2567,20050,33768,19783,19147,22377,11688,126812,9035,2649,402,173,7458,2324,22040,7193,4592,1129,959,6069,2413,22352,10918,13132,4922,5129,8142,5127,47373,8117,13518,6164,5195,6641,4208,43836,7899,13461,5680,3877,7324,3771,42017,5587,9561,4990,3692,7036,3011,33882,2547,4800,3796,3606,5794,2687,23230,1164,1910,1430,1427,3692,1821,11449,456,513,279,230
311,4609,1099,147,61,4514,1053,11479,3887,1678,297,122,4202,881,11072,6791,5566,1162,563,5547,1816,21452,5995,6592,1659,781,4369,1662,21062,5455,5904,1502,708,4609,1659,19844,4073,4832,1545,753,4312,1334,16853,1892,3079,1553,1023,3571,1251,12362,610,915,526,422,1653,706,4836,147,154,56,82,733,232,1392,33452,29813,8449,4521,33520,10598,120357,4381,1533,258,121,3558,982,10842,3146,2616,816,787,2485,828,10671,3605,6600,3363,4229,3151,1705,22644,2421,6727,4379,4379,2530,1488,21926,2548,7151,4119,2954,2795,1546,21108,1881,5202,3659,2807,2961,1421,17936,926,2586,2466,2520,2990,1236,12726,481,871,676,730,1900,841,5501,211,207,98,77,1357,333,2288,19602,33489,19837,18608,23732,10378,125648,8988,2630,408,185,8070,2039,22321,7031,4294,1114,911,6684,1713,21741,10396,12164,4523,4793,8699,3520,44097,8419,13318,6039,5168,6899,3154,42990,8003,13056,5619,3659,7405,3200,40948,5950,10042,5204,3560,7281,2760,34791,2817,5666,4023,3541,6563,2487,25090,1097,1786,1202,1152,3557,1548,10337,356,362,155,161
312,2191,501,75,18,1700,649,5135,1717,922,163,79,1506,700,5083,3680,3364,698,357,2427,1926,12448,3197,3612,885,471,2078,1735,11975,3161,3812,970,439,2536,1770,12677,2380,3062,976,584,2642,1495,11145,994,1468,811,642,1919,982,6824,296,528,308,301,984,528,2951,76,112,43,50,384,163,830,17699,17368,4926,2952,16181,9947,69072,2111,666,112,55,1318,560,4814,1354,1392,404,381,914,579,5033,1783,3444,1862,2752,1171,1244,12258,1078,3423,2351,2504,912,1003,11278,1217,3961,2419,1777,1206,1078,11667,855,2859,2058,1790,1310,935,9815,365,1044,1241,1404,1255,784,6096,257,468,381,547,917,553,3130,122,154,91,80,666,228,1336,9152,17414,10925,11292,9676,6967,65432,4301,1164,183,73,3022,1211,9955,3076,2315,565,460,2421,1280,10115,5462,6803,2564,3108,3596,3169,24705,4276,7035,3242,2976,2993,2733,23252,4379,7770,3385,2222,3744,2849,24347,3243,5919,3042,2375,3956,2430,20965,1361,2518,2054,2047,3180,1768,12926,556,999,691,851,1901,1083,6078,198,265,137,136
313,3333,687,93,34,2780,719,7645,2516,1054,171,93,2380,702,6910,4044,3438,715,371,3011,1332,12914,3938,4381,1110,596,2612,1273,13907,4207,4779,1293,650,3121,1241,15283,3340,4122,1320,757,3381,1226,14148,1921,3226,1731,1185,3424,1374,12863,701,1237,766,524,1995,993,6225,219,251,123,110,747,601,2054,24224,23174,7316,4321,23450,9461,91942,3327,973,130,94,2189,580,7305,2037,1674,559,510,1455,486,6728,2134,3958,2141,2731,1609,934,13505,1560,4880,3043,3131,1406,998,15017,2065,5849,3268,2356,1785,1050,16372,1745,4641,3150,2566,2341,1178,15615,950,2838,2793,2868,2904,1406,13753,548,1086,991,1011,2100,1296,7039,282,318,171,147,1227,1084,3226,14660,26213,16252,15410,17016,9020,98562,6665,1658,221,130,4975,1299,14947,4561,2731,736,607,3834,1186,13644,6181,7400,2858,3101,4617,2265,26424,5502,9259,4145,3725,4013,2274,28922,6269,10625,4559,3004,4905,2286,31653,5087,8759,4474,3320,5721,2403,29763,2867,6060,4523,4053,6331,2780,26616,1251,2328,1757,1540,4098,2291,13265,501,568,292,253
314,3188,547,46,19,2472,347,6618,2601,998,124,60,2033,345,6161,4613,3668,724,316,2432,783,12539,4444,5265,1260,502,1946,781,14202,3993,4937,1132,372,2010,724,13166,2496,3484,1039,475,1780,522,9797,1157,2038,1056,651,1618,487,7017,376,546,357,295,727,315,2621,92,104,48,41,308,168,759,22969,21589,5790,2733,15325,4483,72884,3257,732,84,29,1902,349,6354,2279,1592,403,342,1235,300,6153,2553,4452,2122,2618,1285,708,13735,1730,5367,3380,3136,937,634,15181,1706,5503,2974,1910,1068,604,13776,1160,3541,2340,1673,1147,511,10376,512,1691,1791,1724,1304,513,7544,249,534,475,462,838,397,2960,149,159,93,51,619,339,1407,13591,23583,13666,11949,10335,4353,77481,6442,1274,130,47,4381,694,12975,4877,2586,533,403,3267,653,12320,7161,8116,2845,2933,3718,1491,26275,6181,10631,4640,3634,2883,1415,29382,5697,10445,4114,2282,3077,1328,26944,3658,7031,3378,2151,2929,1031,20170,1671,3734,2846,2380,2922,1003,14554,622,1082,838,754,1562,712,5577,241,267,135,94
315,811,260,59,42,898,469,2537,851,518,93,74,793,548,2878,1785,1454,363,205,1189,1118,6121,1364,1357,411,263,1053,835,5275,1390,1371,431,254,1315,769,5526,1130,1210,384,232,1351,710,5007,475,588,286,231,977,502,3069,161,178,93,115,404,247,1192,30,46,11,20,124,64,288,7994,6976,2126,1428,8110,5259,31893,757,334,95,51,616,406,2261,771,633,240,244,508,327,2730,1147,1650,835,986,718,682,6022,681,1351,855,941,616,491,4930,766,1601,856,638,740,579,5179,575,1155,697,605,679,518,4220,240,406,355,456,599,366,2423,110,136,104,153,322,174,1009,43,36,22,19,178,76,372,5082,7306,4078,4093,4973,3618,29149,1563,596,155,86,1519,874,4799,1625,1155,340,319,1303,876,5607,2929,3108,1200,1190,1910,1804,12140,2040,2701,1261,1203,1671,1320,10202,2153,2975,1289,891,2057,1352,10707,1703,2360,1077,836,2028,1224,9231,712,998,645,691,1571,870,5489,271,311,198,268,725,416,2197,73,80,38,35
316,4864,761,75,32,3815,834,10386,3440,1362,185,95,2828,684,8587,5990,4720,910,413,3516,1321,16875,6219,7030,1842,852,3146,1602,20690,6642,7954,2006,879,3667,1715,22871,5434,7346,2359,1145,4279,1639,22209,3264,5774,2944,1759,4652,1690,20076,1285,2370,1421,1015,3062,1237,10388,374,472,284,235,1503,635,3501,37505,37796,12025,6423,30468,11361,135585,5110,1151,120,53,2966,755,10156,3205,2196,465,371,1670,670,8567,3553,5758,2697,3310,1729,1160,18208,2450,7711,5013,4760,1327,1286,22537,3406,10099,5568,3417,2156,1559,26210,3012,8350,5369,3616,2959,1610,24913,1476,4853,5000,4498,3830,1783,21438,888,1986,1821,1930,3256,1623,11502,527,617,381,317,2583,1162,5580,23617,42718,26432,22263,22467,11620,149112,9981,1911,197,82,6779,1595,20537,6644,3554,654,463,4498,1355,17161,9541,10475,3612,3723,5250,2483,35083,8665,14737,6851,5612,4469,2891,43230,10047,18060,7577,4302,5821,3277,49081,8448,15693,7726,4758,7240,3247,47115,4743,10631,7937,6253,8479,3473,41517,2172,4357,3245,2943,6312,2860,21891,904,1090,661,546
317,2298,425,55,25,1834,510,5152,1852,953,134,60,1640,431,5076,3189,2853,619,243,1947,741,9595,2412,2907,813,348,1491,685,8649,2524,3081,779,275,1625,708,8996,2041,2649,778,362,1771,722,8323,1066,1657,928,625,1544,665,6490,432,699,427,361,975,571,3472,136,152,97,77,446,293,1197,15949,15378,4630,2382,13274,5314,56937,2346,675,88,49,1485,446,5088,1568,1526,352,312,929,354,5039,1633,2970,1511,2066,1028,643,9842,920,2834,2108,2050,743,608,9266,1119,3677,2192,1377,881,653,9897,916,3000,1964,1433,1150,679,9142,459,1505,1585,1708,1362,763,7385,349,721,637,758,1145,788,4400,197,280,132,132,844,655,2231,9509,17187,10566,9889,9569,5580,62298,4646,1101,140,76,3324,949,10243,3424,2483,485,371,2566,777,10112,4823,5823,2126,2306,2977,1386,19438,3332,5746,2920,2397,2234,1292,17921,3644,6756,2973,1648,2507,1363,18886,2958,5648,2741,1797,2919,1397,17456,1522,3161,2518,2334,2910,1427,13880,782,1421,1070,1125,2124,1356,7870,329,434,228,208
318,3570,811,84,41,2922,879,8305,3355,1717,218,123,2756,1174,9342,4999,4451,920,440,3179,1822,15814,3866,4755,1284,590,2460,1507,14466,3740,4803,1348,621,2844,1488,14838,2997,3988,1308,728,2921,1323,13261,1390,2212,1191,923,2596,1199,9509,484,749,487,474,1452,664,4312,138,136,107,85,583,247,1295,24530,23625,6946,4026,21713,10298,91141,3412,1101,157,81,2260,730,7744,2796,2467,545,450,1548,737,8551,2901,5083,2390,2740,1622,1228,15963,1709,4917,3117,2905,1279,1138,15064,1878,5481,3137,2075,1567,1214,15350,1402,4045,2624,2249,1810,1099,13232,588,1681,1736,2144,1929,1098,9173,416,736,653,846,1470,820,4945,226,274,131,112,1004,350,2101,15327,25788,14483,13608,14492,8410,92109,6985,1914,239,121,5184,1603,16050,6150,4186,768,571,4304,1913,17890,7898,9541,3309,3181,4800,3051,31772,5574,9671,4399,3500,3744,2645,29533,5616,10283,4489,2690,4409,2700,30186,4399,8030,3937,2978,4729,2425,26487,1973,3895,2925,3070,4525,2299,18684,907,1481,1134,1326,2925,1478,9253,359,412,232,199
319,3571,850,123,44,2966,958,8508,2244,1214,266,150,2118,757,6743,3652,3443,897,537,2844,1444,12822,3740,4380,1348,873,2618,1571,14530,4294,5353,1730,1048,3938,1873,18236,4075,5750,2205,1453,5059,2159,20706,2667,4599,2936,2440,5922,2567,21125,1044,1822,1149,1149,3409,1787,10357,264,347,182,167,1230,655,2842,25557,27760,10837,7857,30102,13757,115869,3452,1137,213,93,2262,822,7987,1546,1794,625,647,1249,589,6453,1798,3893,2260,3291,1439,1053,13738,1483,4768,3487,3635,1369,1196,15933,2129,6649,4135,3091,2128,1614,19751,2031,6002,4676,4270,3244,1977,22200,1094,3612,4036,4950,4425,2431,20550,710,1451,1334,1833,3085,1930,10342,359,429,235,232,1950,912,4111,14608,29732,20999,22050,21154,12523,121064,7021,1985,331,145,5227,1777,16492,3793,3001,886,794,3366,1342,13195,5450,7338,3163,3829,4281,2503,26563,5226,9148,4832,4503,3991,2762,30467,6426,12005,5860,4144,6064,3491,37987,6114,11751,6881,5723,8306,4136,42907,3762,8211,6971,7386,10346,4997,41675,1751,3267,2480,2987,6496,3711,20703,622,772,423,396
397,0,0,0,0,0,0,3,0,0,0,0,0,0,3,0,0,0,0,0,0,4,0,0,0,0,3,0,7,3,3,0,0,0,0,10,4,0,0,0,4,0,7,4,0,3,3,9,0,13,0,0,0,0,3,0,7,0,0,0,0,0,0,0,12,9,7,3,26,6,65,0,0,0,0,0,0,5,0,0,0,0,0,0,4,0,0,0,0,0,0,6,0,3,0,0,0,0,3,0,4,0,0,4,0,7,3,0,3,0,8,3,19,0,3,4,4,7,4,16,0,0,0,0,0,0,7,0,0,0,0,0,3,0,7,19,11,4,28,17,81,3,0,0,0,3,0,11,0,3,0,0,0,3,11,3,3,0,0,4,0,11,3,8,0,0,3,0,14,3,11,0,0,7,0,24,10,0,3,0,13,4,30,4,4,3,7,12,4,33,3,0,3,0,11,0,16,0,0,0,0
399,55,12,3,3,87,48,212,123,56,11,10,233,127,559,254,154,44,18,457,359,1288,159,110,38,25,304,337,964,160,134,33,30,321,292,975,187,207,77,54,354,269,1147,161,220,93,55,366,216,1120,18,32,15,10,98,47,225,0,0,0,0,15,3,19,1114,939,319,208,2230,1697,6509,68,21,6,0,66,37,203,126,80,20,17,216,119,576,229,157,48,59,290,227,1005,81,107,53,52,84,138,514,114,165,65,53,139,156,688,191,294,171,110,256,202,1224,95,182,127,82,183,132,798,8,22,10,16,59,42,153,0,0,0,0,11,5,18,912,1021,500,382,1304,1063,5179,121,36,9,3,159,85,408,248,136,36,23,445,240,1133,478,307,97,76,742,582,2293,240,215,88,77,390,474,1485,271,302,95,77,461,448,1663,375,509,255,162,610,470,2373,258,403,218,141,547,351,1916,31,49,26,24,158,90,381,0,0,0,0
401,4285,656,39,29,3763,595,9364,4404,1531,188,78,4082,684,10958,6782,5151,836,331,4041,1274,18424,5314,6595,1678,602,2467,1100,17756,5581,7417,1716,623,2911,1238,19488,4662,6068,1659,696,3077,1062,17225,2661,4270,1813,848,2798,915,13303,1135,1803,952,550,2058,739,7243,353,522,251,186,1414,383,3109,35180,34012,9129,3939,26618,7978,116855,4457,909,105,31,3020,566,9090,4379,2281,380,170,3002,582,10780,4886,5907,2082,2153,2527,1030,18590,2252,6218,4328,3915,1213,822,18744,2379,7731,4924,2842,1421,934,20236,2332,7034,4238,2356,1816,1034,18810,1256,3947,3761,2806,2370,1083,15222,755,1798,1689,1396,2411,993,9035,508,741,479,293,2929,690,5636,23204,36564,21983,15967,20708,7729,126143,8744,1562,142,62,6787,1157,18457,8784,3804,561,241,7087,1260,21737,11672,11059,2915,2481,6575,2307,37009,7565,12808,6007,4519,3676,1917,36493,7959,15145,6649,3465,4328,2175,39720,6997,13105,5895,3052,4891,2088,36035,3918,8212,5570,3656,5169,2000,28522,1887,3605,2641,1945,4467,1732,16278,858,1264,729,476
402,5316,1168,141,33,6013,994,13666,5270,2306,412,155,6071,932,15155,9851,8376,1664,771,8126,2152,30944,7755,8904,2367,1128,5985,1980,28119,7385,8892,2199,969,6156,1853,27443,5564,6958,2014,996,6002,1566,23093,2654,4267,2211,1270,5030,1390,16815,1073,1742,1016,802,3139,1129,8896,306,357,198,168,1501,477,3017,45177,42966,12218,6291,48028,12469,167148,5569,1610,220,101,4463,902,12863,4473,3515,900,826,3592,763,14076,5524,9350,4648,5659,4730,1820,31727,2938,8565,5663,5683,3148,1480,27472,3340,9919,5912,3656,3698,1509,28036,2650,7574,5043,3568,4252,1472,24559,1167,3778,3993,3595,4581,1609,18728,908,1684,1462,1466,3734,1553,10796,431,532,315,249,2593,793,4910,27008,46530,28148,24815,34780,11900,173172,10893,2778,362,138,10475,1894,26529,9746,5822,1317,985,9665,1695,29231,15379,17732,6304,6429,12853,3970,62668,10690,17468,8024,6811,9132,3462,55594,10725,18814,8108,4623,9851,3360,55481,8211,14535,7052,4563,10254,3037,47656,3816,8042,6206,4863,9608,2995,35537,1981,3420,2474,2266,6871,2678,19694,739,885,518,419
403,5129,751,61,26,4252,663,10890,4654,1823,248,92,3905,582,11307,8007,6421,1289,469,4435,1238,21866,6576,8372,2077,822,3295,1199,22338,6620,8446,2057,763,3772,1247,22914,5795,7564,2143,842,4236,1312,21886,3015,5220,2458,1209,4062,1216,17180,1141,1872,1160,751,2636,983,8540,377,545,286,233,1588,577,3605,41311,41018,11783,5210,32176,9026,140522,5442,1167,113,50,3249,621,10634,4561,2834,491,413,2430,557,11284,4895,7562,3219,3671,2427,1161,22934,2673,8021,5254,4771,1580,1058,23357,2918,9815,5543,3085,2063,1129,24549,2880,8654,5383,3130,2910,1294,24239,1346,4532,4458,3783,3476,1466,19069,870,1871,1758,1585,3035,1391,10511,630,862,471,306,3241,1020,6533,26211,45323,26676,20783,24410,9698,153114,10568,1917,177,74,7502,1286,21523,9216,4657,738,503,6339,1139,22584,12902,13984,4506,4142,6866,2398,44796,9248,16393,7328,5594,4869,2259,45692,9540,18263,7603,3853,5833,2377,47463,8673,16217,7523,3970,7140,2609,46124,4360,9757,6918,4984,7541,2691,36251,2007,3738,2922,2331,5675,2379,19050,1013,1408,755,539
404,2657,482,62,22,2864,493,6568,2908,1264,146,55,3249,469,8080,5898,4449,781,291,4405,1014,16840,4378,4878,1202,433,2998,885,14775,4228,5055,1219,516,3577,993,15598,3374,4045,1152,540,3496,864,13473,1678,2555,1136,599,2901,861,9721,853,1161,668,418,2023,650,5776,315,372,174,146,1231,408,2646,26289,24246,6543,3008,26739,6642,93475,2765,726,86,36,2287,393,6301,3018,1827,320,190,2093,456,7894,3942,5496,1939,2115,2580,916,16989,1885,4847,2868,2713,1629,762,14696,2062,5643,3274,1932,2061,839,15810,1801,4802,2856,1782,2361,831,14439,863,2345,2244,1933,2506,902,10790,697,1378,1156,1039,2479,959,7701,485,598,325,233,2254,827,4717,17516,27659,15065,11972,20243,6883,99334,5426,1206,150,60,5147,885,12870,5925,3085,467,238,5340,919,15981,9835,9942,2725,2411,6983,1927,33822,6261,9726,4067,3146,4624,1651,29477,6294,10700,4492,2454,5634,1834,31408,5170,8849,4013,2322,5855,1696,27905,2537,4900,3384,2530,5400,1762,20509,1552,2530,1831,1451,4504,1610,13477,797,965,499,378
405,1417,310,24,23,1117,389,3288,963,485,86,36,809,146,2520,1623,1620,349,199,940,390,5125,1524,1919,583,298,944,405,5681,1951,2521,745,355,1465,595,7634,2070,2598,956,519,1920,721,8791,1082,1810,1031,835,1949,805,7522,405,679,463,392,1151,535,3629,120,154,86,73,535,231,1199,11161,12107,4327,2736,10845,4209,45391,1353,385,58,31,835,313,2969,698,690,196,157,367,182,2285,672,1504,940,1388,387,307,5194,459,1766,1437,1607,383,360,6019,690,2700,1855,1316,692,489,7745,813,2488,1992,1668,1010,645,8612,358,1274,1635,1791,1381,763,7213,225,582,613,677,1193,611,3902,151,208,156,126,1015,345,2003,5424,11593,8878,8763,7264,4015,45933,2776,692,87,49,1955,699,6253,1658,1171,278,198,1178,324,4809,2293,3121,1290,1583,1328,700,10316,1989,3691,2023,1901,1333,764,11700,2644,5223,2598,1672,2162,1086,15377,2886,5084,2952,2189,2932,1367,17408,1441,3093,2666,2629,3331,1569,14729,632,1263,1079,1070,2347,1144,7528,270,362,236,204
406,949,213,37,13,841,318,2365,746,502,105,32,691,358,2438,1537,1480,399,183,1074,847,5523,1239,1540,485,241,932,705,5149,1469,1762,541,276,1351,757,6156,1252,1610,518,296,1478,693,5847,629,937,454,377,1203,570,4165,216,334,222,218,661,353,2012,92,80,37,47,240,123,627,8131,8453,2797,1693,8475,4721,34274,866,297,69,27,643,285,2184,511,649,233,215,368,246,2217,720,1482,842,1171,491,506,5206,384,1421,1071,1068,447,402,4795,537,1971,1170,771,663,515,5633,477,1502,1119,841,824,562,5336,243,685,709,920,928,468,3949,157,287,302,342,664,366,2119,94,109,69,58,460,230,1024,3982,8410,5584,5414,5491,3588,32466,1811,506,106,38,1485,607,4551,1253,1155,335,247,1061,607,4653,2250,2959,1241,1349,1561,1355,10728,1626,2953,1558,1310,1385,1109,9941,2005,3740,1712,1052,2015,1275,11794,1733,3115,1637,1137,2305,1256,11181,874,1620,1163,1302,2131,1033,8114,368,628,519,568,1324,721,4128,184,193,107,102
407,2301,448,58,23,1838,624,5290,1655,835,149,87,1399,470,4603,2842,2620,609,338,1807,995,9214,2699,3218,988,492,1614,1085,10094,3378,4046,1161,558,2301,1155,12597,3261,4080,1324,730,3065,1150,13618,1922,3129,1782,1179,3094,1339,12441,753,1234,809,660,1889,957,6305,214,284,172,154,853,446,2128,19022,19898,7048,4228,17869,8222,76287,2334,686,92,51,1357,517,5038,1188,1200,380,353,698,303,4127,1223,2678,1503,2182,834,570,8994,840,3130,2311,2379,748,649,10057,1256,4501,2960,1802,1160,886,12561,1227,4272,3109,2201,1770,1010,13589,763,2502,2832,2705,2428,1246,12476,465,1042,1042,1171,1909,1110,6736,299,379,240,195,1501,700,3310,9589,20401,14466,13041,12402,6988,76886,4633,1131,151,76,3193,1141,10326,2840,2040,532,447,2105,775,8728,4066,5299,2114,2517,2641,1565,18205,3536,6351,3297,2870,2360,1727,20150,4631,8544,4118,2352,3460,2046,25158,4484,8353,4434,2937,4836,2163,27200,2679,5637,4615,3879,5525,2585,24917,1216,2275,1852,1833,3804,2068,13044,517,664,407,347
497,0,0,0,0,0,0,0,0,0,0,0,0,0,0,0,0,0,0,0,0,0,0,0,0,0,0,0,0,0,0,0,0,0,0,0,0,0,0,0,0,0,0,0,0,0,0,0,0,0,0,0,0,0,0,0,0,0,0,0,0,0,0,0,0,0,0,0,3,0,6,0,0,0,0,0,0,0,0,0,0,0,0,0,0,0,0,0,0,0,0,0,0,0,0,0,0,0,0,0,0,0,0,0,0,0,0,0,0,0,0,0,0,0,0,0,0,0,0,0,0,0,0,0,0,0,0,0,0,0,0,0,0,0,0,0,0,0,0,0,0,0,0,0,0,0,0,0,0,0,0,0,0,0,0,0,0,0,0,0,0,0,0,0,0,0,0,0,0,0,0,0,0,0,0,0,0,0,0,0,0,0,3,0,0,0,0,0,0,0,0,0,0,0,0,0,0,0,0,0,0
499,29,6,0,0,38,18,95,40,14,4,3,68,38,161,76,40,6,9,141,73,349,44,36,8,10,100,85,280,39,42,4,15,78,104,282,38,38,14,12,76,61,239,12,40,14,3,62,39,168,4,8,7,0,21,3,43,0,0,0,0,9,3,13,283,223,51,54,600,419,1627,19,20,0,3,21,14,80,17,16,7,7,32,20,99,48,40,12,11,53,36,209,24,28,11,17,21,37,140,39,44,18,9,40,48,192,18,46,16,16,36,28,164,8,18,13,7,30,20,97,3,6,0,0,6,8,21,0,0,0,0,10,0,7,180,214,88,73,251,206,1016,51,25,3,0,62,28,173,59,30,14,8,103,56,266,132,80,20,24,199,110,556,67,68,15,27,126,124,421,75,83,25,25,119,151,474,59,88,34,28,115,87,403,22,58,33,12,90,58,271,7,10,7,0,24,16,59,0,0,0,0
501,2595,514,44,29,1855,651,5679,1470,751,121,62,1327,368,4095,2951,2673,580,273,2078,992,9550,2983,3705,1037,512,1877,1112,11230,3072,4004,1058,510,2338,1199,12184,2619,3530,1175,635,2440,1107,11510,1370,2438,1261,886,2188,1046,9186,517,808,516,439,1155,721,4158,144,187,105,95,484,254,1280,17722,18608,5903,3444,15739,7447,68864,2494,620,88,44,1332,605,5188,1160,1073,321,321,719,330,3919,1442,2918,1633,2607,941,757,10306,968,3490,2651,3174,726,813,11814,1233,4393,2907,2123,998,952,12600,1075,3632,2779,2200,1418,1017,12124,493,1690,2049,2239,1551,1004,9023,326,742,708,835,1209,877,4693,180,258,168,132,853,445,2039,9373,18811,13297,13679,9737,6808,71705,5084,1133,133,73,3186,1264,10870,2631,1818,440,387,2041,699,8013,4393,5592,2215,2883,3020,1748,19851,3948,7197,3685,3687,2605,1923,23043,4307,8396,3960,2632,3342,2148,24780,3696,7161,3956,2837,3865,2121,23633,1866,4132,3303,3120,3733,2051,18211,844,1553,1227,1275,2362,1594,8844,324,445,276,235
502,1219,265,24,7,1177,235,2930,941,430,68,38,915,207,2598,1515,1302,306,148,1253,446,4972,1428,1615,413,253,1150,467,5328,1562,1878,451,229,1453,530,6112,1266,1687,541,305,1481,532,5811,898,1500,770,488,1684,613,5948,404,751,395,348,1097,468,3454,89,149,81,74,425,216,1025,9319,9579,3052,1891,10629,3722,38182,1315,382,49,24,876,244,2891,740,687,204,207,523,166,2527,711,1499,833,1415,571,364,5388,495,1747,1230,1463,483,372,5782,664,2266,1353,997,764,430,6473,597,1883,1417,1235,973,475,6575,388,1161,1246,1444,1381,603,6229,248,556,537,656,1148,590,3740,120,160,84,85,677,260,1388,5270,10336,6956,7529,7395,3506,40991,2534,646,68,34,2060,477,5823,1678,1116,274,237,1439,372,5129,2224,2802,1140,1561,1819,812,10359,1915,3359,1645,1717,1634,843,11114,2225,4146,1811,1222,2220,962,12586,1866,3570,1960,1541,2447,1010,12388,1287,2660,2020,1933,3058,1213,12177,646,1305,932,998,2251,1060,7189,206,308,166,165
503,2135,243,13,6,1855,309,4562,2742,909,89,37,2219,589,6584,6348,3704,423,156,3647,1936,16215,3823,3719,796,286,1754,1095,11479,3489,3682,780,270,1657,939,10817,2720,3102,706,244,1679,804,9249,1428,2038,729,255,1525,669,6644,547,806,395,170,986,410,3312,186,199,103,76,560,221,1346,23434,18400,4033,1487,15883,6965,70201,2514,413,41,17,1549,357,4892,2875,1411,166,60,1647,620,6766,4947,4551,1209,1090,2369,1780,15940,1752,3308,2230,2491,857,889,11532,1392,3836,2563,1800,711,762,11059,1256,3326,2038,1161,907,723,9415,578,1826,1566,1121,1041,614,6742,333,860,768,610,1020,550,4145,262,392,215,158,1144,449,2611,15914,19918,10800,8506,11236,6743,73108,4650,652,55,27,3401,661,9449,5613,2317,252,93,3871,1204,13348,11298,8247,1629,1249,6019,3719,32158,5574,7030,3029,2779,2616,1978,23008,4886,7524,3345,2063,2362,1700,21877,3980,6430,2741,1398,2589,1522,18664,2007,3862,2293,1368,2563,1286,13383,887,1662,1166,779,2004,963,7465,448,590,320,237
504,3445,726,61,32,3144,638,8046,3097,1233,182,61,3109,854,8528,6506,4902,889,396,4854,2128,19674,5034,5527,1264,554,3639,1861,17882,4727,5459,1315,575,3719,1594,17393,3289,4140,1199,618,3366,1190,13803,1512,2460,1156,715,2529,950,9317,540,973,473,350,1445,689,4481,180,190,102,85,537,321,1405,28331,25607,6632,3390,26335,10230,100526,3438,889,108,59,2359,548,7391,2863,1908,424,350,1816,638,8004,3928,5836,2484,3294,2728,1441,19709,2086,5482,3517,3984,1822,1229,18121,2060,5956,3689,2595,1906,1176,17382,1593,4391,2937,2219,2134,920,14198,674,2173,1955,2016,1957,994,9768,425,869,730,792,1416,870,5102,228,290,179,129,911,629,2360,17291,27798,16029,15439,17048,8436,102032,6883,1615,165,91,5499,1190,15442,5960,3138,601,414,4922,1494,16532,10430,10737,3371,3688,7581,3573,39378,7118,11009,4783,4542,5459,3091,36003,6789,11421,4999,3169,5628,2771,34778,4879,8532,4139,2837,5498,2110,27999,2187,4628,3112,2732,4479,1938,19081,970,1845,1204,1145,2857,1557,9581,401,477,280,214
505,7696,1259,117,50,7021,1218,17357,6811,2385,289,122,6893,1167,17671,14464,10266,1758,663,10560,3175,40892,11760,12172,2719,1167,7318,2565,37694,10842,11654,2544,1024,7467,2371,35901,7547,8752,2289,990,6444,1832,27850,3541,5673,2334,1228,5009,1492,19276,1370,2145,1241,774,2919,1123,9564,360,498,278,166,1327,616,3243,64389,54809,13573,6184,54961,15545,209459,7823,1788,212,88,5619,1085,16613,6546,3804,809,530,4218,1033,16924,9154,12625,5041,6229,5729,2651,41434,4271,12011,8178,8844,3617,2109,39028,4309,13512,8285,5408,3751,1936,37198,3413,9991,6417,4453,4026,1730,30043,1562,4943,4577,4285,4181,1692,21242,1128,2213,1818,1835,3359,1681,12036,563,667,429,320,2413,1192,5585,38771,61550,35762,31997,36909,15113,220096,15516,3046,330,134,12641,2302,33968,13353,6190,1098,650,11109,2195,34593,23623,22894,6802,6892,16288,5827,82322,16027,24187,10896,10010,10933,4669,76723,15152,25167,10823,6437,11222,4307,73099,10966,18748,8708,5441,10465,3570,57893,5111,10617,6911,5514,9190,3185,40522,2504,4352,3066,2604,6275,2800,21602,920,1162,707,487
506,6705,1497,146,67,6152,1130,15700,6954,2777,373,161,7520,1578,19372,13849,10174,1932,720,11595,3979,42250,9881,10594,2568,1233,7682,3017,34973,8427,9553,2264,1032,6994,2470,30734,6130,7666,2135,1033,5999,2015,24972,2986,4927,2117,1309,4872,1622,17839,1037,1765,939,702,2722,1230,8394,320,426,250,165,1137,611,2909,56278,49376,12730,6419,54681,17658,197142,6382,2083,250,93,4749,987,14540,6271,4105,845,717,4511,1236,17688,8133,11471,5040,6664,6768,2892,40965,3798,9745,6435,7922,3884,2104,33891,3453,10316,6327,4880,3609,1868,30449,2791,8242,5666,4204,3962,1847,26714,1311,3976,3776,3774,3932,1721,18492,837,1795,1517,1571,3014,1626,10346,494,618,344,250,2249,1217,5171,33474,52340,30192,30071,36671,15498,198253,13091,3580,396,152,10902,2119,30237,13224,6885,1215,879,12033,2821,37063,21978,21645,6970,7385,18365,6869,83212,13679,20341,9002,9151,11569,5125,68863,11881,19863,8591,5909,10606,4333,61189,8924,15906,7807,5237,9957,3861,51682,4290,8895,5895,5086,8806,3348,36331,1871,3556,2455,2272,5734,2857,18742,814,1042,586,412
507,5603,1029,103,39,5012,1008,12806,5099,1986,275,118,4855,1266,13593,9901,7668,1346,569,6755,2960,29200,8137,9005,2176,892,5466,2445,28125,7614,8624,2071,900,5673,2223,27099,5552,6607,1822,871,4954,1637,21449,2569,4223,1893,1065,3855,1366,14969,1090,1668,874,677,2453,1140,7898,291,421,206,178,1054,593,2745,45846,41228,10770,5315,40076,14636,157869,5912,1527,161,63,3834,919,12411,4873,3204,683,535,2919,944,13170,6064,9078,4055,5268,3426,2166,30058,2978,8787,6053,6789,2454,1721,28785,3150,9812,6257,4409,2709,1719,28064,2399,7323,4918,3589,3140,1518,22881,1106,3522,3465,3178,3208,1430,15907,804,1708,1444,1400,2632,1538,9527,481,622,337,293,1924,1192,4854,27769,45578,27367,25531,26257,13156,165658,11507,2554,268,105,8848,1926,25210,9974,5190,961,657,7774,2214,26764,15967,16740,5399,5840,10178,5127,59255,11117,17789,8230,7684,7921,4168,56905,10759,18432,8329,5310,8382,3948,55163,7946,13933,6743,4460,8100,3151,44330,3675,7747,5356,4240,7062,2799,30873,1895,3374,2318,2075,5089,2674,17425,773,1041,548,473
509,1605,378,39,21,1355,527,3918,1158,596,86,47,982,435,3302,2157,1810,379,205,1396,1131,7073,2169,2327,577,369,1328,1065,7840,2536,2904,833,420,1918,1172,9783,2421,2939,966,601,2340,1229,10509,1323,2003,1020,823,2174,1074,8419,490,757,443,444,1164,710,4005,143,169,85,81,449,257,1183,14001,13890,4434,3011,13097,7602,56035,1498,494,65,33,853,431,3370,667,799,239,230,458,261,2651,892,1852,1120,1903,628,642,7030,586,2162,1754,2123,520,698,7849,872,3162,2164,1695,886,879,9650,832,2950,2255,1913,1181,982,10111,467,1401,1529,2013,1328,947,7683,297,615,612,781,1031,735,4078,159,230,126,112,663,365,1655,6267,13661,9871,10799,7542,5925,54073,3096,874,102,51,2206,961,7290,1826,1394,330,275,1432,693,5948,3047,3664,1500,2105,2021,1779,14107,2760,4489,2337,2492,1848,1759,15690,3407,6063,3000,2112,2805,2047,19431,3248,5894,3229,2515,3520,2212,20615,1787,3402,2551,2835,3503,2022,16103,787,1374,1056,1230,2189,1444,8083,308,399,209,195
510,814,242,53,30,730,477,2332,819,473,91,47,965,614,3009,2768,2291,471,258,3458,2391,11633,2203,2254,571,317,2769,2001,10119,1692,1706,459,254,2561,1593,8262,1055,1114,314,172,1685,996,5343,289,307,114,81,546,308,1635,57,63,23,9,139,80,372,7,7,3,3,46,18,78,9695,8454,2103,1163,12900,8475,42784,734,304,69,51,501,390,2048,715,660,200,174,528,432,2716,1543,2323,991,1376,1200,1280,8711,851,1870,1074,1230,735,887,6646,797,1530,814,507,911,873,5439,523,1031,488,326,681,527,3574,130,237,129,154,268,210,1124,38,43,33,26,115,81,333,16,3,9,7,48,26,98,5353,7997,3811,3847,4990,4700,30698,1548,543,119,79,1223,866,4384,1531,1129,294,219,1495,1048,5726,4310,4616,1467,1629,4663,3667,20349,3055,4118,1649,1546,3506,2888,16763,2491,3237,1278,755,3474,2468,13701,1579,2143,802,499,2368,1522,8915,418,544,241,231,808,519,2764,91,107,60,37,255,153,707,23,12,11,10
511,1398,348,41,21,1307,573,3697,1168,597,98,48,1110,502,3530,2535,2034,464,238,1962,1371,8604,2121,2253,576,305,1668,1213,8127,2210,2521,634,369,2086,1284,9112,1680,1999,633,379,2078,1099,7876,724,1138,586,442,1513,745,5145,251,362,247,213,673,420,2163,63,88,38,41,240,148,612,12157,11340,3328,2055,12635,7353,48868,1408,466,85,40,981,491,3477,792,886,287,249,570,375,3161,1134,2224,1152,1809,830,998,8143,744,2188,1531,1762,687,860,7770,836,2726,1599,1188,914,910,8181,659,1874,1396,1171,1070,848,7015,266,852,873,942,891,610,4438,170,330,290,383,593,440,2201,61,88,52,54,371,172,795,6074,11632,7265,7597,6905,5705,45174,2811,820,133,60,2290,1067,7176,1960,1483,387,299,1682,876,6690,3676,4253,1612,2042,2798,2369,16752,2867,4441,2102,2069,2353,2072,15898,3046,5250,2234,1558,3000,2201,17286,2343,3870,2031,1555,3150,1947,14886,992,1997,1459,1387,2402,1347,9587,419,696,542,597,1263,856,4364,121,173,95,89
597,0,0,0,0,0,0,0,0,0,0,0,12,7,17,6,9,0,7,67,28,124,8,12,3,4,76,18,120,12,5,0,0,63,17,94,3,4,0,0,27,5,43,3,0,0,0,0,0,8,0,0,0,0,3,0,3,0,0,0,0,3,0,3,30,28,6,9,257,74,408,0,0,0,0,0,0,0,0,0,0,0,4,0,3,0,3,0,0,0,3,6,0,3,0,0,0,0,3,0,0,0,0,3,3,8,0,0,0,0,6,0,7,0,0,0,0,0,0,0,0,0,0,0,0,0,0,0,0,0,0,0,0,0,0,3,0,0,14,8,26,0,0,0,0,0,0,0,0,0,0,0,12,5,20,7,15,0,7,71,27,127,8,12,0,4,83,18,127,12,5,4,0,70,15,105,3,4,0,0,31,5,43,3,0,0,0,0,0,8,0,0,0,0,3,0,3,0,0,0,0
599,19,12,4,0,31,26,84,62,33,5,3,91,64,254,159,81,25,12,275,221,773,76,70,31,21,198,214,606,81,62,24,13,207,249,638,94,86,23,10,195,127,540,64,55,32,18,123,84,375,5,3,9,3,24,12,58,0,0,0,0,6,4,12,564,404,152,72,1145,1002,3336,15,5,0,3,21,19,65,54,33,9,6,78,69,242,126,72,32,27,130,152,534,56,49,15,24,51,99,305,47,57,28,17,68,101,325,67,114,49,30,94,89,442,25,60,36,20,64,49,254,3,5,3,7,10,14,37,0,0,0,0,6,5,11,401,394,177,140,520,594,2220,40,15,4,3,52,41,151,115,63,16,8,173,133,503,281,154,51,36,402,372,1306,132,121,45,43,248,318,910,130,121,52,29,275,350,957,164,195,76,45,281,213,977,90,116,73,35,187,135,633,10,6,7,9,32,26,98,0,0,0,0
601,2905,481,52,27,2900,512,6880,2820,1128,172,77,2366,518,7088,4702,4062,812,328,2914,1127,13947,3748,4746,1272,483,1992,924,13171,3929,5157,1291,519,2342,1051,14285,3452,4659,1409,608,2874,1091,14085,1750,2883,1449,870,2648,982,10584,727,1113,663,512,1665,712,5388,235,305,150,137,795,283,1906,24273,24539,7273,3567,20487,7194,87329,3074,715,110,54,2205,532,6684,2462,1765,389,317,1578,443,6952,2880,4768,2099,2202,1739,851,14541,1649,4916,3199,2694,1155,786,14411,1847,5889,3366,1835,1513,858,15312,1783,5328,3134,1988,2082,1042,15358,787,2595,2559,2252,2358,1050,11598,526,1194,1010,991,1976,1002,6703,330,462,261,177,1577,552,3368,15345,27628,16142,12519,16175,7120,94929,5976,1194,157,82,5101,1045,13565,5283,2889,564,400,3944,964,14042,7584,8826,2912,2530,4653,1978,28485,5402,9658,4476,3182,3149,1710,27577,5779,11046,4659,2356,3851,1910,29598,5231,9985,4542,2588,4954,2135,29440,2541,5480,4004,3123,5008,2029,22183,1257,2310,1671,1500,3641,1713,12093,560,771,417,321
602,1844,366,31,18,1829,474,4563,1608,798,131,56,1526,386,4512,2413,2113,487,243,1473,594,7318,2009,2561,712,354,1279,620,7536,2465,2987,836,415,1886,778,9373,2211,2832,981,552,2302,859,9741,1108,1953,1123,805,2202,970,8165,423,677,430,385,1351,595,3852,139,143,76,84,553,234,1230,14220,14429,4811,2910,14398,5515,56285,1799,516,89,43,1342,450,4235,1206,1204,302,283,818,335,4144,1205,2371,1279,1574,708,579,7715,787,2491,1880,1870,765,550,8353,1083,3394,2196,1510,1066,712,9962,1003,3110,2192,1657,1498,850,10309,502,1635,1661,1782,1803,977,8366,334,681,642,683,1413,752,4497,194,242,126,126,1070,389,2141,8124,15626,10369,9537,10494,5589,59733,3640,874,121,65,3171,924,8806,2817,2006,433,342,2350,716,8661,3618,4478,1762,1816,2185,1174,15036,2799,5051,2600,2229,2044,1168,15890,3551,6380,3036,1926,2953,1495,19336,3214,5939,3172,2206,3799,1708,20046,1610,3590,2785,2593,4009,1945,16533,757,1357,1065,1068,2759,1344,8353,335,381,199,202
603,417,97,6,3,345,168,1037,253,128,28,18,247,64,728,440,450,137,62,332,138,1561,466,653,233,126,336,181,1998,638,865,293,164,527,258,2742,653,1012,405,267,734,303,3369,415,695,420,333,655,356,2875,126,205,142,128,357,203,1159,34,27,19,25,108,66,271,3427,4141,1680,1115,3643,1744,15753,379,117,13,15,271,117,902,160,179,45,78,130,59,646,204,468,274,394,148,106,1604,170,611,502,473,169,179,2107,308,930,645,424,265,220,2794,303,938,696,583,433,266,3213,134,469,553,613,455,326,2555,70,132,157,168,278,201,999,36,37,21,20,134,71,326,1756,3873,2916,2770,2280,1546,15142,789,216,19,23,610,283,1944,405,301,76,91,379,124,1371,645,922,416,454,484,244,3163,639,1261,738,596,509,360,4106,946,1799,938,592,790,477,5540,948,1947,1103,846,1165,568,6583,541,1166,981,945,1110,685,5437,194,331,293,292,634,398,2152,66,71,42,44
604,1387,281,38,26,1369,345,3446,1050,516,101,58,987,202,2898,1604,1681,397,202,1111,385,5375,1522,1882,593,313,1060,423,5797,1902,2304,650,349,1604,601,7412,1782,2175,776,470,1932,681,7818,863,1521,844,620,1829,728,6398,369,543,402,358,1083,510,3271,86,111,94,58,399,190,942,10566,11013,3892,2452,11365,4064,43356,1366,432,75,27,1043,310,3258,749,807,260,258,549,171,2793,736,1693,1053,1392,544,351,5770,536,1927,1454,1499,526,359,6304,772,2786,1687,1291,964,513,8011,799,2275,1766,1441,1221,637,8142,363,1210,1274,1523,1578,790,6732,252,523,539,587,1155,671,3728,148,176,110,89,764,288,1587,5714,11836,8219,8120,8348,4094,46325,2757,715,114,59,2406,651,6699,1801,1317,357,317,1534,369,5691,2337,3376,1449,1589,1654,731,11138,2054,3809,2054,1814,1582,784,12096,2673,5093,2335,1638,2570,1120,15425,2582,4452,2544,1914,3156,1316,15963,1221,2730,2114,2141,3408,1516,13134,616,1067,938,940,2239,1187,6993,239,288,204,151
697,0,0,0,0,0,0,0,0,0,0,0,3,0,6,0,0,0,0,9,4,15,0,0,0,0,3,3,5,0,0,0,3,8,0,10,0,0,0,0,4,0,8,0,0,0,0,0,0,4,0,0,0,0,0,0,0,0,0,0,0,0,0,0,8,0,3,3,31,3,49,0,0,0,0,0,0,0,0,0,0,3,3,0,4,4,0,0,0,5,0,3,0,0,0,0,0,0,0,0,0,0,0,0,0,3,0,3,0,0,0,0,4,0,0,0,0,0,0,3,0,0,0,0,0,0,0,0,0,0,0,0,0,0,0,4,0,6,4,0,18,0,0,0,0,0,0,0,0,0,0,3,5,0,8,4,0,0,0,14,4,23,0,0,0,0,3,3,5,3,0,0,3,8,0,15,0,0,0,0,5,0,12,0,0,0,0,0,0,7,0,0,0,0,0,0,0,0,0,0,0
699,7,4,0,0,12,3,34,12,4,3,0,22,18,56,28,16,0,0,39,34,120,18,11,4,0,34,22,93,12,12,4,4,27,20,77,9,16,0,3,16,7,52,9,5,3,3,15,11,48,0,0,0,0,3,6,8,0,0,0,0,0,0,0,88,72,17,11,164,123,481,8,8,0,0,12,3,33,3,7,5,3,15,7,29,12,16,10,9,16,12,69,17,14,4,8,10,7,54,11,18,3,5,10,13,59,13,16,10,3,14,4,56,6,6,3,3,10,9,38,0,3,0,0,3,0,5,0,0,0,0,0,0,0,60,81,33,28,85,58,350,18,9,3,0,31,6,62,18,11,5,3,35,21,90,37,33,7,9,51,41,183,33,24,10,10,39,29,147,21,30,11,6,37,37,135,16,26,7,8,37,13,113,9,15,6,11,22,17,84,0,0,0,0,9,4,12,0,0,0,0
701,1631,388,38,21,1355,606,4039,1610,808,118,54,1743,855,5198,4205,3237,579,222,3361,2451,14046,2966,3204,797,360,2306,1839,11472,2485,2941,701,340,2047,1568,10094,1668,2070,553,289,1705,1136,7434,635,991,395,259,1138,609,4021,137,236,123,98,460,195,1246,40,40,14,11,115,51,273,15371,13924,3326,1661,14224,9318,57821,1465,453,68,28,1051,498,3560,1295,1119,269,202,886,584,4355,2666,3765,1439,1653,1736,1559,12810,1347,3282,1822,1605,1150,1106,10315,1213,3224,1493,908,1042,979,8858,835,2232,1097,678,922,848,6612,308,780,623,522,693,456,3393,112,224,171,141,382,194,1226,41,37,22,5,187,58,356,9286,15121,7003,5746,8039,6290,51481,3092,843,101,46,2402,1106,7600,2907,1933,390,259,2626,1446,9555,6869,6999,2018,1867,5093,4013,26858,4311,6485,2622,1962,3454,2947,21789,3703,6169,2198,1254,3085,2546,18951,2503,4308,1654,971,2627,1984,14042,942,1775,1013,781,1825,1071,7413,253,453,294,237,837,389,2470,78,79,40,22
702,1102,479,107,28,963,738,3420,1054,631,183,68,864,742,3544,2149,1843,514,227,1528,1438,7695,1560,1618,529,228,1149,1058,6143,1510,1510,457,191,1173,1036,5881,1014,1139,324,143,1036,775,4439,350,453,158,106,647,403,2119,97,114,48,35,202,134,624,14,11,7,3,55,21,116,8856,7797,2332,1028,7626,6350,33985,963,562,174,54,632,633,3023,963,785,315,169,570,560,3357,1764,2139,998,841,1024,1224,7988,1105,1792,993,732,756,908,6283,1104,1839,871,465,839,892,6009,788,1249,633,347,683,670,4366,282,391,242,185,452,310,1852,89,99,52,57,227,115,639,22,14,16,8,85,39,192,7077,8875,4289,2857,5263,5352,33722,2069,1040,281,83,1595,1378,6446,2015,1415,494,240,1437,1301,6905,3919,3981,1515,1064,2553,2662,15691,2664,3409,1523,953,1909,1967,12427,2616,3354,1330,655,2008,1930,11887,1803,2395,955,496,1719,1443,8810,633,839,397,289,1098,714,3969,189,215,97,90,430,243,1266,38,30,25,13
797,0,0,0,0,0,0,0,0,0,0,0,4,0,4,0,0,0,0,19,5,23,0,0,0,0,12,5,16,0,0,0,0,4,3,11,0,0,0,0,0,3,3,0,0,0,0,0,0,0,0,0,0,0,0,0,0,0,0,0,0,0,0,0,0,0,0,4,35,20,61,0,0,0,0,0,0,0,0,0,0,0,0,0,0,0,0,0,0,3,0,3,0,0,0,0,0,0,0,0,0,0,0,0,0,0,0,0,0,0,0,0,0,0,0,0,0,0,0,0,0,0,0,0,0,0,3,0,0,0,0,0,0,0,0,0,0,0,6,3,9,0,0,0,0,0,0,0,0,0,0,0,4,0,3,0,0,0,0,17,3,30,0,0,0,0,12,11,19,0,0,0,0,4,3,9,0,0,0,0,0,3,3,0,0,0,0,0,0,0,0,0,0,0,0,0,3,0,0,0,0
799,7,5,0,0,4,3,16,18,16,0,0,26,35,98,31,28,11,9,55,102,219,30,28,14,3,47,95,215,36,28,3,5,66,112,257,31,43,13,7,71,63,229,30,37,9,9,53,40,174,0,4,0,0,7,11,20,0,0,0,0,0,0,0,186,182,49,30,322,456,1240,0,6,0,0,3,0,17,11,7,0,0,27,40,85,44,20,16,12,50,94,239,19,28,23,12,24,80,180,28,37,12,4,30,88,203,33,58,26,15,34,49,212,10,24,12,14,24,19,105,0,3,0,0,6,5,10,0,0,0,0,0,0,0,145,180,85,62,198,375,1043,6,12,0,0,5,3,32,35,19,0,4,49,74,183,68,49,19,24,108,198,457,45,49,31,17,73,170,396,66,68,17,9,104,198,461,62,101,39,16,101,117,438,43,63,27,20,75,56,278,0,6,3,3,9,13,38,0,0,0,0
801,6013,1055,72,34,4427,753,12350,6451,2713,261,95,5212,1092,15829,11912,9779,1518,549,6178,2434,32368,8524,10805,2759,887,3997,1908,28875,7173,9775,2373,669,3382,1586,24959,4993,7537,2285,744,3085,1217,19870,2685,4810,1971,838,2548,1071,13929,998,1760,845,468,1592,779,6436,334,416,227,135,796,413,2316,49097,48642,12309,4425,31206,11248,156932,6186,1549,150,53,3502,681,12124,6204,3790,610,358,3585,981,15525,8207,11756,4152,3787,3705,2035,33639,3864,10765,6364,4724,2203,1516,29423,3552,10817,5661,2621,1967,1341,25955,2826,8115,4621,2459,2221,1317,21558,1260,4348,3755,2753,2260,1122,15503,748,1749,1460,1190,1802,970,7913,420,555,305,232,1399,923,3839,33262,53434,27076,18171,22641,10897,165485,12201,2604,217,87,7926,1438,24468,12658,6504,871,452,8795,2075,31354,20120,21539,5669,4336,9879,4466,66008,12382,21568,9121,5613,6203,3421,58298,10726,20592,8034,3289,5344,2925,50915,7823,15648,6905,3205,5306,2533,41426,3944,9157,5734,3589,4813,2191,29428,1745,3502,2306,1662,3395,1747,14352,753,972,533,367
897,0,0,0,0,0,0,0,0,0,0,0,0,0,0,0,0,0,0,0,0,0,0,0,0,0,0,0,0,0,0,0,0,0,0,0,0,0,0,0,0,0,0,0,0,0,0,0,0,0,0,0,0,0,0,0,0,0,0,0,0,0,0,0,0,0,0,0,0,0,0,0,0,0,0,0,0,0,0,0,0,0,0,0,0,0,0,0,0,0,0,0,0,0,0,0,0,0,0,0,0,0,0,0,0,0,0,0,0,0,0,0,0,0,0,0,0,0,0,0,0,0,0,0,0,0,0,0,0,0,0,0,0,0,0,0,0,0,0,0,0,0,0,0,0,0,0,0,0,0,0,0,0,0,0,0,0,0,0,0,0,0,0,0,0,0,0,0,0,0,0,0,0,0,0,0,0,0,0,0,0,0,0,0,0,0,0,0,0,0,0,0,0,0,0,0,0,0,0,0,0
899,7,0,0,0,3,3,16,14,3,0,0,9,3,36,24,6,3,0,21,9,63,10,9,4,0,21,22,67,7,4,3,0,15,18,43,5,4,3,0,14,15,38,6,3,0,0,3,4,15,0,0,0,0,3,0,5,0,0,0,0,0,0,0,73,39,7,3,92,82,297,8,4,0,0,7,4,20,16,4,0,0,9,8,42,16,12,3,0,4,3,44,11,5,5,0,9,9,40,3,18,0,0,7,5,26,3,12,4,0,8,6,34,4,4,0,0,4,0,9,0,0,0,0,4,0,4,0,0,0,0,3,0,3,61,53,7,5,47,30,209,12,4,0,0,11,10,35,30,13,0,0,20,14,79,42,20,3,0,27,15,108,20,20,9,3,32,30,107,10,24,3,0,19,18,68,10,16,3,0,18,21,78,7,3,3,0,7,7,24,0,0,0,0,3,3,8,0,0,0,0
901,33,13,0,0,35,19,101,26,14,0,3,32,63,134,46,56,6,3,71,144,329,79,86,24,17,47,98,345,78,95,31,14,73,87,371,68,91,25,24,87,59,359,52,45,31,16,66,42,255,8,17,6,6,39,16,95,4,3,0,4,7,3,28,397,418,129,84,460,533,2013,29,15,0,0,30,24,107,13,18,4,4,16,10,63,46,59,28,27,43,37,240,36,100,41,49,36,28,290,38,103,55,31,53,56,332,36,100,51,50,51,49,340,22,52,36,29,38,27,210,8,16,10,15,22,17,91,3,3,3,0,13,3,29,230,469,241,213,307,252,1702,66,28,4,0,64,44,205,32,35,3,4,49,71,199,92,113,34,35,107,182,566,111,186,63,64,85,122,633,111,204,85,41,126,140,707,103,189,83,69,139,114,701,69,99,64,48,107,76,463,14,35,21,23,65,27,182,8,8,3,4
997,0,0,0,0,0,0,0,0,0,0,0,0,0,0,0,0,0,0,3,0,3,0,0,0,0,0,0,0,0,0,0,0,0,0,0,0,0,0,0,0,0,0,0,0,0,0,0,0,0,0,0,0,0,0,0,0,0,0,0,0,0,0,0,0,0,0,0,3,0,3,0,0,0,0,0,0,0,0,0,0,0,0,0,0,0,0,0,0,0,0,0,0,0,0,0,0,0,0,0,0,0,0,0,0,0,0,0,0,0,0,0,0,0,0,0,0,0,0,0,0,0,0,0,0,0,0,0,0,0,0,0,0,0,0,0,0,0,0,0,0,0,0,0,0,0,0,0,0,0,0,0,0,0,0,0,0,0,0,3,0,3,0,0,0,0,0,0,0,0,0,0,0,0,0,0,0,0,0,0,0,0,0,0,0,0,0,0,0,0,0,0,0,0,0,0,0,0,0,0,0
999,0,0,0,0,0,0,0,0,0,0,0,0,3,6,0,0,0,0,0,0,0,0,0,0,0,0,0,4,0,0,0,0,3,0,3,0,0,0,0,0,0,3,0,0,0,0,3,0,6,0,0,0,0,0,0,0,0,0,0,0,0,0,0,4,0,0,0,9,0,21,0,0,0,0,0,0,3,0,0,0,0,0,0,4,0,0,0,0,0,0,0,0,0,0,0,0,0,5,0,3,0,0,0,0,4,0,3,0,0,0,0,4,0,0,0,0,3,0,6,0,0,0,0,0,0,0,0,0,0,0,0,0,0,3,6,0,4,8,4,30,0,0,0,0,0,4,3,0,0,0,0,5,4,10,0,0,0,0,0,0,0,3,0,0,0,3,0,5,0,3,0,0,3,0,9,0,0,0,0,3,0,11,0,3,0,0,7,0,13,0,0,0,0,0,0,0,0,0,0,0