SA4_CODE_2016,POL_Greek_SEO,POL_Greek_SOLSE_VWorW,POL_Greek_SOLSE_NWorNAA,POL_Greek_SOLSE_Tot,POL_Greek_NS,POL_Greek_Tot,POL_IAL_Bengali_SEO,POL_IAL_Bengali_SOLSE_VWorW,POL_IAL_Bengali_SOLSE_NWorNAA,POL_IAL_Bengali_SOLSE_Tot,POL_IAL_Bengali_NS,POL_IAL_Bengali_Tot,POL_IAL_Hindi_SEO,POL_IAL_Hindi_SOLSE_VWorW,POL_IAL_Hindi_SOLSE_NWorNAA,POL_IAL_Hindi_SOLSE_Tot,POL_IAL_Hindi_NS,POL_IAL_Hindi_Tot,POL_IAL_Punjabi_SEO,POL_IAL_Punjabi_SOLSE_VWorW,POL_IAL_Punjabi_SOLSE_NWorNAA,POL_IAL_Punjabi_SOLSE_Tot,POL_IAL_Punjabi_NS,POL_IAL_Punjabi_Tot,POL_IAL_Sinhalese_SEO,POL_IAL_Sinhalese_SOLSE_VWorW,POL_IAL_Sinhale_SOLSE_NWorNAA,POL_IAL_Sinhalese_SOLSE_Tot,POL_IAL_Sinhalese_NS,POL_IAL_Sinhalese_Tot,POL_IAL_Urdu_SEO,POL_IAL_Urdu_SOLSE_VWorW,POL_IAL_Urdu_SOLSE_NWorNAA,POL_IAL_Urdu_SOLSE_Tot,POL_IAL_Urdu_NS,POL_IAL_Urdu_Tot,POL_IAL_Oth_SEO,POL_IAL_Oth_SOLSE_VWorW,POL_IAL_Oth_SOLSE_NWorNAA,POL_IAL_Oth_SOLSE_Tot,POL_IAL_Oth_NS,POL_IAL_Oth_Tot,POL_IAL_Tot_SEO,POL_IAL_Tot_SOLSE_VWorW,POL_IAL_Tot_SOLSE_NWorNAA,POL_IAL_Tot_SOLSE_Tot,POL_IAL_Tot_NS,POL_IAL_Tot_Tot,POL_Italian_SEO,POL_Italian_SOLSE_VWorW,POL_Italian_SOLSE_NWorNAA,POL_Italian_SOLSE_Tot,POL_Italian_NS,POL_Italian_Tot,POL_Japanese_SEO,POL_Japanese_SOLSE_VWorW,POL_Japanese_SOLSE_NWorNAA,POL_Japanese_SOLSE_Tot,POL_Japanese_NS,POL_Japanese_Tot,POL_Korean_SEO,POL_Korean_SOLSE_VWorW,POL_Korean_SOLSE_NWorNAA,POL_Korean_SOLSE_Tot,POL_Korean_NS,POL_Korean_Tot,POL_Macedonian_SEO,POL_Macedonian_SOLSE_VWorW,POL_Macedonian_SOLSE_NWorNAA,POL_Macedonian_SOLSE_Tot,POL_Macedonian_NS,POL_Macedonian_Tot,POL_Maltese_SEO,POL_Maltese_SOLSE_VWorW,POL_Maltese_SOLSE_NWorNAA,POL_Maltese_SOLSE_Tot,POL_Maltese_NS,POL_Maltese_Tot,POL_Persian_ED_SEO,POL_Persian_ED_SOLSE_VWorW,POL_Persian_ED_SOLSE_NWorNAA,POL_Persian_ED_SOLSE_Tot,POL_Persian_ED_NS,POL_Persian_ED_Tot,POL_Polish_SEO,POL_Polish_SOLSE_VWorW,POL_Polish_SOLSE_NWorNAA,POL_Polish_SOLSE_Tot,POL_Polish_NS,POL_Polish_Tot,POL_Russian_SEO,POL_Russian_SOLSE_VWorW,POL_Russian_SOLSE_NWorNAA,POL_Russian_SOLSE_Tot,POL_Russian_NS,POL_Russian_Tot,POL_Samoan_SEO,POL_Samoan_SOLSE_VWorW,POL_Samoan_SOLSE_NWorNAA,POL_Samoan_SOLSE_Tot,POL_Samoan_NS,POL_Samoan_Tot,POL_Serbian_SEO,POL_Serbian_SOLSE_VWorW,POL_Serbian_SOLSE_NWorNAA,POL_Serbian_SOLSE_Tot,POL_Serbian_NS,POL_Serbian_Tot,POL_SAL_Filipino_SEO,POL_SAL_Filipino_SOLSE_VWorW,POL_SAL_Filipin_SOLSE_NWorNAA,POL_SAL_Filipino_SOLSE_Tot,POL_SAL_Filipino_NS,POL_SAL_Filipino_Tot,POL_SAL_Indonesian_SEO,POL_SAL_Indonesia_SOLSE_VWorW,POL_SAL_Indones_SOLSE_NWorNAA,POL_SAL_Indonesian_SOLSE_Tot,POL_SAL_Indonesian_NS,POL_SAL_Indonesian_Tot,POL_SAL_Tagalog_SEO,POL_SAL_Tagalog_SOLSE_VWorW,POL_SAL_Tagalog_SOLSE_NWorNAA,POL_SAL_Tagalog_SOLSE_Tot,POL_SAL_Tagalog_NS,POL_SAL_Tagalog_Tot,POL_SAL_Oth_SEO,POL_SAL_Oth_SOLSE_VWorW,POL_SAL_Oth_SOLSE_NWorNAA,POL_SAL_Oth_SOLSE_Tot,POL_SAL_Oth_NS,POL_SAL_Oth_Tot,POL_SAL_Tot_SEO,POL_SAL_Tot_SOLSE_VWorW,POL_SAL_Tot_SOLSE_NWorNAA,POL_SAL_Tot_SOLSE_Tot,POL_SAL_Tot_NS,POL_SAL_Tot_Tot,POL_Spanish_SEO,POL_Spanish_SOLSE_VWorW,POL_Spanish_SOLSE_NWorNAA,POL_Spanish_SOLSE_Tot,POL_Spanish_NS,POL_Spanish_Tot,POL_Tamil_SEO,POL_Tamil_SOLSE_VWorW,POL_Tamil_SOLSE_NWorNAA,POL_Tamil_SOLSE_Tot,POL_Tamil_NS,POL_Tamil_Tot,POL_Thai_SEO,POL_Thai_SOLSE_VWorW,POL_Thai_SOLSE_NWorNAA,POL_Thai_SOLSE_Tot,POL_Thai_NS,POL_Thai_Tot,POL_Turkish_SEO,POL_Turkish_SOLSE_VWorW,POL_Turkish_SOLSE_NWorNAA,POL_Turkish_SOLSE_Tot,POL_Turkish_NS,POL_Turkish_Tot,POL_Vietnamese_SEO,POL_Vietnamese_SOLSE_VWorW,POL_Vietnamese_SOLSE_NWorNAA,POL_Vietnamese_SOLSE_Tot,POL_Vietnamese_NS,POL_Vietnamese_Tot,POL_Oth_SEO,POL_Oth_SOLSE_VWorW,POL_Oth_SOLSE_NWorNAA,POL_Oth_SOLSE_Tot,POL_Oth_NS,POL_Oth_Tot,POL_Tot_SEO,POL_Tot_SOLSE_VWorW,POL_Tot_SOLSE_NWorNAA,POL_Tot_SOLSE_Tot,POL_Tot_NS,POL_Tot_Tot,P_LSatH_NS_SEO,P_LSatH_NS_SOLSE_VWorW,P_LSatH_NS_SOLSE_NWorNAA,P_LSatH_NS_SOLSE_Tot,P_LSatH_NS_NS,P_LSatH_NS_Tot,P_Tot_SEO,P_Tot_SOLSE_VWorW,P_Tot_SOLSE_NWorNAA,P_Tot_SOLSE_Tot,P_Tot_NS,P_Tot_Tot
101,..,413,58,470,6,471,..,209,24,233,6,234,..,320,19,339,3,342,..,455,57,515,7,520,..,114,4,119,3,123,..,148,10,163,0,161,..,303,23,325,0,327,..,1558,137,1691,22,1707,..,945,103,1044,14,1056,..,86,10,95,10,100,..,93,73,164,0,165,..,783,154,941,6,950,..,113,3,117,0,114,..,60,10,70,0,71,..,193,13,205,3,207,..,140,9,157,0,160,..,88,4,96,0,94,..,313,44,365,11,370,..,237,3,242,0,245,..,129,18,141,3,143,..,364,9,372,3,378,..,62,3,65,0,70,..,799,29,830,4,832,..,392,39,423,10,434,..,72,7,74,0,73,..,204,41,243,12,252,..,68,9,76,0,75,..,161,43,210,0,210,..,1665,287,1950,66,2014,..,11299,1459,12763,234,12991,..,598,48,648,15846,16493,189352,11895,1509,13410,16077,218843
102,..,628,83,717,18,732,..,78,0,74,0,74,..,335,18,355,0,362,..,212,29,246,3,242,..,71,0,71,0,71,..,124,5,130,0,130,..,235,23,251,5,254,..,1049,81,1126,4,1134,..,1041,97,1140,14,1155,..,374,45,418,0,414,..,439,188,625,8,636,..,33,4,39,0,39,..,404,12,411,6,416,..,98,17,111,3,113,..,281,21,305,8,311,..,443,63,511,3,509,..,123,15,131,0,131,..,171,18,191,5,197,..,377,16,389,6,398,..,252,20,273,0,272,..,648,19,661,11,673,..,114,11,127,3,132,..,1390,62,1453,20,1470,..,1370,140,1506,21,1524,..,124,12,132,0,132,..,449,99,543,5,551,..,101,15,119,0,119,..,268,76,347,0,347,..,3035,491,3528,79,3608,..,16579,2384,18966,254,19219,..,959,88,1049,17700,18743,289774,17540,2471,20010,17952,327736
103,..,172,12,183,3,190,..,84,12,94,0,94,..,158,4,167,0,173,..,173,34,206,0,210,..,55,0,55,0,56,..,83,4,86,3,84,..,224,20,238,3,244,..,768,77,843,7,852,..,329,47,372,4,374,..,81,12,91,0,92,..,82,36,117,0,117,..,19,0,22,0,25,..,61,0,62,0,62,..,66,10,78,0,74,..,88,7,88,0,88,..,120,16,135,0,135,..,26,0,26,0,26,..,63,5,70,0,70,..,200,4,206,5,209,..,59,4,65,0,68,..,281,7,286,8,293,..,50,0,52,3,55,..,587,14,603,17,627,..,206,22,225,6,230,..,98,12,115,0,115,..,135,43,176,3,179,..,27,4,29,0,29,..,145,47,194,5,195,..,1347,253,1599,43,1636,..,6238,953,7188,131,7316,..,511,33,538,17703,18238,180602,6751,979,7732,17828,206155
104,..,74,6,84,5,89,..,16,10,25,0,25,..,99,5,103,0,103,..,1087,234,1324,19,1341,..,20,0,16,0,16,..,33,6,34,0,40,..,53,3,61,0,60,..,1306,263,1566,22,1586,..,233,16,246,7,253,..,112,18,131,0,132,..,31,17,47,0,50,..,11,0,12,0,12,..,23,0,23,0,22,..,26,19,49,0,49,..,62,0,64,0,66,..,56,3,60,0,60,..,25,0,24,0,21,..,18,0,18,0,18,..,95,3,102,3,104,..,68,5,74,0,74,..,155,4,163,4,164,..,55,3,53,0,53,..,374,16,387,5,396,..,282,25,306,3,308,..,34,0,34,0,34,..,134,17,150,0,150,..,10,0,10,0,10,..,61,27,86,3,87,..,1185,521,1705,42,1752,..,5626,1181,6805,142,6947,..,389,24,417,9476,9889,119455,6022,1200,7218,9614,136288
105,..,84,14,98,0,103,..,90,7,93,0,96,..,104,4,112,0,112,..,84,3,92,3,91,..,117,10,126,0,127,..,90,20,112,0,110,..,349,22,371,0,369,..,826,72,896,5,903,..,124,14,135,7,142,..,35,4,41,0,39,..,40,18,59,0,59,..,12,0,12,0,12,..,27,0,31,0,31,..,28,0,32,0,32,..,19,0,20,0,20,..,25,0,25,0,25,..,4,0,3,0,3,..,54,9,66,0,66,..,102,4,112,3,112,..,30,4,31,0,31,..,183,10,198,4,199,..,37,0,37,0,37,..,358,21,378,4,384,..,70,9,82,0,82,..,65,3,66,0,69,..,48,12,60,0,60,..,7,0,7,0,9,..,72,9,79,0,82,..,692,102,791,13,803,..,3517,419,3938,66,4002,..,333,21,353,10964,11313,98454,3852,441,4291,11027,113779
106,..,220,17,230,3,237,..,83,14,94,0,91,..,187,9,199,3,199,..,198,15,213,0,213,..,44,3,55,0,56,..,103,7,108,0,114,..,127,10,135,0,140,..,744,61,802,10,810,..,343,24,365,6,374,..,104,11,117,3,115,..,75,42,118,3,118,..,48,0,44,0,44,..,57,0,63,0,65,..,13,3,20,0,20,..,159,16,175,0,179,..,74,8,84,0,84,..,70,4,77,0,77,..,46,4,51,3,58,..,270,3,276,0,279,..,68,3,70,0,70,..,398,8,408,8,415,..,63,0,64,0,64,..,804,17,825,10,837,..,329,39,367,10,373,..,57,8,63,0,63,..,209,57,266,3,270,..,42,8,54,0,54,..,145,64,205,3,209,..,1366,295,1657,54,1712,..,7094,1004,8097,153,8255,..,544,39,583,17691,18268,236895,7639,1039,8678,17841,263416
107,..,1745,293,2034,36,2068,..,164,9,167,0,167,..,454,19,472,3,478,..,123,14,132,3,133,..,208,9,221,0,221,..,308,18,332,0,330,..,285,13,295,0,297,..,1539,75,1618,8,1622,..,3615,634,4247,100,4354,..,263,29,290,3,297,..,247,114,366,3,369,..,4939,1294,6234,82,6318,..,504,34,543,10,556,..,396,60,455,3,462,..,437,60,495,7,501,..,188,27,217,0,220,..,86,3,86,0,86,..,1353,344,1702,13,1717,..,283,6,292,5,297,..,286,29,317,0,319,..,560,24,585,14,599,..,191,15,210,0,212,..,1321,82,1406,22,1426,..,2042,346,2387,11,2402,..,185,6,190,0,191,..,522,123,646,3,651,..,1002,219,1222,9,1235,..,962,335,1297,3,1296,..,4485,1144,5633,123,5747,..,34612,7154,41764,558,42321,..,740,121,854,13907,14763,236409,35348,7269,42619,14465,293494
108,..,127,5,135,3,140,..,36,0,36,0,36,..,93,3,98,0,98,..,80,10,93,0,91,..,32,4,36,0,36,..,29,0,29,0,29,..,112,8,124,0,124,..,380,24,405,0,410,..,274,20,289,13,298,..,110,7,114,0,114,..,45,33,80,0,80,..,12,0,12,0,12,..,61,9,65,0,65,..,25,0,24,0,24,..,77,0,82,0,80,..,55,7,59,0,57,..,8,0,8,0,8,..,40,7,43,0,43,..,147,4,148,0,146,..,67,4,72,0,72,..,214,4,217,3,218,..,29,0,31,0,31,..,456,13,463,3,468,..,286,23,313,0,315,..,18,0,16,0,16,..,164,29,190,5,199,..,25,0,24,0,24,..,93,24,118,5,119,..,924,143,1064,53,1117,..,4996,560,5549,140,5686,..,575,24,607,14767,15371,191140,5571,584,6158,14904,212201
109,..,182,17,196,0,197,..,97,9,105,0,105,..,150,13,165,0,162,..,256,48,305,8,316,..,86,3,93,0,93,..,38,14,57,0,57,..,385,269,660,4,662,..,1023,358,1375,11,1391,..,372,41,408,6,421,..,42,14,50,0,50,..,45,19,61,0,61,..,15,0,15,0,15,..,12,0,12,0,12,..,28,5,31,0,31,..,28,7,37,0,38,..,35,4,38,0,38,..,8,0,9,0,9,..,52,4,55,0,55,..,132,3,140,3,142,..,18,0,18,0,18,..,182,3,182,0,189,..,42,5,40,0,40,..,368,14,384,9,392,..,103,8,106,0,106,..,62,0,64,0,66,..,99,21,118,0,116,..,7,0,12,0,12,..,34,17,49,3,54,..,780,165,941,25,965,..,4290,880,5165,87,5249,..,288,19,311,8911,9216,101332,4581,893,5473,8997,115803
110,..,89,5,99,5,102,..,108,13,121,0,121,..,169,11,179,3,181,..,141,20,167,0,167,..,90,4,91,0,98,..,80,4,87,0,86,..,269,14,284,3,284,..,857,68,928,11,932,..,172,17,188,3,196,..,81,16,99,0,101,..,88,120,210,0,215,..,5,0,5,0,5,..,18,0,18,3,17,..,55,5,63,0,63,..,33,3,38,0,38,..,56,8,61,0,61,..,15,0,16,0,16,..,32,5,41,0,41,..,232,5,238,7,248,..,53,3,52,0,58,..,450,14,468,9,476,..,50,3,49,0,49,..,779,29,811,19,823,..,125,14,136,3,143,..,75,11,85,0,84,..,112,27,134,0,137,..,17,3,23,0,23,..,131,48,177,0,176,..,990,188,1176,35,1211,..,5574,1005,6582,109,6688,..,496,33,533,15114,15652,159220,6073,1044,7116,15222,181555
111,..,924,146,1071,14,1084,..,277,17,297,0,294,..,506,25,529,5,533,..,286,24,318,7,321,..,214,17,232,3,235,..,320,28,347,3,351,..,350,30,375,3,377,..,1956,143,2094,19,2118,..,1196,166,1364,25,1383,..,257,29,290,0,290,..,420,164,583,11,590,..,1369,265,1637,15,1645,..,62,9,65,0,65,..,259,33,293,0,296,..,508,46,551,3,555,..,207,18,223,0,220,..,341,15,363,6,363,..,294,61,349,3,351,..,331,15,345,8,351,..,224,17,237,6,239,..,586,18,607,9,616,..,190,9,197,0,201,..,1330,58,1385,26,1412,..,803,84,888,6,896,..,302,27,327,0,334,..,382,121,510,3,512,..,67,9,80,0,80,..,456,178,638,3,637,..,3527,779,4313,112,4419,..,20555,3490,24044,304,24344,..,866,100,970,16166,17138,317626,21421,3591,25011,16473,359106
112,..,192,0,189,4,194,..,35,0,35,0,33,..,136,3,133,0,133,..,351,60,411,12,422,..,39,0,41,0,41,..,53,8,60,0,60,..,87,3,94,0,94,..,701,75,771,9,786,..,831,72,898,23,923,..,499,83,581,8,593,..,61,25,83,0,83,..,14,0,14,3,14,..,42,0,42,0,42,..,26,3,31,0,31,..,97,3,103,0,103,..,72,7,75,0,83,..,34,0,36,0,33,..,26,3,32,0,32,..,190,9,195,0,196,..,119,9,123,4,129,..,323,9,327,4,330,..,62,0,62,0,60,..,687,23,707,8,719,..,578,33,606,7,616,..,23,0,27,0,27,..,301,34,336,3,339,..,43,4,43,0,43,..,119,31,154,0,153,..,1823,247,2075,57,2134,..,9077,912,9989,185,10181,..,713,59,771,18564,19332,210091,9788,967,10756,18755,239604
113,..,120,4,120,0,125,..,109,3,109,3,109,..,226,22,248,0,249,..,783,219,1001,7,1013,..,106,8,109,0,115,..,154,23,179,0,181,..,347,84,432,10,439,..,1719,360,2081,22,2100,..,2005,368,2368,47,2412,..,42,7,44,0,44,..,77,41,121,0,121,..,13,0,13,0,13,..,22,3,25,0,25,..,78,28,100,0,104,..,31,0,32,0,32,..,29,3,32,0,32,..,244,36,283,14,294,..,24,0,25,0,30,..,326,16,336,0,340,..,27,3,26,0,26,..,361,9,377,0,376,..,101,18,122,3,120,..,813,41,855,4,862,..,189,25,217,10,224,..,111,32,146,0,145,..,86,22,103,0,103,..,71,57,131,0,129,..,100,27,125,5,128,..,2055,553,2608,55,2669,..,9461,2183,11643,186,11825,..,389,37,419,12185,12609,131503,9846,2213,12062,12372,155934
114,..,403,43,443,9,455,..,43,3,47,0,51,..,112,4,118,3,118,..,85,4,88,3,90,..,31,0,31,0,31,..,13,0,13,0,13,..,228,15,242,0,242,..,518,24,544,3,549,..,572,59,630,14,643,..,92,14,101,3,108,..,34,20,51,3,54,..,85,18,104,0,104,..,126,3,130,0,127,..,25,0,25,3,31,..,122,12,134,3,142,..,57,13,62,0,67,..,27,0,28,0,28,..,79,12,87,8,95,..,75,0,75,0,75,..,84,3,89,0,89,..,208,7,222,0,218,..,46,0,46,0,48,..,415,13,423,3,428,..,318,35,355,0,350,..,18,0,18,0,18,..,141,41,187,0,189,..,31,4,35,0,35,..,101,39,134,3,140,..,892,147,1037,31,1064,..,5817,799,6616,102,6714,..,396,19,418,9975,10390,130255,6213,821,7035,10075,147363
115,..,1098,86,1181,14,1196,..,595,20,619,0,619,..,3533,92,3623,24,3642,..,1373,126,1501,9,1507,..,1771,54,1826,11,1841,..,1111,49,1161,14,1182,..,1377,62,1439,0,1439,..,9764,398,10165,56,10226,..,2071,192,2264,22,2283,..,316,20,337,0,341,..,2815,964,3787,34,3818,..,81,7,84,3,91,..,848,48,898,3,900,..,2133,253,2383,18,2402,..,571,26,596,10,611,..,507,50,557,0,559,..,33,3,32,0,32,..,338,34,371,0,371,..,829,12,849,3,851,..,991,67,1063,6,1070,..,1278,18,1300,4,1301,..,119,0,119,0,119,..,3220,108,3320,14,3336,..,1559,124,1679,9,1683,..,2167,69,2234,11,2247,..,268,84,351,0,356,..,424,32,457,0,457,..,559,92,650,6,654,..,4256,578,4839,107,4948,..,54908,8002,62910,484,63396,..,507,61,563,7646,8212,156141,55411,8065,63477,8128,227739
116,..,1704,271,1973,22,1997,..,3154,250,3412,23,3432,..,12860,693,13555,129,13689,..,10761,1251,12015,96,12107,..,2030,110,2135,5,2143,..,4886,586,5470,68,5538,..,7249,789,8035,83,8116,..,40947,3674,44624,396,45020,..,1699,224,1921,13,1934,..,170,22,191,0,191,..,1197,669,1862,20,1879,..,229,40,265,3,266,..,2130,220,2351,23,2376,..,1514,392,1911,21,1923,..,909,185,1091,14,1105,..,552,77,622,15,639,..,3373,349,3718,74,3796,..,774,168,939,7,953,..,6281,165,6452,53,6500,..,1437,187,1626,5,1632,..,13008,448,13455,136,13591,..,580,25,606,6,611,..,21308,825,22129,200,22327,..,2555,444,2997,21,3020,..,4609,593,5204,36,5237,..,415,119,532,4,535,..,1881,522,2400,29,2427,..,902,303,1199,20,1224,..,16575,3404,19976,439,20415,..,121295,17144,138435,1515,139947,..,1042,268,1308,16554,17859,181836,122328,17411,139739,18063,339637
117,..,5217,1683,6898,51,6946,..,1923,164,2085,32,2120,..,1761,50,1807,13,1824,..,227,10,237,3,243,..,271,4,280,4,279,..,377,20,393,3,393,..,1097,72,1168,8,1182,..,5659,320,5978,64,6039,..,3183,339,3526,29,3557,..,1760,378,2134,23,2157,..,2504,1044,3543,27,3574,..,511,124,638,12,645,..,289,25,317,19,329,..,760,61,822,8,832,..,721,57,773,12,781,..,1952,590,2550,15,2561,..,139,12,149,0,147,..,752,93,847,4,859,..,911,33,942,13,957,..,6107,706,6815,43,6861,..,1365,38,1407,13,1417,..,469,23,488,0,490,..,8853,799,9653,70,9724,..,5269,560,5823,58,5879,..,487,15,507,0,506,..,4968,2556,7528,64,7593,..,1138,277,1415,16,1430,..,3579,1446,5022,29,5051,..,8865,1686,10554,186,10734,..,92617,20139,112758,947,113701,..,688,131,815,32284,33099,168746,93303,20270,113572,33227,315551
118,..,5226,655,5881,55,5938,..,462,38,500,4,507,..,680,16,695,3,696,..,169,8,174,0,177,..,196,3,199,0,199,..,214,7,217,0,217,..,397,25,425,3,429,..,2117,99,2218,12,2228,..,3085,238,3323,38,3362,..,931,119,1045,10,1055,..,695,187,885,4,887,..,135,10,141,0,141,..,222,21,241,8,250,..,579,36,614,8,627,..,842,80,925,5,934,..,3208,599,3802,17,3817,..,50,4,51,0,51,..,454,50,501,5,509,..,448,9,451,3,457,..,2327,210,2535,14,2555,..,763,20,779,9,790,..,527,21,546,5,547,..,4060,255,4319,30,4346,..,3996,370,4365,29,4397,..,191,0,191,0,196,..,803,155,959,6,961,..,293,36,332,3,329,..,816,136,953,3,956,..,9507,919,10427,144,10569,..,60258,7558,67820,539,68359,..,667,68,736,23255,23986,174685,60924,7626,68556,23798,267037
119,..,28260,5710,33976,334,34311,..,10640,1149,11796,68,11857,..,4361,234,4593,37,4632,..,1404,166,1567,11,1576,..,352,16,372,5,380,..,6345,640,6983,68,7053,..,12601,774,13372,96,13463,..,35704,2981,38688,285,38969,..,7617,1189,8801,129,8933,..,1044,173,1218,10,1229,..,2825,1952,4780,45,4826,..,9230,1973,11204,123,11328,..,668,61,734,9,741,..,629,134,766,15,774,..,922,134,1055,7,1063,..,1327,217,1548,10,1553,..,1334,120,1453,19,1471,..,1490,237,1729,19,1745,..,2125,58,2187,14,2199,..,5846,910,6750,47,6795,..,4273,137,4409,32,4448,..,537,66,599,3,606,..,12775,1171,13951,100,14044,..,5626,928,6559,90,6646,..,818,65,884,6,897,..,1891,576,2471,38,2501,..,1372,262,1638,17,1653,..,16370,7966,24339,147,24486,..,16961,4577,21540,639,22176,..,261721,67151,328871,3117,331986,..,1485,598,2080,28604,30688,208749,263204,67746,330947,31725,571416
120,..,5338,1326,6668,58,6726,..,857,37,892,5,897,..,3575,144,3721,23,3741,..,538,48,579,0,584,..,273,3,278,3,278,..,716,29,750,6,755,..,5981,300,6289,49,6332,..,11947,566,12506,88,12598,..,11047,2310,13356,125,13488,..,839,145,981,13,991,..,5721,3323,9043,96,9139,..,261,34,295,3,293,..,237,19,260,0,258,..,569,74,646,7,654,..,755,105,862,9,862,..,785,85,870,8,877,..,101,3,108,0,108,..,588,70,655,4,662,..,1005,32,1038,6,1039,..,1157,94,1247,14,1266,..,1444,35,1485,18,1504,..,222,11,237,0,237,..,3836,169,4000,42,4046,..,3129,399,3529,53,3579,..,2927,288,3216,23,3242,..,1251,492,1748,8,1752,..,827,143,970,7,974,..,2737,637,3368,14,3385,..,8118,1365,9484,224,9708,..,99227,22997,122222,1085,123309,..,608,168,777,17259,18032,151957,99837,23159,122998,18345,293301
121,..,1413,115,1533,18,1551,..,636,32,661,3,667,..,3635,117,3747,24,3773,..,861,52,915,7,928,..,839,8,849,3,849,..,697,42,735,3,737,..,3325,192,3513,28,3539,..,9987,441,10422,70,10491,..,2559,241,2801,42,2842,..,4124,977,5105,33,5136,..,5906,2229,8133,75,8205,..,245,26,272,4,270,..,43,0,40,0,46,..,3383,390,3773,40,3811,..,1043,59,1100,0,1101,..,1683,197,1879,8,1887,..,41,0,40,0,40,..,424,29,448,3,456,..,1154,23,1169,5,1176,..,1483,98,1577,12,1589,..,1684,26,1708,19,1722,..,279,3,285,0,284,..,4594,150,4740,36,4774,..,3643,265,3904,30,3929,..,1065,44,1105,9,1115,..,1367,356,1727,13,1736,..,310,30,337,0,339,..,1161,199,1361,6,1365,..,8847,1195,10046,247,10294,..,98007,17621,115626,944,116573,..,772,107,883,18408,19293,269493,98781,17730,116514,19352,405356
122,..,888,64,946,16,966,..,116,0,116,3,124,..,464,24,483,0,486,..,526,64,591,0,596,..,57,0,59,0,59,..,75,9,79,0,79,..,675,47,715,3,724,..,1907,144,2047,10,2058,..,2988,372,3359,39,3396,..,989,132,1120,14,1135,..,577,247,829,11,835,..,130,12,142,0,142,..,40,0,40,0,40,..,564,53,616,10,626,..,443,32,477,3,478,..,524,70,600,0,600,..,70,0,72,0,74,..,989,163,1156,4,1162,..,371,11,378,3,382,..,402,44,439,7,443,..,799,24,825,5,835,..,84,6,88,0,91,..,1657,81,1742,19,1759,..,2077,121,2199,26,2220,..,81,0,85,0,85,..,547,101,650,6,661,..,138,19,161,0,158,..,383,87,468,8,476,..,7722,967,8693,115,8807,..,33698,4127,37825,378,38204,..,590,59,641,12252,12894,201772,34284,4188,38470,12629,252878
123,..,1125,167,1295,9,1305,..,4299,368,4669,28,4693,..,3852,190,4042,45,4090,..,1127,122,1248,10,1263,..,467,19,488,0,489,..,1396,96,1490,18,1509,..,2352,232,2588,19,2603,..,13503,1029,14526,125,14658,..,1443,136,1574,13,1590,..,104,11,117,3,124,..,161,73,232,0,238,..,380,40,417,8,426,..,439,22,456,10,466,..,240,43,283,0,285,..,644,87,731,3,729,..,414,88,501,0,504,..,3146,292,3441,73,3516,..,532,84,622,4,622,..,1159,39,1198,3,1205,..,614,68,679,8,687,..,2426,90,2518,19,2533,..,287,15,302,0,299,..,4485,205,4697,38,4732,..,3097,408,3504,41,3547,..,578,41,616,6,624,..,483,155,636,11,641,..,264,34,304,3,309,..,972,384,1347,13,1365,..,7248,1501,8752,221,8970,..,49534,6814,56344,697,57044,..,700,114,818,12935,13750,191267,50235,6929,57167,13630,262064
124,..,1285,186,1473,11,1485,..,376,12,388,3,393,..,1767,82,1847,21,1871,..,1496,189,1682,13,1699,..,465,24,484,0,484,..,757,73,834,14,845,..,858,102,961,18,973,..,5719,478,6200,73,6269,..,1470,154,1624,20,1644,..,216,27,239,0,239,..,350,139,484,9,491,..,295,42,335,7,340,..,1530,108,1639,20,1652,..,356,67,426,0,422,..,595,59,658,10,668,..,349,39,382,3,384,..,1032,69,1099,27,1126,..,382,57,432,0,435,..,1107,29,1137,17,1147,..,342,27,365,3,366,..,2190,68,2258,28,2289,..,215,11,226,0,226,..,3852,132,3983,47,4028,..,1650,190,1843,13,1857,..,451,40,489,3,491,..,430,116,543,8,550,..,543,89,640,5,640,..,492,117,608,0,605,..,5681,1013,6690,159,6851,..,34717,4338,39058,489,39546,..,706,88,791,16104,16900,250484,35417,4428,39849,16595,306933
125,..,2654,546,3199,39,3238,..,2680,206,2885,16,2899,..,11666,628,12292,95,12391,..,5014,493,5512,46,5553,..,1507,69,1577,7,1590,..,5929,567,6492,80,6575,..,15206,1385,16588,116,16705,..,42000,3354,45354,360,45711,..,3102,457,3559,46,3600,..,506,105,610,3,616,..,8773,5272,14043,115,14154,..,251,74,325,3,328,..,1409,156,1562,26,1585,..,3711,1661,5377,51,5424,..,902,120,1023,11,1036,..,990,170,1165,5,1169,..,911,101,1014,25,1035,..,850,146,999,8,1009,..,2203,78,2276,17,2298,..,1848,216,2060,23,2080,..,4013,120,4134,32,4171,..,408,27,435,0,435,..,8472,440,8909,77,8983,..,3413,593,4011,54,4065,..,9708,1248,10950,86,11043,..,928,293,1220,15,1232,..,6086,1733,7821,91,7915,..,6945,2970,9911,48,9965,..,25905,7035,32942,714,33656,..,207030,55087,262117,2508,264622,..,1189,537,1729,26082,27809,155954,208222,55625,263845,28589,448391
126,..,1386,177,1560,11,1569,..,696,41,736,6,747,..,2704,99,2800,15,2815,..,563,47,607,6,614,..,847,30,880,0,882,..,556,17,577,6,582,..,1451,58,1509,7,1522,..,6822,291,7114,40,7154,..,2721,367,3085,35,3125,..,888,146,1031,4,1039,..,5749,2743,8490,77,8564,..,161,21,185,7,190,..,92,15,106,0,106,..,1280,246,1522,16,1538,..,384,35,422,3,424,..,602,122,725,3,728,..,15,0,15,0,15,..,356,43,394,3,403,..,801,17,815,11,821,..,1310,92,1403,7,1408,..,1121,20,1140,4,1148,..,214,5,219,0,222,..,3445,132,3577,23,3601,..,1424,151,1571,15,1591,..,1428,51,1476,11,1489,..,513,147,656,0,657,..,235,36,270,3,277,..,940,131,1070,12,1079,..,5794,917,6710,136,6848,..,66881,14657,81539,619,82155,..,427,81,507,6762,7269,92694,67310,14736,82045,7382,182119
127,..,3530,541,4075,39,4107,..,952,81,1040,7,1045,..,9130,467,9598,103,9699,..,1062,124,1185,11,1197,..,360,11,372,4,373,..,2187,158,2336,29,2370,..,2096,172,2270,19,2291,..,15780,1024,16801,175,16972,..,8411,1572,9984,116,10099,..,160,10,173,3,174,..,202,121,318,0,326,..,2799,519,3319,52,3366,..,1597,115,1716,22,1740,..,833,346,1173,19,1194,..,1220,238,1457,11,1468,..,501,183,678,9,687,..,3377,333,3717,101,3817,..,6772,1984,8752,111,8863,..,1627,77,1698,9,1708,..,1080,123,1202,10,1216,..,3597,103,3700,45,3745,..,416,74,492,9,499,..,6717,377,7092,69,7165,..,9269,1979,11245,121,11368,..,978,97,1073,7,1075,..,1003,485,1485,17,1510,..,2223,412,2634,29,2660,..,29820,17823,47643,256,47897,..,38002,13622,51626,747,52366,..,179327,59357,238686,2472,241162,..,1089,388,1479,21190,22673,142130,180416,59750,240169,23660,405962
128,..,3757,345,4099,29,4134,..,117,9,129,0,130,..,382,17,391,5,398,..,192,14,207,0,214,..,74,0,77,0,75,..,94,3,97,0,97,..,425,28,455,3,461,..,1278,72,1352,13,1365,..,1647,126,1775,18,1790,..,360,46,407,4,409,..,163,57,222,0,222,..,984,92,1078,14,1090,..,186,10,198,4,205,..,122,7,127,0,127,..,446,43,488,5,492,..,850,147,999,7,999,..,59,0,65,3,67,..,292,21,312,5,318,..,291,7,298,3,298,..,387,27,413,3,415,..,453,14,466,3,466,..,71,3,77,3,80,..,1204,51,1253,12,1264,..,1472,129,1601,15,1614,..,62,0,62,0,62,..,333,73,407,3,412,..,139,16,157,0,157,..,372,61,440,9,446,..,2675,427,3099,94,3197,..,24731,3317,28047,298,28344,..,475,32,506,7895,8400,181129,25206,3351,28560,8192,217880
197,..,0,0,0,0,0,..,0,0,0,0,0,..,0,0,0,0,0,..,0,0,0,0,0,..,0,0,0,0,0,..,0,0,0,0,0,..,0,0,0,0,0,..,0,0,0,0,0,..,7,0,7,0,7,..,0,0,0,0,0,..,3,0,3,0,3,..,3,3,7,0,7,..,0,0,0,0,0,..,0,0,0,0,0,..,3,0,3,0,3,..,3,4,7,0,7,..,0,0,0,0,0,..,0,0,0,0,0,..,0,0,0,0,0,..,0,0,0,0,0,..,0,0,0,0,0,..,0,0,0,0,0,..,0,0,0,0,0,..,3,0,3,0,3,..,0,0,0,0,0,..,0,0,0,0,0,..,0,0,0,0,0,..,3,16,16,0,16,..,3,0,3,0,5,..,48,44,90,0,92,..,3,0,4,41,44,279,54,46,96,40,412
199,..,34,0,36,0,36,..,16,3,20,0,20,..,51,4,55,0,55,..,15,3,18,0,18,..,6,0,6,0,6,..,37,8,38,0,38,..,36,0,32,0,32,..,157,17,173,0,173,..,55,3,54,0,61,..,14,3,16,0,16,..,27,11,36,0,36,..,10,0,10,0,10,..,3,0,3,0,3,..,16,3,16,0,16,..,8,0,8,0,8,..,15,5,19,0,19,..,35,0,35,0,35,..,8,0,9,0,9,..,22,0,22,0,22,..,28,3,31,0,31,..,28,0,28,0,28,..,8,0,8,0,8,..,88,3,91,0,91,..,83,15,96,3,98,..,12,0,12,0,12,..,22,10,32,0,32,..,24,3,26,0,26,..,61,21,80,0,80,..,243,41,283,8,286,..,1495,314,1803,19,1822,..,36,9,43,3211,3251,7212,1529,320,1848,3230,12288
201,..,206,33,237,6,242,..,74,9,82,0,82,..,224,17,242,0,242,..,244,35,276,3,281,..,85,11,95,3,101,..,88,14,103,0,103,..,127,12,135,0,135,..,839,87,931,3,933,..,330,18,351,9,358,..,145,17,165,0,165,..,43,3,45,0,45,..,34,11,43,8,48,..,141,3,146,0,151,..,63,11,76,0,76,..,80,4,87,0,83,..,85,4,94,0,94,..,7,0,7,0,7,..,88,5,90,7,100,..,172,9,175,0,175,..,47,3,46,0,46,..,202,16,216,3,221,..,56,3,57,0,61,..,473,28,495,4,496,..,164,17,176,0,178,..,77,7,83,0,83,..,104,20,129,0,130,..,30,3,29,0,29,..,104,29,135,0,132,..,1198,212,1405,45,1452,..,6328,861,7193,101,7293,..,448,29,477,10301,10781,139419,6773,895,7662,10405,157485
202,..,209,31,235,0,232,..,59,7,61,0,65,..,199,11,209,3,210,..,207,27,231,0,237,..,101,8,109,0,116,..,70,4,73,0,74,..,128,14,140,0,140,..,754,68,830,4,831,..,322,25,340,3,346,..,79,3,76,3,84,..,44,15,61,0,61,..,19,0,20,0,20,..,62,0,60,3,65,..,33,3,40,0,40,..,44,0,48,0,49,..,46,8,51,0,51,..,24,0,23,0,23,..,22,5,31,0,32,..,192,4,200,4,208,..,99,0,99,0,99,..,185,3,187,3,192,..,45,0,46,0,45,..,521,14,532,7,542,..,126,10,142,0,142,..,71,3,76,3,79,..,73,10,80,4,85,..,32,5,35,0,35,..,83,27,112,3,113,..,1325,693,2018,59,2072,..,5334,1265,6595,114,6711,..,372,28,402,11362,11764,134612,5706,1293,6998,11476,153092
203,..,876,143,1017,12,1033,..,117,15,131,0,131,..,550,16,562,3,568,..,721,70,792,6,799,..,243,17,260,0,264,..,220,22,241,0,241,..,342,19,363,9,373,..,2190,163,2346,20,2367,..,2238,324,2561,55,2617,..,281,21,306,0,305,..,122,35,157,0,157,..,858,203,1058,16,1078,..,239,20,256,4,266,..,359,75,437,3,434,..,432,73,502,4,511,..,230,50,281,0,287,..,37,0,39,0,39,..,652,151,804,16,814,..,439,13,445,0,445,..,270,4,271,0,272,..,518,14,531,6,535,..,154,3,156,3,159,..,1378,32,1407,11,1419,..,554,98,651,11,660,..,194,8,205,0,205,..,244,58,301,3,303,..,271,57,334,3,330,..,530,204,734,9,738,..,4008,1240,5250,115,5368,..,22173,3986,26160,366,26527,..,693,60,755,16250,17010,235394,22870,4045,26915,16621,278929
204,..,188,23,211,3,215,..,27,6,36,0,37,..,142,11,155,0,155,..,229,19,250,5,254,..,103,5,108,0,104,..,58,9,70,4,69,..,250,71,320,8,327,..,817,120,939,12,950,..,1254,174,1422,29,1453,..,126,13,137,0,137,..,42,11,55,3,53,..,28,4,34,0,34,..,53,6,57,0,59,..,35,3,36,0,36,..,83,11,94,0,95,..,43,4,44,0,44,..,17,0,17,0,17,..,86,10,100,0,97,..,179,8,188,0,188,..,51,3,51,3,49,..,255,18,267,0,267,..,72,0,75,0,75,..,547,26,574,3,576,..,162,16,179,6,182,..,46,0,47,0,47,..,118,31,152,3,158,..,31,12,40,0,40,..,51,8,58,3,59,..,1056,227,1283,29,1309,..,6699,1004,7701,126,7831,..,393,22,418,12365,12783,149577,7092,1029,8122,12489,170194
205,..,558,101,656,18,674,..,80,3,87,0,87,..,210,14,221,4,226,..,237,25,264,3,267,..,182,8,187,0,186,..,87,3,95,0,92,..,142,13,161,3,159,..,938,64,1007,11,1016,..,1695,250,1942,42,1983,..,128,15,141,5,144,..,55,12,67,0,70,..,25,3,28,0,32,..,285,20,307,0,306,..,35,0,41,0,41,..,243,32,278,6,279,..,96,14,112,3,109,..,21,0,21,0,21,..,108,24,134,4,137,..,295,24,317,5,320,..,84,3,87,0,88,..,336,18,351,6,359,..,104,6,111,0,113,..,820,45,868,10,875,..,317,37,359,0,358,..,117,16,132,3,138,..,158,52,208,0,215,..,25,7,33,0,33,..,214,103,322,4,323,..,1723,363,2091,52,2137,..,10700,1634,12332,211,12536,..,680,42,724,20806,21532,237339,11381,1676,13053,21020,271416
206,..,13508,4278,17788,143,17926,..,834,39,877,6,886,..,4697,153,4849,35,4887,..,827,59,886,6,894,..,987,36,1015,3,1017,..,1124,63,1182,7,1192,..,3835,183,4022,25,4044,..,12301,535,12840,80,12916,..,14234,2791,17020,176,17202,..,2186,472,2660,27,2687,..,2668,1149,3817,32,3848,..,967,151,1115,12,1128,..,577,38,617,11,626,..,1461,147,1607,19,1631,..,1209,121,1326,8,1335,..,1875,831,2702,27,2731,..,106,0,103,0,110,..,962,121,1084,8,1096,..,886,14,905,3,902,..,4195,213,4405,27,4428,..,1072,16,1082,7,1093,..,1099,32,1134,8,1143,..,7246,272,7523,47,7567,..,6560,577,7134,44,7181,..,1511,63,1572,14,1590,..,2195,568,2767,18,2783,..,1839,423,2255,24,2276,..,6266,2476,8743,74,8809,..,15637,2462,18099,422,18519,..,148548,28322,176872,1651,178518,..,1232,235,1469,49873,51337,361824,149781,28555,178341,51524,591679
207,..,12036,2072,14108,118,14231,..,464,32,491,3,494,..,3005,92,3103,29,3126,..,1102,68,1168,3,1176,..,1770,48,1816,16,1828,..,708,40,745,8,751,..,2134,126,2261,10,2268,..,9181,406,9585,68,9654,..,7380,876,8255,92,8352,..,996,124,1126,10,1132,..,1776,600,2379,16,2394,..,767,87,856,11,862,..,194,5,202,0,202,..,2715,482,3202,24,3221,..,628,43,672,3,675,..,568,44,612,3,616,..,35,0,35,0,35,..,385,47,440,5,447,..,455,9,460,0,456,..,1565,115,1676,6,1687,..,588,4,591,4,591,..,423,16,434,0,436,..,3022,140,3162,12,3172,..,1560,158,1722,16,1730,..,1347,39,1387,9,1395,..,677,126,802,3,804,..,434,57,490,0,495,..,3330,623,3953,22,3975,..,5522,951,6470,184,6653,..,105104,23005,128106,954,129062,..,756,177,936,14473,15410,215176,105864,23180,129041,15429,359644
208,..,11400,2190,13585,123,13707,..,392,3,397,0,397,..,3178,140,3312,21,3328,..,938,65,1000,8,1007,..,933,32,968,7,968,..,311,13,324,4,328,..,2436,203,2641,15,2656,..,8187,453,8645,49,8692,..,4617,476,5087,61,5147,..,1537,335,1878,15,1888,..,921,277,1203,12,1209,..,214,21,233,0,235,..,175,9,185,0,181,..,497,66,564,5,572,..,1780,191,1973,11,1984,..,6475,1266,7734,57,7797,..,54,4,55,0,55,..,874,72,948,6,958,..,578,13,592,3,595,..,829,47,872,0,876,..,769,22,788,3,793,..,273,12,286,3,285,..,2445,90,2535,9,2552,..,2284,168,2446,32,2477,..,1144,56,1205,13,1212,..,655,143,796,8,802,..,756,136,888,9,897,..,1563,250,1816,11,1828,..,11870,1344,13215,225,13439,..,80943,12299,93246,836,94079,..,909,135,1040,18911,19950,289673,81856,12433,94292,19741,403707
209,..,12924,2651,15577,163,15733,..,784,61,847,5,850,..,5345,295,5641,60,5703,..,7088,828,7919,104,8025,..,2767,174,2945,17,2959,..,1885,186,2068,27,2096,..,2856,237,3089,21,3115,..,20723,1785,22511,240,22744,..,18407,3474,21880,301,22178,..,803,95,906,4,912,..,467,145,615,5,617,..,10802,2210,13014,136,13154,..,1294,100,1394,14,1411,..,1859,595,2456,22,2477,..,700,63,762,11,778,..,549,81,630,4,633,..,937,65,1005,13,1021,..,1168,229,1399,9,1406,..,1322,47,1368,13,1379,..,796,71,867,3,875,..,1670,39,1711,21,1736,..,567,36,605,6,611,..,4357,198,4556,44,4598,..,2193,245,2442,37,2476,..,2787,289,3071,36,3106,..,709,148,855,6,863,..,1937,362,2299,24,2325,..,5980,2444,8424,80,8504,..,13750,2828,16573,416,16995,..,133322,27074,160390,1914,162307,..,1207,338,1545,24176,25724,307322,134529,27406,161940,26092,495353
210,..,6336,1323,7661,88,7749,..,881,81,965,18,978,..,3634,195,3831,35,3865,..,5351,669,6026,65,6088,..,3711,250,3965,27,3996,..,5413,550,5964,75,6042,..,2904,414,3315,28,3342,..,21898,2163,24057,255,24315,..,14876,2870,17742,288,18033,..,297,43,343,3,348,..,207,71,275,3,282,..,1111,134,1246,12,1261,..,2093,111,2202,39,2243,..,696,317,1013,22,1034,..,863,110,971,14,984,..,259,31,295,0,290,..,1921,165,2091,36,2123,..,784,137,921,0,922,..,1309,40,1348,9,1359,..,462,34,492,10,505,..,1774,65,1835,19,1860,..,580,41,619,4,622,..,4124,179,4306,45,4344,..,1995,290,2286,16,2306,..,916,102,1017,7,1028,..,449,135,588,4,600,..,12564,3241,15806,170,15981,..,2937,1200,4139,25,4160,..,17818,5803,23616,387,24000,..,117509,24192,141706,1735,143441,..,930,324,1260,19239,20499,199430,118445,24517,142965,20977,363371
211,..,3980,446,4426,39,4462,..,338,13,349,0,349,..,2848,126,2978,12,2991,..,1833,200,2031,21,2049,..,3003,115,3114,28,3141,..,561,31,588,6,593,..,1949,146,2096,17,2107,..,10530,626,11159,76,11238,..,4917,573,5486,63,5548,..,708,93,807,9,814,..,1057,439,1498,14,1511,..,301,28,327,5,331,..,229,11,241,0,242,..,1649,372,2014,22,2041,..,1223,168,1383,10,1395,..,604,63,666,7,677,..,95,7,98,3,102,..,516,97,612,6,613,..,886,31,919,8,922,..,1152,76,1227,14,1238,..,1140,20,1162,8,1175,..,409,14,424,0,425,..,3587,143,3726,28,3752,..,1740,183,1918,16,1940,..,1478,66,1548,11,1561,..,722,115,842,6,848,..,291,43,337,0,337,..,1970,643,2613,22,2639,..,9184,3515,12702,268,12965,..,76818,15998,92812,873,93682,..,1102,168,1269,19613,20883,385044,77916,16163,94079,20479,499608
212,..,15466,3496,18957,170,19125,..,2313,134,2449,20,2466,..,10618,599,11224,68,11289,..,13990,1633,15621,167,15789,..,16943,1090,18034,136,18171,..,3853,417,4267,35,4305,..,5226,491,5711,28,5744,..,52939,4369,57304,450,57753,..,8316,1579,9895,152,10052,..,1169,197,1369,6,1373,..,2383,1029,3411,26,3434,..,873,145,1019,11,1035,..,635,38,671,6,684,..,2269,668,2942,21,2967,..,2700,482,3179,36,3211,..,2113,446,2555,37,2587,..,3188,299,3487,67,3557,..,4245,1188,5428,62,5490,..,3104,80,3186,33,3225,..,3103,309,3411,19,3430,..,3888,106,3997,46,4039,..,1462,135,1600,12,1610,..,11557,639,12187,119,12308,..,5406,870,6278,71,6347,..,9166,1076,10241,79,10317,..,1243,347,1591,13,1611,..,2896,668,3564,37,3604,..,15417,7758,23175,140,23319,..,52973,16828,69807,1149,70955,..,257407,60468,317869,3178,321047,..,1902,628,2522,35450,37974,396245,259301,61090,320394,38630,755265
213,..,9853,2176,12029,102,12136,..,3646,320,3963,25,3992,..,12888,711,13597,98,13704,..,15354,1884,17238,170,17410,..,3645,210,3853,35,3894,..,6268,671,6942,62,7004,..,6853,694,7549,69,7616,..,48667,4484,53149,461,53609,..,11060,1718,12779,160,12945,..,860,114,979,3,982,..,1045,384,1429,10,1440,..,8025,1783,9809,101,9905,..,9196,882,10076,126,10205,..,1171,387,1553,12,1569,..,2644,504,3148,34,3180,..,892,128,1015,0,1012,..,3589,301,3891,69,3960,..,3636,765,4409,56,4464,..,6222,184,6404,54,6458,..,2500,203,2704,30,2734,..,8564,281,8840,88,8929,..,1476,92,1568,15,1581,..,18761,756,19517,182,19701,..,7067,1099,8163,90,8250,..,3693,540,4229,56,4283,..,1339,283,1615,19,1637,..,3473,691,4167,37,4196,..,31570,15897,47469,405,47870,..,38036,10299,48333,964,49297,..,246905,54860,301767,3386,305154,..,2085,644,2723,41497,44221,378070,248989,55504,304493,44882,727443
214,..,1987,305,2286,26,2315,..,45,3,47,0,49,..,520,30,550,8,556,..,294,38,326,4,332,..,272,21,293,3,301,..,86,3,86,0,91,..,194,12,208,0,208,..,1404,104,1508,16,1522,..,2143,208,2351,39,2393,..,262,19,283,4,280,..,75,20,92,3,99,..,107,13,120,3,125,..,158,3,162,0,158,..,109,9,122,0,122,..,447,48,495,3,495,..,543,97,644,0,644,..,207,14,222,0,223,..,341,43,389,3,391,..,442,3,443,4,445,..,226,11,241,3,248,..,592,12,606,3,613,..,105,8,109,4,108,..,1362,37,1396,15,1414,..,854,94,949,9,957,..,334,33,366,0,366,..,377,71,446,3,454,..,179,21,194,3,199,..,217,63,278,4,289,..,3937,680,4619,113,4733,..,20673,2634,23308,338,23650,..,725,52,782,16303,17084,248413,21397,2692,24089,16642,289142
215,..,388,81,465,6,470,..,67,0,67,0,67,..,115,7,127,0,127,..,402,63,467,12,474,..,103,4,105,0,110,..,48,5,55,0,54,..,116,4,122,0,122,..,854,84,938,15,954,..,1351,198,1542,32,1579,..,54,21,74,0,74,..,60,40,98,0,98,..,7,4,10,0,10,..,27,0,27,0,27,..,28,17,44,0,42,..,40,3,44,0,44,..,22,0,26,0,26,..,61,10,71,0,71,..,28,0,29,0,34,..,220,13,232,0,237,..,65,13,83,0,81,..,224,10,230,0,230,..,141,56,196,4,204,..,651,92,744,4,753,..,79,15,88,0,88,..,82,33,114,0,117,..,105,28,131,3,138,..,336,144,482,3,484,..,213,232,447,13,454,..,1932,682,2611,48,2661,..,7671,2119,9796,153,9948,..,407,52,456,12356,12812,127271,8080,2170,10247,12515,150035
216,..,237,36,274,3,284,..,46,0,45,0,49,..,143,6,155,0,153,..,841,163,1003,17,1018,..,143,7,148,0,151,..,130,12,145,0,148,..,191,26,217,0,217,..,1497,221,1716,25,1739,..,1561,260,1820,32,1850,..,37,12,46,0,43,..,43,14,54,0,54,..,193,26,220,3,221,..,20,0,20,0,20,..,71,20,92,0,92,..,43,3,40,0,40,..,21,0,21,0,21,..,201,14,218,3,221,..,32,10,46,0,41,..,267,11,272,0,276,..,30,4,42,0,41,..,260,5,272,0,273,..,78,21,97,0,93,..,638,39,677,3,685,..,68,9,80,0,80,..,75,9,82,0,82,..,114,23,139,3,140,..,369,138,504,3,509,..,41,20,58,0,61,..,2020,795,2818,73,2895,..,9285,2339,11622,192,11815,..,370,64,440,9974,10408,107747,9661,2403,12058,10163,129971
217,..,111,7,121,3,122,..,22,0,22,0,22,..,71,4,76,0,80,..,48,7,53,0,55,..,96,11,107,0,107,..,7,0,4,0,4,..,39,3,41,0,46,..,276,26,304,3,307,..,140,17,158,5,161,..,76,5,86,0,86,..,30,66,98,0,98,..,3,0,3,0,3,..,39,4,41,3,40,..,16,9,17,0,17,..,24,0,24,0,29,..,29,8,38,0,38,..,8,0,8,0,8,..,13,0,9,0,12,..,152,3,155,0,155,..,77,10,81,0,86,..,138,3,138,0,139,..,42,6,51,0,51,..,406,21,428,3,427,..,68,9,78,0,75,..,37,0,37,0,37,..,80,16,99,0,99,..,16,3,21,0,21,..,52,16,65,0,65,..,620,99,723,27,757,..,3122,651,3766,73,3836,..,356,28,383,8442,8821,110036,3473,681,4149,8508,122701
297,..,0,0,0,0,0,..,0,0,0,0,0,..,0,0,0,0,0,..,0,0,0,0,0,..,0,0,0,0,0,..,0,0,0,0,0,..,0,0,0,0,0,..,0,0,0,0,0,..,0,0,0,0,0,..,0,0,0,0,0,..,0,0,0,0,0,..,0,0,0,0,0,..,0,0,0,0,0,..,0,0,0,0,0,..,0,0,0,0,0,..,3,0,3,0,3,..,0,0,0,0,0,..,0,0,0,0,0,..,0,0,0,0,0,..,0,0,0,0,0,..,0,0,0,0,0,..,0,0,0,0,0,..,0,0,0,0,0,..,0,0,0,0,0,..,0,0,0,0,0,..,0,0,0,0,0,..,0,0,0,0,0,..,0,0,0,0,0,..,0,0,0,0,0,..,5,0,10,0,10,..,0,0,0,3,3,18,5,0,10,3,29
299,..,36,3,41,0,41,..,8,0,8,0,8,..,27,3,28,0,28,..,23,0,25,0,25,..,10,0,10,0,10,..,10,3,17,0,17,..,21,0,23,0,23,..,97,9,104,0,104,..,58,7,69,3,68,..,7,3,9,0,9,..,20,20,37,0,37,..,9,0,9,0,9,..,3,0,4,0,4,..,14,8,22,0,22,..,5,0,5,0,5,..,11,7,19,0,19,..,12,0,17,0,17,..,9,0,9,0,9,..,11,0,11,0,14,..,11,0,11,0,11,..,16,0,16,0,16,..,3,0,3,0,3,..,42,0,41,0,42,..,49,9,60,0,60,..,11,3,14,0,14,..,9,3,14,0,14,..,34,4,36,0,41,..,62,27,90,3,95,..,220,74,296,11,307,..,1036,339,1376,22,1393,..,37,4,42,1929,1976,4201,1069,343,1412,1951,7565
301,..,674,38,712,3,716,..,15,0,16,0,16,..,673,21,700,7,707,..,490,46,535,6,539,..,252,13,267,0,270,..,61,4,64,0,64,..,313,29,341,0,341,..,1803,117,1923,15,1936,..,690,48,743,20,757,..,361,45,400,7,408,..,220,56,272,3,280,..,32,4,34,0,34,..,52,0,53,0,53,..,226,23,252,3,249,..,254,29,281,0,281,..,294,40,330,0,337,..,165,16,174,6,180,..,118,11,133,0,133,..,410,13,427,4,431,..,127,5,134,3,137,..,633,10,646,6,654,..,119,8,131,0,132,..,1296,32,1329,14,1348,..,836,82,919,10,924,..,124,7,131,3,129,..,261,46,308,5,313,..,58,11,70,0,73,..,363,120,481,5,485,..,2908,465,3370,66,3431,..,15672,1741,17422,205,17621,..,498,49,550,9441,9984,195482,16177,1791,17968,9643,223095
302,..,398,32,433,5,440,..,236,20,256,0,259,..,1874,110,1981,28,2014,..,2414,319,2734,35,2764,..,414,25,437,4,439,..,201,17,216,0,217,..,1431,188,1619,8,1627,..,6566,678,7248,75,7324,..,1904,225,2127,36,2164,..,640,70,713,6,718,..,536,173,716,7,719,..,67,5,73,0,73,..,67,4,69,3,72,..,564,88,655,4,656,..,316,33,350,10,360,..,246,32,281,0,279,..,648,32,678,10,690,..,71,6,80,0,80,..,917,28,944,3,955,..,271,39,307,3,308,..,1642,40,1685,10,1698,..,238,11,248,5,255,..,3075,118,3189,25,3209,..,1037,113,1154,7,1157,..,415,50,467,0,467,..,349,67,417,10,427,..,58,13,69,0,69,..,404,116,523,4,528,..,4959,935,5894,131,6025,..,27816,3798,31611,388,31992,..,474,67,537,9736,10271,164256,28290,3858,32147,10118,206522
303,..,3230,343,3578,23,3599,..,656,36,699,7,699,..,3772,172,3947,23,3967,..,4442,472,4913,55,4968,..,1360,67,1426,10,1440,..,1531,173,1703,14,1718,..,3209,249,3457,14,3468,..,14973,1172,16145,124,16269,..,1625,187,1811,26,1838,..,1433,233,1667,9,1678,..,4210,2090,6300,46,6348,..,264,39,304,0,310,..,36,4,45,0,45,..,980,259,1237,8,1251,..,587,50,637,7,645,..,750,105,860,3,864,..,682,53,736,9,744,..,1072,215,1289,6,1299,..,1065,34,1094,10,1103,..,966,83,1055,8,1058,..,1610,35,1652,11,1659,..,428,18,450,3,450,..,4074,172,4249,31,4275,..,2692,377,3066,19,3087,..,1098,114,1204,12,1215,..,689,149,836,3,843,..,265,45,309,5,311,..,3552,1179,4730,26,4753,..,10865,2333,13202,289,13485,..,89961,20149,110106,894,110998,..,762,163,926,15833,16755,212811,90721,20313,111035,16726,340569
304,..,242,14,256,3,257,..,343,21,361,0,365,..,1046,30,1075,10,1081,..,361,46,408,0,414,..,608,30,637,3,642,..,168,7,175,4,182,..,697,35,729,5,734,..,3217,170,3389,25,3413,..,593,30,619,6,629,..,860,100,958,8,965,..,840,256,1091,4,1095,..,92,10,100,3,103,..,8,0,13,0,13,..,829,75,901,3,902,..,364,15,384,3,385,..,357,41,394,4,397,..,66,4,71,0,73,..,170,17,184,0,184,..,235,5,237,0,241,..,638,48,684,3,690,..,335,5,341,3,345,..,601,23,618,3,626,..,1800,80,1887,10,1897,..,1422,139,1562,12,1570,..,620,29,646,3,650,..,309,54,357,0,362,..,73,5,80,0,80,..,1376,313,1688,10,1698,..,2984,449,3437,99,3533,..,26836,3220,30062,255,30311,..,332,35,367,6755,7117,141560,27173,3257,30425,7005,178991
305,..,1263,252,1514,9,1529,..,338,28,366,0,366,..,1450,78,1525,9,1533,..,828,57,885,4,889,..,431,17,446,0,446,..,296,18,316,0,317,..,1736,73,1811,13,1820,..,5072,276,5342,27,5369,..,2136,294,2430,21,2447,..,1182,315,1502,15,1511,..,1616,804,2417,11,2432,..,78,3,82,4,88,..,20,0,22,0,22,..,849,100,952,3,956,..,385,29,412,5,418,..,536,54,586,3,592,..,113,0,116,0,116,..,234,24,260,9,266,..,408,9,418,4,424,..,462,33,498,4,501,..,607,10,620,10,627,..,286,13,296,0,296,..,1762,71,1829,11,1842,..,3078,421,3496,14,3518,..,400,24,428,6,431,..,653,206,858,3,865,..,157,13,170,0,167,..,952,227,1182,4,1187,..,5572,726,6300,137,6429,..,39302,6097,45396,359,45755,..,470,82,550,19048,19598,184859,39770,6180,45949,19409,250207
306,..,276,28,302,5,312,..,57,0,56,0,56,..,286,12,300,5,300,..,1319,205,1526,22,1546,..,123,12,135,0,140,..,67,7,77,3,77,..,542,445,993,0,994,..,2405,688,3090,32,3118,..,2250,310,2552,43,2597,..,2082,498,2579,11,2593,..,688,390,1079,11,1086,..,10,0,11,0,11,..,81,4,88,3,90,..,84,3,91,0,91,..,158,16,175,0,176,..,148,17,160,0,160,..,156,12,163,4,172,..,64,4,71,3,75,..,530,20,552,7,561,..,221,24,243,6,244,..,913,40,955,7,962,..,190,5,193,5,204,..,1845,93,1944,25,1969,..,445,54,501,7,507,..,84,3,92,0,92,..,455,94,549,10,559,..,41,3,46,0,46,..,259,70,334,0,331,..,5132,996,6120,169,6294,..,23005,4086,27089,529,27621,..,797,98,892,21260,22154,190417,23804,4178,27983,21788,240190
307,..,25,0,33,0,33,..,15,3,15,0,15,..,96,4,97,0,99,..,145,22,163,8,174,..,35,0,38,0,41,..,14,0,20,0,20,..,84,5,97,0,97,..,389,35,431,9,435,..,337,65,400,11,410,..,33,7,40,0,40,..,56,53,111,0,111,..,0,0,4,0,4,..,3,0,3,0,5,..,19,0,19,0,19,..,35,10,44,0,44,..,38,0,38,0,38,..,17,0,15,0,15,..,27,4,26,0,26,..,419,14,433,4,437,..,16,0,16,0,16,..,510,15,525,7,532,..,50,4,56,0,56,..,1002,27,1033,6,1037,..,117,13,130,0,130,..,22,4,28,0,28,..,43,12,53,0,53,..,6,3,9,0,9,..,45,11,58,5,57,..,666,193,860,26,893,..,3903,631,4531,78,4616,..,335,24,357,10324,10678,110994,4235,652,4890,10401,126289
308,..,95,13,101,7,108,..,182,16,195,3,199,..,312,16,322,3,323,..,306,39,343,3,348,..,168,9,177,3,177,..,95,9,107,0,108,..,295,30,328,0,328,..,1347,120,1473,14,1485,..,175,11,194,3,195,..,110,18,134,9,137,..,125,47,170,0,170,..,9,0,11,0,11,..,12,0,12,0,12,..,71,9,81,0,82,..,66,7,73,0,73,..,110,13,122,3,125,..,64,0,64,0,66,..,30,0,31,0,31,..,686,33,720,10,726,..,103,11,116,0,116,..,970,52,1022,8,1036,..,137,8,143,3,141,..,1897,99,1998,23,2021,..,242,25,274,4,271,..,281,108,389,0,386,..,229,31,258,3,260,..,22,0,19,0,19,..,319,283,601,0,607,..,2039,547,2584,77,2664,..,9676,1635,11310,180,11483,..,502,44,544,17600,18145,191286,10180,1676,11851,17777,220912
309,..,1375,132,1505,8,1520,..,357,24,380,0,385,..,1304,52,1353,9,1362,..,1289,147,1438,14,1454,..,314,12,324,5,328,..,386,19,404,5,404,..,1153,66,1219,12,1234,..,4802,315,5120,44,5161,..,2212,161,2376,32,2406,..,4656,1125,5782,26,5815,..,2424,1033,3451,28,3480,..,274,33,312,3,315,..,266,7,269,7,275,..,768,94,867,3,868,..,891,81,971,10,979,..,1190,165,1358,11,1370,..,538,18,548,8,557,..,934,160,1095,9,1102,..,1058,30,1087,9,1091,..,681,34,716,15,730,..,1535,33,1572,7,1581,..,372,19,385,3,393,..,3647,114,3767,36,3798,..,2826,283,3108,44,3148,..,300,4,307,3,309,..,1198,269,1468,10,1478,..,458,66,525,0,530,..,773,168,942,11,948,..,10234,1347,11577,189,11771,..,58951,9190,68148,673,68814,..,1442,128,1566,40318,41884,459299,60390,9319,69717,40987,569997
310,..,180,13,189,3,197,..,441,85,531,0,531,..,1649,88,1736,13,1753,..,1044,121,1163,6,1176,..,693,49,738,0,741,..,283,24,309,0,308,..,729,48,776,7,783,..,4841,411,5248,33,5284,..,406,55,459,15,472,..,360,56,415,5,417,..,398,191,587,5,591,..,55,17,75,0,74,..,67,7,68,0,73,..,362,101,459,0,464,..,338,49,386,0,388,..,245,41,285,3,291,..,5012,541,5551,89,5642,..,348,49,397,0,399,..,829,32,856,9,870,..,272,28,305,7,309,..,1279,46,1320,21,1339,..,227,15,243,4,244,..,2605,124,2733,35,2766,..,1507,257,1771,19,1784,..,567,67,638,8,645,..,333,50,384,3,389,..,65,18,81,0,81,..,7630,4355,11991,72,12066,..,8844,2220,11069,266,11335,..,39713,9788,49506,647,50154,..,868,143,1010,24344,25351,247560,40584,9934,50516,24992,323069
311,..,433,43,475,3,481,..,155,41,198,0,202,..,1923,92,2011,22,2034,..,1295,166,1466,14,1475,..,214,10,217,0,224,..,788,128,914,11,920,..,496,37,536,0,536,..,4865,474,5343,46,5386,..,478,32,511,6,520,..,395,66,462,3,469,..,726,375,1100,3,1103,..,109,6,120,0,120,..,74,4,71,3,79,..,331,154,489,7,493,..,379,46,424,5,429,..,415,47,465,3,466,..,3901,337,4234,87,4317,..,656,121,779,3,781,..,823,24,856,3,861,..,364,38,406,7,409,..,1208,47,1249,4,1255,..,222,8,237,4,239,..,2624,125,2742,21,2766,..,1265,202,1470,13,1481,..,323,59,381,3,379,..,349,69,422,3,420,..,289,48,337,3,339,..,924,439,1363,6,1369,..,12712,4213,16919,371,17295,..,39238,8779,48021,679,48706,..,923,157,1081,19040,20125,248473,40162,8945,49104,19723,317296
312,..,61,4,67,0,65,..,80,9,92,0,92,..,224,19,239,0,239,..,176,22,204,5,209,..,116,10,127,0,127,..,78,3,79,0,82,..,192,9,207,0,206,..,872,77,945,9,956,..,293,33,330,9,336,..,148,28,170,3,172,..,92,95,191,0,191,..,3,0,3,0,3,..,295,19,317,3,322,..,25,3,28,0,28,..,59,5,69,0,69,..,74,7,76,0,76,..,62,4,71,0,72,..,28,0,28,3,27,..,664,37,703,12,713,..,128,4,127,5,130,..,1029,45,1075,14,1093,..,93,4,96,0,98,..,1902,102,2007,29,2032,..,217,17,232,0,232,..,67,5,74,0,74,..,262,40,304,3,306,..,28,3,26,0,26,..,117,57,167,0,172,..,1424,204,1629,39,1667,..,8155,1077,9225,133,9358,..,483,32,519,15815,16334,143999,8639,1105,9746,15943,169688
313,..,160,16,175,3,176,..,13,8,22,0,22,..,415,17,429,9,442,..,118,12,133,4,134,..,53,3,58,0,60,..,49,0,46,0,46,..,114,5,124,3,127,..,766,44,808,20,828,..,500,36,536,14,546,..,205,72,277,0,277,..,179,260,443,0,443,..,7,0,8,0,8,..,67,0,64,0,64,..,50,10,60,0,60,..,183,12,192,3,195,..,190,29,220,0,220,..,1111,110,1228,22,1247,..,75,5,80,0,80,..,540,24,564,7,573,..,103,9,115,7,119,..,815,53,865,13,878,..,130,13,139,0,148,..,1590,95,1680,30,1710,..,415,53,466,3,474,..,36,4,41,0,41,..,239,47,285,7,291,..,33,4,36,0,36,..,228,86,316,3,320,..,2283,361,2647,73,2721,..,11381,1962,13343,212,13558,..,685,55,744,15772,16517,206017,12065,2019,14087,15988,236091
314,..,158,6,163,0,167,..,104,7,113,0,116,..,984,37,1019,9,1027,..,546,66,610,10,622,..,166,8,171,0,174,..,77,10,84,0,83,..,428,36,471,0,475,..,2304,165,2468,20,2491,..,592,42,632,16,645,..,296,43,339,3,344,..,152,41,201,0,200,..,36,0,37,0,37,..,34,0,38,4,42,..,165,28,191,0,191,..,230,11,239,3,246,..,199,30,228,0,228,..,738,54,798,13,810,..,62,3,66,0,66,..,474,7,487,4,484,..,124,12,133,0,133,..,809,21,827,8,837,..,108,0,107,0,107,..,1519,35,1554,12,1564,..,727,75,798,12,808,..,128,14,139,0,139,..,225,34,260,3,261,..,35,4,34,0,34,..,128,51,174,0,181,..,2791,482,3274,86,3360,..,14491,1556,16050,202,16253,..,393,25,412,8209,8621,170090,14886,1582,16463,8409,194969
315,..,27,4,29,0,35,..,3,0,3,0,3,..,112,4,114,0,114,..,53,9,62,3,64,..,46,4,45,0,45,..,22,7,28,0,28,..,49,3,56,0,56,..,282,28,311,3,314,..,253,39,289,5,294,..,48,11,56,0,56,..,14,3,18,0,18,..,0,0,0,0,0,..,5,0,3,0,3,..,5,0,5,0,5,..,17,0,17,0,17,..,19,3,26,0,26,..,48,0,52,0,52,..,13,0,13,0,13,..,234,8,244,3,242,..,25,3,28,0,34,..,247,11,258,0,257,..,45,3,47,0,46,..,554,22,575,7,581,..,59,5,67,0,69,..,52,3,56,0,56,..,57,13,70,0,70,..,5,0,5,0,5,..,72,65,133,3,133,..,2213,381,2587,69,2661,..,12469,1659,14131,486,14620,..,270,92,362,8463,8830,56253,12744,1754,14497,8953,79700
316,..,274,23,299,4,300,..,42,4,49,3,47,..,283,17,305,3,306,..,380,33,409,3,410,..,93,3,96,0,96,..,89,4,91,0,91,..,482,41,523,12,535,..,1365,110,1472,20,1488,..,898,53,957,17,979,..,494,71,569,3,567,..,280,115,398,0,398,..,36,3,39,0,39,..,58,3,58,3,66,..,88,3,94,3,98,..,244,12,258,7,267,..,208,25,227,3,234,..,45,0,46,0,46,..,72,7,79,0,81,..,306,6,312,3,311,..,233,21,261,8,266,..,453,19,471,3,474,..,111,0,115,3,115,..,1104,49,1155,11,1168,..,772,45,812,7,817,..,53,0,55,0,55,..,485,90,573,3,574,..,39,7,40,3,43,..,200,55,250,3,259,..,2975,416,3393,88,3481,..,15697,1546,17241,239,17477,..,861,57,922,19406,20324,308716,16558,1605,18159,19642,346522
317,..,46,7,57,0,55,..,157,26,180,0,180,..,284,14,300,0,296,..,315,48,361,9,369,..,241,17,255,0,254,..,80,6,91,0,93,..,494,41,536,8,544,..,1570,155,1731,12,1742,..,178,16,192,6,195,..,158,31,188,3,188,..,195,127,316,8,323,..,7,0,7,0,7,..,10,0,10,0,10,..,124,22,152,0,147,..,43,0,44,0,46,..,56,7,67,3,68,..,27,5,30,0,30,..,31,0,31,0,31,..,310,8,318,12,322,..,76,9,88,0,88,..,352,9,356,4,362,..,102,4,107,0,107,..,839,31,867,16,883,..,241,28,271,0,271,..,127,6,136,0,134,..,101,14,108,3,109,..,32,4,38,0,38,..,112,32,140,0,140,..,2419,631,3055,42,3095,..,9317,1897,11217,122,11340,..,354,38,387,9435,9831,128349,9670,1934,11607,9562,149512
318,..,392,48,443,3,442,..,84,0,84,0,84,..,311,14,324,0,324,..,246,29,277,3,286,..,163,5,170,0,169,..,93,7,93,0,93,..,264,36,309,0,309,..,1163,94,1260,5,1263,..,1618,219,1837,34,1872,..,230,49,279,0,286,..,227,103,329,0,334,..,6,0,9,0,14,..,29,0,28,3,36,..,87,7,100,0,100,..,94,5,102,0,102,..,103,16,122,0,121,..,67,5,75,0,79,..,30,3,32,0,32,..,534,24,561,7,563,..,149,16,166,0,166,..,809,36,843,9,851,..,129,6,134,0,136,..,1621,78,1703,17,1715,..,416,42,455,9,464,..,192,7,199,4,204,..,228,43,275,0,273,..,15,4,15,0,15,..,273,117,388,3,396,..,3569,718,4284,112,4398,..,13526,1915,15441,254,15694,..,546,41,584,16984,17572,195766,14073,1958,16030,17236,229031
319,..,85,9,94,4,98,..,46,3,47,0,47,..,197,3,203,0,202,..,123,21,143,0,143,..,93,4,94,0,94,..,80,7,91,0,91,..,216,32,247,5,249,..,758,68,825,7,831,..,555,73,621,14,633,..,162,45,209,3,208,..,144,113,261,5,266,..,7,0,7,0,7,..,64,8,71,3,73,..,29,4,31,0,31,..,87,10,96,4,97,..,90,10,98,0,96,..,41,3,51,0,51,..,33,3,41,0,41,..,426,18,444,4,456,..,72,4,78,0,78,..,518,22,543,7,545,..,108,6,114,0,117,..,1122,57,1181,13,1193,..,199,17,211,5,221,..,80,13,86,0,93,..,213,40,254,0,256,..,106,17,124,0,124,..,166,99,262,3,271,..,1638,296,1928,60,1989,..,8539,1300,9837,164,10001,..,799,67,869,21373,22245,255645,9340,1365,10711,21535,287883
397,..,0,0,0,0,0,..,0,0,0,0,0,..,0,0,0,0,0,..,0,0,0,0,0,..,0,0,0,0,0,..,0,0,0,0,0,..,0,0,0,0,0,..,0,0,0,0,0,..,4,0,4,0,4,..,0,0,0,0,0,..,0,0,0,0,0,..,0,0,0,0,0,..,0,0,0,0,0,..,0,0,0,0,0,..,0,0,0,0,0,..,0,0,0,0,0,..,0,0,0,0,0,..,0,0,0,0,0,..,0,0,0,0,0,..,0,0,0,0,0,..,0,0,0,0,0,..,0,0,0,0,0,..,0,0,0,0,0,..,3,0,3,0,3,..,0,0,0,0,0,..,5,0,5,0,5,..,0,0,0,0,0,..,0,0,0,0,0,..,0,0,0,0,0,..,21,0,21,0,21,..,3,0,3,22,23,110,20,0,20,22,150
399,..,9,0,11,0,11,..,0,0,0,0,0,..,16,3,19,0,19,..,9,0,14,0,14,..,8,0,8,0,8,..,4,0,4,0,4,..,18,0,18,0,18,..,59,3,65,0,65,..,68,10,70,3,71,..,11,17,29,3,28,..,14,30,46,0,46,..,0,0,0,0,0,..,0,0,0,0,0,..,13,0,13,0,13,..,20,0,20,0,20,..,9,3,11,0,11,..,11,0,13,0,13,..,0,0,0,0,0,..,13,0,13,0,13,..,16,0,16,0,16,..,16,0,16,0,16,..,10,0,15,0,11,..,55,0,58,0,57,..,57,3,59,0,59,..,6,0,4,0,4,..,7,7,10,0,14,..,0,0,0,0,0,..,15,14,32,0,32,..,218,42,257,10,269,..,1024,247,1275,22,1293,..,29,6,35,2483,2524,8697,1060,255,1312,2504,12510
401,..,4587,711,5293,50,5348,..,510,36,544,3,548,..,1739,100,1839,4,1846,..,1389,160,1550,19,1570,..,987,55,1042,6,1049,..,480,47,526,5,534,..,1326,109,1437,13,1447,..,6429,509,6944,51,6992,..,9460,1636,11095,151,11252,..,700,97,797,3,794,..,1291,463,1752,19,1774,..,25,0,25,0,25,..,111,3,116,3,122,..,1073,201,1269,9,1276,..,713,68,784,3,787,..,619,88,709,4,718,..,27,0,27,0,27,..,299,41,338,3,339,..,370,11,374,0,380,..,410,25,434,0,437,..,498,14,514,3,516,..,462,17,473,3,475,..,1740,61,1799,8,1807,..,1192,92,1284,5,1294,..,678,40,715,4,725,..,363,58,426,3,431,..,103,6,110,0,112,..,1471,260,1726,5,1737,..,4696,781,5482,130,5605,..,53845,8774,62613,580,63193,..,643,92,738,13105,13842,212516,54486,8869,63348,13686,289546
402,..,2843,422,3266,48,3316,..,810,82,897,3,903,..,2263,148,2409,17,2422,..,2951,386,3342,35,3375,..,755,56,808,3,813,..,779,81,864,7,869,..,4290,1625,5915,45,5961,..,11847,2376,14229,113,14338,..,5057,777,5832,73,5907,..,318,35,358,3,359,..,617,229,852,3,854,..,213,26,232,0,232,..,313,21,327,7,333,..,1146,426,1570,16,1588,..,1680,269,1942,16,1960,..,799,175,981,6,983,..,43,3,50,3,47,..,1023,241,1265,14,1273,..,1344,32,1377,19,1398,..,342,44,385,6,391,..,1859,78,1935,24,1958,..,474,47,516,8,520,..,4018,200,4220,49,4267,..,1752,274,2022,35,2061,..,740,114,855,10,863,..,412,127,542,8,544,..,232,38,275,0,275,..,5514,2639,8153,45,8199,..,16952,6784,23734,451,24192,..,68054,18293,86353,1034,87385,..,1217,235,1448,20450,21898,313805,69272,18530,87799,21479,423086
403,..,3005,405,3407,41,3442,..,339,20,358,0,357,..,1086,68,1149,10,1160,..,919,101,1017,3,1026,..,356,23,380,0,386,..,611,101,709,3,715,..,994,94,1090,6,1095,..,4302,409,4711,28,4740,..,2005,181,2186,28,2217,..,506,58,562,3,568,..,411,113,520,0,524,..,55,3,57,0,57,..,112,5,118,4,120,..,918,269,1191,7,1192,..,1273,166,1445,10,1455,..,551,85,627,5,633,..,26,3,24,0,24,..,391,67,455,0,452,..,556,12,566,0,563,..,502,70,567,5,571,..,947,24,974,8,984,..,292,4,296,3,299,..,2296,111,2406,17,2421,..,983,87,1072,8,1081,..,394,24,414,3,413,..,295,60,353,3,362,..,84,8,89,0,95,..,537,187,726,3,729,..,4988,1055,6042,165,6208,..,34835,5500,40337,436,40776,..,868,126,997,15523,16519,298048,35700,5632,41335,15960,355341
404,..,7717,1548,9268,92,9357,..,424,42,470,3,471,..,1481,121,1601,17,1625,..,2217,287,2506,25,2530,..,228,22,242,0,242,..,599,70,674,11,684,..,1264,125,1387,12,1396,..,6209,664,6878,72,6948,..,6832,1273,8104,121,8220,..,259,43,302,0,304,..,269,70,337,0,344,..,254,29,285,3,291,..,205,14,221,3,222,..,424,126,551,5,550,..,1096,187,1283,13,1295,..,714,143,857,6,858,..,22,3,23,0,23,..,1511,486,1998,14,2014,..,727,32,751,5,762,..,258,56,314,0,314,..,1076,30,1104,8,1118,..,317,13,332,0,332,..,2377,129,2507,22,2520,..,878,92,972,4,979,..,478,51,531,3,535,..,307,75,378,0,382,..,82,5,87,0,90,..,5124,2719,7845,57,7906,..,7217,1874,9095,214,9312,..,51131,11924,63051,731,63780,..,659,166,824,10370,11193,152766,51789,12089,63877,11103,227745
405,..,154,18,174,0,180,..,19,0,17,0,18,..,33,0,29,0,29,..,22,6,32,0,32,..,12,0,18,0,18,..,43,3,45,0,45,..,24,4,29,0,29,..,153,12,168,0,173,..,286,29,310,5,314,..,39,6,42,3,41,..,6,0,6,0,6,..,3,0,3,0,3,..,15,0,15,0,15,..,14,0,14,0,14,..,36,3,38,0,38,..,14,4,16,0,16,..,0,0,0,0,0,..,15,0,15,0,14,..,154,10,164,3,164,..,25,4,24,3,24,..,133,7,145,0,145,..,21,0,21,0,21,..,330,18,352,4,356,..,57,0,57,4,59,..,29,8,29,0,29,..,44,14,55,0,59,..,3,0,6,0,6,..,45,19,66,0,66,..,398,84,483,15,492,..,2398,262,2662,49,2713,..,257,18,273,6431,6708,101093,2658,275,2932,6484,110515
406,..,253,47,296,4,299,..,54,8,67,0,67,..,96,7,109,0,107,..,128,5,135,0,136,..,93,3,96,0,99,..,28,0,24,0,24,..,39,0,40,0,40,..,439,28,471,7,474,..,238,18,252,0,258,..,22,3,27,0,28,..,21,3,23,0,23,..,8,0,11,0,11,..,5,0,10,0,10,..,17,0,17,0,16,..,27,3,29,0,29,..,14,0,20,0,20,..,0,0,0,0,0,..,52,7,57,3,64,..,163,3,166,7,174,..,29,0,31,0,31,..,246,17,263,0,263,..,31,0,34,0,34,..,477,19,493,9,502,..,86,14,102,3,110,..,51,0,58,0,58,..,44,11,62,0,62,..,6,0,4,0,4,..,39,3,48,0,46,..,452,79,532,17,547,..,5027,681,5715,97,5815,..,273,33,308,7375,7681,69328,5303,719,6017,7470,82820
407,..,864,155,1016,28,1043,..,47,0,49,0,49,..,102,9,110,0,113,..,504,114,619,13,630,..,28,3,34,0,33,..,59,7,57,0,62,..,31,3,40,0,41,..,779,132,911,18,926,..,813,96,905,14,921,..,82,10,98,3,102,..,42,31,72,0,74,..,11,3,14,0,14,..,18,0,13,0,17,..,55,41,90,0,95,..,100,14,113,0,113,..,55,4,59,0,60,..,22,4,26,7,31,..,23,0,23,0,23,..,394,23,410,3,411,..,45,5,46,0,51,..,475,16,491,4,502,..,73,9,81,0,82,..,986,51,1036,13,1051,..,77,8,82,0,84,..,53,11,72,0,72,..,89,21,111,5,118,..,89,27,118,3,121,..,187,132,318,5,328,..,1396,661,2057,41,2099,..,7907,2034,9939,167,10108,..,534,40,574,12014,12586,162043,8439,2071,10510,12183,184742
497,..,0,0,0,0,0,..,0,0,0,0,0,..,0,0,0,0,0,..,0,0,0,0,0,..,0,0,0,0,0,..,0,0,0,0,0,..,0,0,0,0,0,..,0,0,0,0,0,..,0,0,0,0,0,..,0,0,0,0,0,..,0,0,0,0,0,..,0,0,0,0,0,..,0,0,0,0,0,..,0,0,0,0,0,..,0,0,0,0,0,..,0,0,0,0,0,..,0,0,0,0,0,..,0,0,0,0,0,..,0,0,0,0,0,..,0,0,0,0,0,..,3,0,3,0,3,..,0,0,0,0,0,..,3,0,3,0,3,..,0,0,0,0,0,..,0,0,0,0,0,..,0,0,0,0,0,..,0,0,0,0,0,..,0,0,0,0,0,..,0,0,0,0,0,..,4,0,4,0,4,..,0,0,0,0,0,0,4,0,4,0,3
499,..,13,0,13,0,13,..,0,0,0,0,0,..,4,0,4,0,4,..,15,0,15,0,15,..,3,0,3,0,3,..,3,4,8,0,8,..,5,0,5,0,5,..,30,4,39,0,39,..,19,0,19,0,19,..,3,3,3,0,3,..,3,4,9,0,11,..,0,0,0,0,0,..,0,0,0,0,0,..,3,3,8,3,12,..,0,3,3,0,3,..,3,0,3,0,3,..,4,0,4,0,4,..,0,0,0,0,0,..,3,0,3,0,3,..,0,0,0,0,0,..,12,0,12,0,12,..,3,0,3,0,3,..,17,0,20,0,20,..,4,0,7,0,7,..,4,0,4,0,4,..,0,0,6,0,6,..,0,0,0,0,0,..,14,3,18,0,18,..,50,12,57,3,61,..,256,76,329,14,347,..,37,0,34,547,582,1933,291,76,367,561,2863
501,..,81,10,91,3,94,..,56,3,58,0,58,..,92,5,100,0,103,..,145,26,170,12,184,..,76,5,90,0,90,..,83,7,92,0,93,..,145,19,161,3,162,..,595,70,672,12,681,..,1356,142,1503,33,1536,..,201,25,222,0,222,..,158,109,268,0,268,..,87,5,90,5,94,..,5,0,5,0,8,..,63,9,75,0,75,..,199,6,208,3,211,..,68,15,81,0,80,..,9,0,13,0,13,..,36,0,35,0,35,..,547,8,558,3,557,..,205,20,229,3,234,..,681,18,703,8,713,..,231,14,244,0,246,..,1663,65,1731,16,1748,..,279,11,287,10,297,..,80,0,77,0,77,..,197,30,226,4,234,..,9,3,15,0,15,..,131,71,198,5,202,..,1441,254,1690,48,1739,..,9602,1220,10823,177,10999,..,474,36,510,12829,13332,151997,10075,1260,11337,12997,176330
502,..,46,3,50,0,50,..,29,0,29,0,29,..,107,15,122,0,122,..,126,7,138,0,138,..,103,7,105,0,105,..,41,8,49,0,49,..,110,9,123,3,121,..,518,47,563,4,566,..,325,24,347,4,355,..,87,11,95,0,97,..,67,38,102,0,101,..,14,0,14,0,14,..,13,0,13,0,13,..,84,9,96,0,96,..,97,4,105,0,111,..,66,5,66,0,72,..,35,0,35,0,35,..,20,0,26,0,26,..,300,3,308,0,311,..,141,5,149,0,153,..,361,13,376,8,385,..,71,3,72,0,71,..,881,25,904,13,918,..,153,15,163,0,163,..,41,3,43,3,45,..,213,29,242,3,246,..,9,0,9,0,5,..,60,33,84,3,91,..,948,134,1087,40,1126,..,5342,497,5840,108,5947,..,285,21,306,6088,6391,84395,5626,518,6150,6191,96736
503,..,822,86,913,8,924,..,247,33,280,0,277,..,871,41,915,9,927,..,241,9,253,3,256,..,268,11,285,0,285,..,281,26,313,6,320,..,1072,92,1166,3,1171,..,2988,221,3203,28,3227,..,2583,360,2940,54,2995,..,895,252,1151,11,1158,..,741,319,1060,8,1066,..,314,68,373,5,380,..,17,3,18,0,18,..,639,81,717,0,721,..,506,41,541,5,545,..,392,41,438,3,441,..,23,3,20,0,26,..,323,49,370,5,372,..,239,6,244,0,249,..,660,38,703,4,704,..,333,6,337,0,337,..,364,17,387,0,385,..,1597,73,1670,10,1681,..,1275,108,1380,11,1392,..,388,17,407,3,405,..,374,68,439,0,441,..,90,14,101,0,101,..,945,264,1211,9,1220,..,4234,514,4745,78,4824,..,29881,4148,34029,300,34330,..,376,56,435,13034,13472,121504,30258,4206,34460,13336,169301
504,..,543,68,611,11,623,..,219,21,239,4,241,..,1417,110,1524,13,1537,..,1619,228,1850,19,1863,..,390,39,434,0,432,..,470,53,519,4,527,..,1401,143,1543,14,1557,..,5511,593,6099,51,6147,..,3489,446,3939,45,3981,..,482,71,552,5,556,..,253,98,353,3,357,..,494,70,561,0,564,..,108,3,109,3,113,..,476,143,620,3,627,..,867,97,966,14,981,..,255,33,286,0,285,..,72,7,82,0,79,..,811,151,964,11,978,..,1183,60,1246,15,1266,..,567,35,605,9,612,..,1921,84,2006,19,2026,..,645,61,703,9,706,..,4317,241,4559,47,4607,..,817,72,887,9,897,..,676,61,740,5,748,..,607,101,711,11,725,..,84,25,106,0,104,..,3571,1647,5218,35,5249,..,8458,1820,10276,217,10493,..,41927,7974,49901,596,50500,..,697,98,792,16805,17599,182924,42619,8068,50692,17409,251017
505,..,1823,188,2016,8,2027,..,338,21,357,8,369,..,2149,168,2312,15,2326,..,2229,227,2458,17,2478,..,483,16,503,0,503,..,930,107,1035,17,1048,..,4184,344,4529,33,4563,..,10310,890,11193,83,11281,..,7847,938,8786,120,8901,..,1207,193,1397,8,1408,..,526,181,708,7,712,..,3821,506,4333,50,4381,..,91,6,99,0,96,..,1643,332,1976,7,1984,..,1836,199,2038,19,2060,..,787,116,906,5,911,..,131,4,134,0,137,..,1402,221,1621,18,1632,..,1314,31,1341,22,1363,..,1096,75,1175,8,1181,..,2062,62,2125,18,2148,..,1222,98,1319,7,1333,..,5696,265,5967,56,6025,..,2451,289,2739,24,2759,..,657,55,709,3,710,..,1129,193,1318,16,1337,..,235,88,326,3,328,..,6365,3247,9612,70,9682,..,17863,4258,22118,425,22546,..,90588,16345,106927,1174,108109,..,1386,210,1605,27094,28695,398308,91973,16557,108534,28273,535114
506,..,467,39,506,7,512,..,1554,145,1695,13,1704,..,3729,234,3961,23,3989,..,5076,611,5685,49,5734,..,2458,137,2597,18,2613,..,2500,234,2734,22,2757,..,2924,243,3172,23,3190,..,18243,1600,19847,143,19996,..,4018,441,4463,76,4535,..,1015,163,1175,7,1188,..,2076,1012,3091,21,3111,..,118,7,130,0,130,..,60,0,57,0,59,..,1661,316,1982,11,1989,..,938,88,1029,8,1037,..,586,59,651,4,653,..,334,32,360,4,366,..,396,58,452,0,456,..,2777,138,2911,23,2930,..,4596,467,5062,32,5096,..,4133,161,4288,46,4332,..,2598,166,2763,31,2793,..,14099,926,15030,129,15157,..,1880,187,2068,11,2088,..,3306,460,3764,38,3806,..,1354,248,1607,13,1616,..,796,176,970,8,978,..,1709,508,2216,14,2227,..,20433,4369,24809,438,25248,..,107841,19007,126851,1212,128060,..,1287,264,1553,29714,31265,329028,109131,19275,128401,30921,488354
507,..,374,34,409,6,409,..,428,23,451,3,451,..,1198,71,1265,3,1272,..,1193,116,1306,8,1315,..,648,35,684,0,682,..,356,37,391,3,393,..,887,100,990,3,988,..,4700,380,5087,25,5104,..,5177,738,5918,75,5985,..,838,149,989,8,997,..,816,457,1270,7,1280,..,144,13,160,3,162,..,48,0,50,0,50,..,952,121,1072,4,1079,..,704,64,766,7,771,..,556,57,614,4,617,..,153,9,163,3,165,..,1140,269,1409,21,1428,..,1866,52,1918,17,1930,..,2171,196,2359,18,2373,..,2961,116,3079,29,3107,..,901,44,945,3,956,..,7891,407,8304,64,8366,..,2112,225,2335,29,2363,..,812,39,848,3,856,..,835,141,975,13,985,..,130,16,147,0,151,..,718,198,921,12,928,..,9138,1443,10582,242,10824,..,55605,7730,63332,679,64018,..,991,96,1091,25567,26658,312660,56593,7829,64421,26246,403334
509,..,35,0,43,0,42,..,15,0,15,0,13,..,47,4,48,0,51,..,64,10,68,0,71,..,17,0,19,0,19,..,18,0,18,0,18,..,37,5,43,0,42,..,192,21,212,3,215,..,456,29,487,6,496,..,57,3,63,3,65,..,12,11,22,0,22,..,11,4,16,0,16,..,9,0,9,0,9,..,33,11,43,3,45,..,123,5,136,0,135,..,36,3,43,0,43,..,3,0,4,0,4,..,25,0,29,0,29,..,586,35,614,5,620,..,121,20,135,0,135,..,626,27,652,7,657,..,252,76,328,6,329,..,1575,150,1727,17,1742,..,102,8,108,4,113,..,48,4,52,0,52,..,117,18,134,0,138,..,3,0,3,0,3,..,87,47,131,4,137,..,1018,435,1450,38,1493,..,5913,1022,6933,102,7036,..,398,32,429,12286,12715,115599,6308,1055,7365,12389,135354
510,..,51,3,54,0,57,..,65,11,75,0,75,..,176,7,190,5,193,..,69,8,77,0,77,..,121,4,124,3,129,..,69,6,76,3,76,..,173,14,186,7,195,..,673,45,724,17,743,..,181,16,202,4,202,..,83,23,101,3,104,..,100,34,134,0,134,..,65,3,71,0,66,..,18,0,18,0,18,..,41,0,41,0,41,..,56,0,56,0,56,..,50,3,60,0,57,..,50,5,53,0,53,..,51,3,54,0,54,..,577,20,595,4,606,..,233,22,252,4,253,..,842,25,867,11,881,..,352,44,396,3,400,..,2002,107,2113,22,2130,..,184,11,202,0,202,..,112,5,123,0,120,..,333,42,374,5,384,..,18,0,19,0,19,..,104,24,131,0,133,..,1473,148,1623,47,1666,..,13563,1204,14770,402,15169,..,335,84,420,13286,13710,65039,13897,1290,15190,13687,93920
511,..,54,4,55,0,57,..,44,3,47,0,47,..,207,17,231,0,231,..,95,12,107,4,113,..,79,4,85,0,85,..,75,11,82,0,82,..,117,7,125,0,125,..,619,56,674,9,679,..,320,38,358,6,366,..,52,6,60,0,57,..,26,13,38,0,38,..,38,3,40,0,40,..,3,0,3,0,3,..,35,0,39,0,41,..,71,4,72,0,70,..,42,4,53,0,53,..,56,0,56,0,59,..,20,3,21,0,21,..,454,14,470,6,475,..,159,11,167,0,167,..,630,32,666,10,670,..,336,46,382,10,395,..,1578,106,1687,25,1707,..,117,7,120,3,124,..,55,5,68,0,68,..,251,42,289,7,290,..,19,0,18,0,18,..,217,147,358,0,358,..,1571,182,1755,62,1810,..,9097,1149,10245,280,10526,..,405,22,428,12157,12581,95453,9501,1173,10679,12436,118563
597,..,0,0,0,0,0,..,0,0,0,0,0,..,0,0,0,0,0,..,0,0,0,0,0,..,0,0,0,0,0,..,0,0,0,0,0,..,0,0,0,0,0,..,8,0,8,0,8,..,5,0,5,0,5,..,0,0,0,0,0,..,0,0,0,0,0,..,0,0,0,0,0,..,0,0,0,0,0,..,0,0,0,0,0,..,0,0,0,0,0,..,3,0,3,0,3,..,0,0,0,0,0,..,0,0,0,0,0,..,0,0,0,0,0,..,10,3,13,0,13,..,3,0,3,0,3,..,0,0,0,0,0,..,12,3,13,0,13,..,0,0,0,0,0,..,0,0,0,0,0,..,5,0,5,0,5,..,0,0,0,0,0,..,3,0,3,0,3,..,8,0,8,0,8,..,56,3,53,0,53,..,0,0,0,72,68,309,55,3,60,72,434
599,..,4,0,4,0,4,..,0,0,0,0,0,..,12,3,10,0,10,..,3,0,3,0,3,..,0,0,0,0,0,..,4,0,4,0,4,..,9,0,9,0,9,..,30,3,32,0,32,..,25,3,29,3,34,..,9,3,12,0,12,..,11,0,11,0,11,..,0,0,0,0,0,..,0,0,0,0,0,..,0,0,0,0,0,..,6,0,6,0,6,..,5,0,5,0,5,..,0,0,5,0,5,..,0,0,0,0,0,..,4,0,9,0,9,..,14,4,18,0,18,..,11,0,8,0,8,..,10,0,8,0,8,..,33,4,36,0,36,..,20,4,22,0,22,..,0,0,0,0,0,..,7,0,7,0,7,..,0,0,0,0,0,..,5,6,7,0,7,..,101,12,111,4,116,..,484,89,574,12,585,..,23,0,22,1527,1553,3819,503,92,597,1538,5950
601,..,892,108,1006,16,1020,..,96,3,96,0,96,..,408,30,438,0,438,..,354,35,390,4,386,..,98,4,99,0,99,..,186,18,209,0,208,..,634,338,968,9,977,..,1768,430,2195,14,2209,..,664,51,714,10,724,..,327,45,372,6,381,..,211,97,315,3,315,..,5,0,5,0,7,..,5,0,5,0,5,..,202,113,313,0,311,..,428,40,474,7,481,..,134,6,142,0,142,..,29,0,29,0,29,..,75,11,92,0,91,..,148,0,148,0,148,..,125,10,137,0,137,..,282,9,290,9,296,..,143,3,141,0,141,..,695,16,714,9,720,..,536,48,587,11,596,..,179,9,192,0,194,..,246,42,286,5,292,..,42,8,52,0,52,..,207,66,276,8,283,..,2059,629,2691,76,2759,..,14256,2519,16783,209,16993,..,578,42,624,12360,12985,192382,14839,2565,17405,12572,222356
602,..,96,10,107,0,105,..,34,3,39,0,39,..,120,3,125,0,128,..,69,8,76,0,76,..,61,3,61,0,62,..,49,3,55,3,55,..,446,383,833,9,837,..,781,404,1186,11,1197,..,233,19,249,4,257,..,99,11,108,3,114,..,104,30,140,0,140,..,4,0,5,0,5,..,3,3,5,0,5,..,101,167,268,3,267,..,123,7,132,0,132,..,86,9,92,0,91,..,10,0,10,0,10,..,20,0,17,0,17,..,73,6,78,0,78,..,47,5,57,0,58,..,149,8,162,6,168,..,92,0,91,0,91,..,365,21,383,8,387,..,112,13,124,3,129,..,68,3,75,0,75,..,85,13,103,0,102,..,16,0,17,0,17,..,87,20,110,0,108,..,888,334,1221,22,1243,..,5227,1303,6528,81,6612,..,379,37,410,9249,9662,124207,5602,1337,6942,9333,140484
603,..,18,0,18,0,18,..,0,0,0,0,0,..,0,0,0,0,4,..,0,0,0,0,0,..,0,0,0,0,0,..,5,0,5,0,5,..,5,0,5,0,5,..,16,0,16,0,18,..,42,0,40,0,40,..,36,5,44,0,44,..,9,0,9,0,9,..,0,0,0,0,0,..,3,0,3,0,3,..,0,0,0,0,0,..,40,6,45,0,45,..,16,6,25,0,25,..,0,0,0,0,0,..,3,0,3,0,3,..,13,0,15,0,15,..,18,3,22,0,22,..,14,0,18,0,18,..,0,0,0,0,0,..,51,5,56,3,57,..,59,7,68,0,68,..,3,0,3,0,3,..,14,0,13,0,13,..,9,0,8,0,8,..,9,0,9,0,15,..,140,16,154,5,163,..,876,89,963,15,976,..,99,10,108,2613,2721,33425,974,96,1068,2630,37119
604,..,44,0,46,0,48,..,17,0,16,0,16,..,53,5,59,3,63,..,23,0,23,0,23,..,54,3,56,0,56,..,22,0,20,0,20,..,16,0,16,0,16,..,174,13,191,3,193,..,68,9,72,0,72,..,54,7,62,0,66,..,27,9,37,3,37,..,4,0,4,0,4,..,8,0,6,0,6,..,10,3,9,0,9,..,24,3,29,0,29,..,50,12,65,0,65,..,15,0,15,0,15,..,13,0,13,0,13,..,84,0,84,0,81,..,37,0,37,0,38,..,133,3,138,0,140,..,27,0,32,0,33,..,280,6,290,8,292,..,123,16,139,0,139,..,35,3,40,0,40,..,66,7,77,0,80,..,3,0,10,0,10,..,20,11,32,0,36,..,404,90,490,16,509,..,2262,326,2583,51,2640,..,271,8,282,6437,6722,99663,2533,330,2864,6490,109024
697,..,0,0,0,0,0,..,0,0,0,0,0,..,0,0,0,0,0,..,0,0,0,0,0,..,0,0,0,0,0,..,0,0,0,0,0,..,0,0,0,0,0,..,0,0,0,0,0,..,0,0,0,0,0,..,0,0,0,0,0,..,0,0,0,0,0,..,0,0,0,0,0,..,0,0,0,0,0,..,0,0,0,0,0,..,0,0,0,0,0,..,0,0,0,0,0,..,0,0,0,0,0,..,0,0,0,0,0,..,0,0,0,0,0,..,0,0,0,0,0,..,0,0,0,0,0,..,0,0,0,0,0,..,0,0,0,0,0,..,0,0,0,0,0,..,0,0,0,0,0,..,0,0,0,0,0,..,0,0,0,0,0,..,0,0,0,0,0,..,4,0,4,0,4,..,9,4,10,0,10,..,0,0,0,4,4,60,9,4,10,4,68
699,..,0,0,0,0,0,..,0,0,0,0,0,..,0,0,0,0,0,..,0,0,0,0,0,..,0,0,0,0,0,..,0,0,0,0,0,..,0,0,4,0,4,..,4,0,5,0,5,..,0,0,0,0,0,..,0,0,0,0,0,..,0,0,0,0,0,..,0,0,0,0,0,..,0,0,0,0,0,..,0,0,0,0,0,..,0,0,0,0,0,..,0,0,0,0,0,..,0,0,0,0,0,..,0,0,0,0,0,..,0,0,0,0,0,..,0,0,0,0,0,..,0,0,0,0,0,..,0,0,0,0,0,..,4,0,3,0,3,..,7,0,7,0,7,..,0,0,0,0,0,..,0,0,0,0,0,..,0,0,0,0,0,..,3,0,3,0,3,..,10,0,7,0,7,..,54,11,61,0,67,..,3,0,3,171,170,680,59,11,69,169,912
701,..,2611,516,3131,41,3174,..,387,19,408,0,413,..,611,33,637,6,647,..,439,32,472,4,478,..,395,17,412,0,411,..,344,28,377,0,377,..,1295,109,1398,7,1405,..,3464,240,3707,20,3728,..,544,49,590,3,593,..,278,122,400,0,398,..,200,85,278,3,285,..,13,0,13,0,13,..,4,0,4,0,4,..,112,11,120,0,122,..,86,8,91,0,94,..,107,6,113,0,113,..,33,0,35,0,35,..,49,0,54,0,54,..,1624,53,1675,21,1699,..,965,112,1083,9,1089,..,2451,94,2545,32,2577,..,583,55,635,7,645,..,5627,319,5940,69,6008,..,339,27,368,3,371,..,428,47,482,0,484,..,586,140,722,3,731,..,38,11,48,0,48,..,728,283,1012,8,1017,..,3679,665,4346,114,4464,..,23839,3522,27358,356,27712,..,358,64,421,15755,16177,92942,24195,3585,27777,16108,136828
702,..,65,6,69,0,69,..,22,0,22,0,22,..,197,12,205,7,204,..,178,15,193,0,194,..,104,10,110,3,118,..,52,11,66,0,66,..,200,8,206,6,214,..,744,65,808,15,821,..,148,20,164,0,169,..,84,10,96,0,95,..,52,26,77,0,76,..,12,0,12,0,12,..,4,0,4,0,4,..,26,3,26,0,26,..,22,0,22,0,18,..,25,0,25,0,25,..,73,7,82,0,84,..,3,0,3,0,3,..,324,10,333,11,344,..,70,6,79,0,79,..,386,15,397,10,414,..,65,0,65,7,66,..,841,36,873,22,897,..,103,7,113,0,113,..,32,0,34,0,34,..,104,24,127,0,127,..,6,0,6,0,6,..,131,64,200,0,200,..,1678,212,1890,79,1961,..,33332,5001,38334,1019,39350,..,422,171,587,11201,11791,38304,33751,5168,38921,12223,89443
797,..,0,0,0,0,0,..,0,0,0,0,0,..,0,0,0,0,0,..,0,0,0,0,0,..,0,0,0,0,0,..,0,0,0,0,0,..,0,0,0,0,0,..,0,0,0,0,0,..,0,0,0,0,0,..,4,9,8,0,8,..,0,0,0,0,0,..,0,0,0,0,0,..,0,0,0,0,0,..,0,0,0,0,0,..,0,0,0,0,0,..,0,0,0,0,0,..,0,0,0,0,0,..,0,0,0,0,0,..,3,0,3,0,3,..,22,4,22,0,22,..,3,0,3,0,3,..,0,0,0,0,0,..,23,3,26,0,30,..,0,0,0,0,0,..,0,0,0,0,0,..,0,0,0,0,0,..,0,0,0,0,0,..,0,0,0,0,0,..,0,0,0,0,0,..,25,10,42,0,37,..,0,0,0,6,10,27,27,10,37,6,70
799,..,0,0,0,0,0,..,0,0,0,0,0,..,0,0,0,0,0,..,0,0,0,0,0,..,0,0,0,0,0,..,0,0,0,0,0,..,3,0,3,0,3,..,9,0,9,0,9,..,9,0,9,0,9,..,0,0,0,0,0,..,0,3,3,0,3,..,0,0,0,0,0,..,4,0,4,0,4,..,0,0,0,0,0,..,0,0,0,0,0,..,0,0,0,0,0,..,3,0,3,0,3,..,0,0,0,0,0,..,6,0,6,0,6,..,0,0,0,0,0,..,3,0,3,0,3,..,3,0,3,0,3,..,9,0,9,0,9,..,6,0,6,0,6,..,0,0,0,0,0,..,4,0,4,0,4,..,0,0,0,0,0,..,0,0,0,0,0,..,38,0,41,0,41,..,373,60,437,18,455,..,77,26,102,568,666,1364,451,85,536,584,2489
801,..,2187,234,2416,20,2436,..,1818,110,1928,12,1941,..,3477,147,3623,22,3642,..,1968,228,2196,20,2215,..,1640,65,1705,16,1718,..,2162,179,2345,24,2370,..,2020,150,2167,15,2186,..,13084,876,13964,111,14071,..,2929,292,3220,25,3247,..,989,115,1107,7,1116,..,1675,674,2349,18,2367,..,532,57,589,4,593,..,148,0,152,0,153,..,820,102,927,7,933,..,989,84,1077,11,1091,..,806,86,885,4,889,..,426,45,476,8,486,..,939,147,1085,11,1095,..,1271,18,1291,11,1304,..,1212,106,1318,9,1325,..,1631,37,1666,12,1683,..,487,26,516,4,520,..,4598,196,4799,34,4832,..,2934,311,3245,20,3272,..,1745,123,1870,17,1883,..,886,179,1065,8,1075,..,246,33,276,6,285,..,3305,881,4186,23,4215,..,12337,2100,14440,301,14741,..,75351,10413,85765,821,86585,..,833,133,971,20669,21631,288639,76179,10552,86732,21486,396857
897,..,0,0,0,0,0,..,0,0,0,0,0,..,0,0,0,0,0,..,0,0,0,0,0,..,0,0,0,0,0,..,0,0,0,0,0,..,0,0,0,0,0,..,0,0,0,0,0,..,0,0,0,0,0,..,0,0,0,0,0,..,0,0,0,0,0,..,0,0,0,0,0,..,0,0,0,0,0,..,0,0,0,0,0,..,0,0,0,0,0,..,0,0,0,0,0,..,0,0,0,0,0,..,0,0,0,0,0,..,0,0,0,0,0,..,0,0,0,0,0,..,0,0,0,0,0,..,0,0,0,0,0,..,0,0,0,0,0,..,0,0,0,0,0,..,0,0,0,0,0,..,0,0,0,0,0,..,0,0,0,0,0,..,0,0,0,0,0,..,0,0,0,0,0,..,0,0,0,0,0,..,0,0,0,0,0,0,0,0,0,0,0
899,..,0,0,0,0,0,..,0,0,0,0,0,..,3,0,3,0,3,..,0,0,0,0,0,..,0,0,0,0,0,..,4,0,4,0,4,..,0,0,0,0,0,..,5,0,11,0,11,..,3,0,3,0,3,..,0,0,0,0,0,..,0,0,0,0,0,..,0,0,0,0,0,..,0,0,0,0,0,..,0,0,0,0,0,..,0,0,0,0,0,..,0,0,0,0,0,..,0,0,0,0,0,..,0,0,0,0,0,..,0,0,3,0,3,..,0,0,0,0,0,..,5,0,5,0,5,..,0,0,0,0,0,..,8,0,6,0,6,..,0,0,0,3,6,..,0,0,0,0,0,..,0,0,0,0,0,..,0,0,0,0,0,..,3,0,3,0,3,..,5,0,6,0,6,..,64,13,83,4,82,..,3,0,3,100,107,355,72,13,85,107,538
901,..,0,0,0,0,0,..,0,0,0,0,0,..,4,3,5,0,5,..,0,0,0,0,0,..,0,0,0,0,0,..,0,0,0,0,0,..,0,0,0,0,0,..,6,3,9,0,9,..,7,0,12,0,12,..,0,0,0,0,0,..,0,0,0,0,0,..,0,0,0,0,0,..,0,0,0,0,0,..,0,0,0,0,0,..,0,0,0,0,0,..,6,0,6,0,6,..,3,0,3,0,3,..,0,0,0,0,0,..,14,0,14,0,14,..,0,0,4,0,4,..,30,3,35,0,35,..,455,220,675,17,690,..,502,232,733,17,749,..,7,0,6,0,6,..,5,0,4,0,4,..,10,6,13,0,13,..,0,0,0,0,0,..,4,3,4,0,10,..,750,10,762,18,779,..,1650,429,2076,34,2118,..,31,5,39,684,719,1688,1681,432,2117,718,4523
997,..,0,0,0,0,0,..,0,0,0,0,0,..,0,0,0,0,0,..,0,0,0,0,0,..,0,0,0,0,0,..,0,0,0,0,0,..,0,0,0,0,0,..,0,0,0,0,0,..,0,0,0,0,0,..,0,0,0,0,0,..,0,0,0,0,0,..,0,0,0,0,0,..,0,0,0,0,0,..,0,0,0,0,0,..,0,0,0,0,0,..,0,0,0,0,0,..,0,0,0,0,0,..,0,0,0,0,0,..,0,0,0,0,0,..,0,0,0,0,0,..,0,0,0,0,0,..,0,0,0,0,0,..,0,0,0,0,0,..,0,0,0,0,0,..,0,0,0,0,0,..,0,0,0,0,0,..,0,0,0,0,0,..,0,0,0,0,0,..,0,0,0,0,0,..,0,0,0,0,0,..,0,0,0,0,0,4,0,0,0,0,6
999,..,0,0,0,0,0,..,0,0,0,0,0,..,0,0,0,0,0,..,0,0,0,0,0,..,0,0,0,0,0,..,0,0,0,0,0,..,0,0,0,0,0,..,0,0,0,0,0,..,0,0,0,0,0,..,0,0,0,0,0,..,0,0,0,0,0,..,0,0,0,0,0,..,0,0,0,0,0,..,0,0,0,0,0,..,0,0,0,0,0,..,0,0,0,0,0,..,0,0,0,0,0,..,0,0,0,0,0,..,0,0,0,0,0,..,0,0,0,0,0,..,0,0,0,0,0,..,0,0,0,0,0,..,0,0,0,0,0,..,0,0,0,0,0,..,0,0,0,0,0,..,0,0,0,0,0,..,0,0,0,0,0,..,3,0,3,0,3,..,0,0,4,0,4,..,7,0,14,0,10,..,0,0,0,6,6,40,7,0,14,8,55