POA_CODE_2016,Intct_fam_no_otr_chld_pre_Fam,Step_fam_no_otr_chld_pre_Fam,Blnd_fam_no_otr_chld_pre_Fam,Intct_fam_othr_child_pres_Fam,Step_fam_othr_child_pres_Fam,Blnd_fam_othr_child_pres_Fam,Otr_cpl_fam_otr_chld_only_Fam,Tot_Families
POA2000,835,60,11,7,0,0,6,930
POA2006,3,0,0,0,0,0,0,0
POA2007,235,23,4,3,0,0,0,261
POA2008,241,9,4,3,0,0,0,265
POA2009,759,48,9,4,0,0,0,819
POA2010,816,65,11,9,0,0,0,898
POA2011,426,36,9,4,0,0,0,480
POA2015,646,47,10,3,3,0,0,704
POA2016,532,37,9,4,0,0,9,585
POA2017,1023,67,14,11,0,0,5,1121
POA2018,1793,79,41,38,0,0,4,1950
POA2019,1361,73,40,15,0,0,7,1497
POA2020,1405,70,46,20,0,0,4,1543
POA2021,1185,73,25,0,0,0,3,1284
POA2022,1061,71,11,10,0,0,5,1150
POA2023,1178,51,32,3,0,0,3,1264
POA2024,1188,53,21,5,0,0,0,1269
POA2025,670,37,6,0,0,0,0,717
POA2026,2668,126,45,11,0,0,3,2855
POA2027,547,39,5,3,0,0,0,595
POA2028,338,22,4,0,0,0,0,365
POA2029,1080,68,21,10,0,0,0,1177
POA2030,1915,80,35,12,0,0,0,2040
POA2031,3394,165,65,15,3,0,10,3641
POA2032,1319,57,22,13,0,0,4,1416
POA2033,908,49,17,10,0,0,3,986
POA2034,1988,84,30,10,0,0,3,2117
POA2035,3796,171,68,33,9,3,12,4091
POA2036,3333,187,121,42,0,0,21,3697
POA2037,921,76,17,7,0,0,0,1024
POA2038,913,62,21,0,0,0,3,994
POA2039,901,42,9,7,0,0,0,963
POA2040,2513,146,47,16,3,0,3,2719
POA2041,1647,86,30,3,0,0,3,1774
POA2042,1168,84,20,11,3,0,9,1289
POA2043,531,34,6,0,0,0,0,576
POA2044,715,43,12,15,0,0,10,792
POA2045,898,35,12,7,0,0,0,947
POA2046,3271,166,53,13,3,0,11,3521
POA2047,1198,61,24,6,0,0,7,1299
POA2048,658,34,12,9,0,0,0,712
POA2049,989,48,15,10,0,0,4,1063
POA2050,409,23,3,0,0,0,0,440
POA2052,6,0,0,0,0,0,0,6
POA2060,954,67,13,5,0,0,0,1043
POA2061,337,20,3,0,0,0,0,355
POA2062,734,38,21,0,0,0,3,793
POA2063,937,40,14,10,0,0,0,1001
POA2064,1217,39,12,10,0,0,3,1280
POA2065,2897,157,40,19,0,0,3,3113
POA2066,4011,165,64,18,0,0,6,4262
POA2067,3127,119,37,24,0,0,13,3320
POA2068,2506,88,51,15,0,0,4,2663
POA2069,2125,67,31,13,0,0,0,2241
POA2070,2013,78,28,23,0,3,0,2147
POA2071,2007,91,28,21,0,0,6,2150
POA2072,1075,47,20,11,0,0,0,1162
POA2073,2667,79,30,15,0,0,7,2791
POA2074,3179,116,53,27,0,0,0,3375
POA2075,3153,130,49,31,0,0,4,3366
POA2076,3489,125,50,17,0,3,8,3702
POA2077,5075,193,89,47,3,0,14,5421
POA2079,1096,65,21,10,0,0,3,1196
POA2080,241,14,3,4,0,0,0,269
POA2081,839,37,20,9,0,0,0,905
POA2082,831,50,26,3,0,0,0,902
POA2083,128,15,6,0,0,0,0,156
POA2084,502,22,10,7,0,0,0,547
POA2085,1603,88,37,13,0,0,8,1748
POA2086,2106,100,47,12,3,0,3,2268
POA2087,1904,83,31,9,3,0,0,2040
POA2088,3309,143,46,10,0,0,4,3511
POA2089,905,64,16,0,0,0,4,992
POA2090,1268,75,21,3,0,0,0,1380
POA2092,1143,43,14,6,0,0,3,1215
POA2093,3218,137,56,15,3,0,8,3437
POA2094,659,36,16,3,0,0,0,706
POA2095,1288,85,18,10,0,0,3,1407
POA2096,1704,71,35,6,0,0,4,1820
POA2097,2039,117,52,24,0,0,6,2242
POA2099,4662,271,115,37,3,0,15,5105
POA2100,2882,143,70,19,0,0,15,3133
POA2101,2224,141,59,12,4,0,3,2444
POA2102,999,65,26,8,0,0,3,1106
POA2103,1256,90,39,14,0,0,0,1412
POA2104,377,21,8,7,0,0,0,418
POA2105,206,18,7,0,0,0,0,234
POA2106,1132,84,46,9,0,0,6,1268
POA2107,1897,124,58,20,0,0,5,2113
POA2108,137,7,4,0,0,0,0,148
POA2109,120,3,0,0,0,0,0,122
POA2110,1271,49,23,5,0,0,0,1348
POA2111,1776,67,21,8,0,0,3,1877
POA2112,4174,161,75,46,3,0,11,4469
POA2113,2333,94,46,17,4,0,4,2499
POA2114,2952,102,42,27,0,0,7,3131
POA2115,1453,59,33,22,0,0,9,1572
POA2116,842,43,14,13,0,0,0,920
POA2117,2770,129,44,32,3,0,3,2983
POA2118,3698,131,62,48,4,0,7,3960
POA2119,1775,82,21,29,0,0,0,1910
POA2120,2993,112,67,24,4,0,3,3207
POA2121,4087,124,47,47,6,0,7,4325
POA2122,3662,139,45,58,3,3,10,3930
POA2123,0,0,0,0,0,0,0,0
POA2125,2647,95,46,37,0,0,3,2828
POA2126,3102,122,38,39,0,0,3,3301
POA2127,1619,69,23,10,0,0,8,1718
POA2128,264,11,6,4,0,0,0,291
POA2129,0,0,0,0,0,0,0,0
POA2130,702,30,11,9,0,0,3,755
POA2131,2177,92,34,31,0,0,3,2341
POA2132,1304,46,24,12,0,3,4,1393
POA2133,1465,69,26,13,0,0,7,1576
POA2134,1282,59,20,25,0,3,0,1395
POA2135,2778,96,38,41,5,0,5,2960
POA2136,939,39,23,13,0,0,0,1020
POA2137,3314,131,40,18,0,0,8,3519
POA2138,2132,80,24,19,0,0,4,2260
POA2139,0,0,0,0,0,0,0,0
POA2140,1742,73,23,36,0,0,7,1883
POA2141,3402,161,73,72,12,4,12,3737
POA2142,2976,124,67,52,3,4,13,3236
POA2143,1135,40,20,27,0,0,6,1232
POA2144,4148,130,78,99,5,6,16,4481
POA2145,11071,386,194,173,10,0,30,11854
POA2146,2407,101,38,41,3,3,8,2604
POA2147,4489,278,161,79,10,4,17,5045
POA2148,7743,417,274,138,10,9,45,8624
POA2150,3588,109,28,41,0,5,17,3786
POA2151,2560,117,56,22,4,0,5,2774
POA2152,1318,71,27,6,0,0,4,1428
POA2153,8595,365,165,99,3,0,9,9242
POA2154,5857,258,122,67,12,0,9,6327
POA2155,9148,453,303,101,12,13,12,10037
POA2156,1835,90,48,18,0,0,6,2011
POA2157,480,28,15,5,0,0,0,535
POA2158,1141,57,33,17,0,0,5,1255
POA2159,641,40,21,8,0,0,3,711
POA2160,4249,172,103,71,7,5,10,4610
POA2161,3653,142,97,63,8,9,9,3978
POA2162,2231,97,71,56,0,0,10,2473
POA2163,868,37,36,26,3,3,6,978
POA2164,2406,91,62,49,5,3,13,2629
POA2165,4954,211,134,130,11,8,24,5474
POA2166,5471,379,195,197,15,7,31,6292
POA2167,1291,52,36,25,0,0,9,1411
POA2168,5024,260,213,130,11,14,32,5682
POA2170,13015,611,450,250,15,20,48,14408
POA2171,5493,200,159,85,5,3,14,5968
POA2172,475,20,10,3,0,0,0,506
POA2173,2206,106,77,15,0,0,5,2415
POA2174,365,11,12,3,0,0,0,398
POA2175,233,12,3,3,0,0,0,251
POA2176,6713,249,131,107,12,5,29,7241
POA2177,2033,80,55,65,9,3,14,2253
POA2178,544,14,7,14,0,0,0,579
POA2179,733,46,22,10,0,0,0,816
POA2190,3303,136,82,56,3,0,9,3585
POA2191,848,39,10,12,3,0,0,903
POA2192,1431,69,47,18,0,0,6,1569
POA2193,1842,74,36,28,4,3,3,1988
POA2194,2612,159,65,50,4,3,3,2899
POA2195,3543,101,56,71,0,0,8,3784
POA2196,4060,152,103,73,4,0,12,4407
POA2197,1106,55,25,22,0,0,11,1225
POA2198,1198,31,25,12,4,0,0,1271
POA2199,2174,92,62,43,3,3,11,2385
POA2200,5158,228,123,136,12,3,22,5673
POA2203,1320,69,23,18,0,0,5,1431
POA2204,2325,137,46,28,0,3,10,2550
POA2205,1706,88,25,32,0,0,6,1863
POA2206,2539,93,60,34,0,0,3,2726
POA2207,3638,142,74,48,3,0,8,3908
POA2208,1604,63,40,28,3,0,3,1738
POA2209,1995,97,39,34,3,0,8,2177
POA2210,3648,166,114,63,5,0,7,4010
POA2211,2070,96,65,43,5,0,8,2283
POA2212,1910,107,62,40,0,0,9,2129
POA2213,2899,135,106,38,0,0,10,3193
POA2214,530,28,17,4,0,0,0,578
POA2216,2845,136,57,43,4,0,8,3092
POA2217,3088,125,80,51,0,0,13,3363
POA2218,1923,90,38,32,0,0,10,2095
POA2219,1443,100,31,8,3,3,4,1598
POA2220,3498,173,59,75,7,4,19,3835
POA2221,2275,79,42,37,3,0,3,2446
POA2222,1580,60,28,30,0,0,3,1701
POA2223,2740,112,48,18,3,4,0,2934
POA2224,1759,103,55,21,0,0,6,1947
POA2225,906,34,19,5,0,0,0,967
POA2226,1735,82,41,20,0,0,4,1887
POA2227,1934,128,53,11,0,0,5,2132
POA2228,2173,116,70,11,0,0,3,2373
POA2229,3605,188,93,25,0,0,6,3916
POA2230,2900,201,77,17,0,0,10,3213
POA2231,280,20,20,3,0,0,0,328
POA2232,3995,260,129,23,3,3,11,4432
POA2233,4210,234,144,30,0,0,14,4622
POA2234,4625,248,130,42,3,0,8,5057
POA2250,6791,537,334,63,7,0,49,7790
POA2251,3628,277,146,35,6,3,19,4119
POA2256,1178,130,77,18,0,3,21,1424
POA2257,2455,231,145,25,3,6,26,2887
POA2258,574,50,24,11,0,3,3,662
POA2259,5638,613,442,91,18,12,61,6867
POA2260,2694,217,97,16,5,3,9,3042
POA2261,4732,485,316,57,15,0,37,5638
POA2262,1681,200,184,39,12,4,23,2129
POA2263,1691,218,135,43,6,6,29,2125
POA2264,1156,137,69,19,4,4,15,1409
POA2265,543,56,41,7,0,0,3,650
POA2267,215,34,14,0,0,0,4,263
POA2278,291,41,21,7,0,0,3,367
POA2280,2822,244,117,29,4,0,24,3241
POA2281,1349,133,53,18,5,0,9,1567
POA2282,1623,130,78,17,0,0,10,1862
POA2283,2011,210,132,34,5,4,31,2428
POA2284,918,107,54,19,4,0,5,1111
POA2285,3433,291,212,53,9,3,28,4029
POA2286,403,47,25,5,0,0,10,480
POA2287,3829,324,206,53,8,7,31,4452
POA2289,2285,121,72,18,5,0,4,2504
POA2290,3463,273,147,37,4,4,21,3956
POA2291,1462,94,49,7,0,0,0,1614
POA2292,192,15,11,3,0,0,0,228
POA2293,151,24,3,3,0,0,0,184
POA2294,132,7,0,6,0,0,0,145
POA2295,544,60,22,3,0,0,6,643
POA2296,105,9,9,0,0,0,0,127
POA2297,136,14,3,4,0,0,0,151
POA2298,722,50,30,3,4,0,3,815
POA2299,975,86,42,11,0,0,0,1119
POA2300,629,33,16,0,0,0,3,687
POA2302,12,3,0,0,0,0,0,13
POA2303,799,46,18,6,0,0,6,871
POA2304,1139,107,56,17,0,0,19,1340
POA2305,1426,83,41,7,5,0,3,1572
POA2306,174,32,22,7,0,0,7,245
POA2307,292,31,26,3,0,0,6,351
POA2308,0,0,0,0,0,0,0,0
POA2311,76,5,8,0,0,0,0,95
POA2312,121,10,10,11,0,0,3,153
POA2314,0,0,0,0,0,0,0,0
POA2315,1112,95,59,16,0,0,5,1292
POA2316,539,53,28,13,0,0,9,644
POA2317,466,42,28,3,0,0,3,547
POA2318,1395,108,62,16,5,0,8,1593
POA2319,495,53,42,11,3,0,15,610
POA2320,3605,320,233,50,5,4,31,4254
POA2321,1621,154,108,18,12,3,19,1930
POA2322,1930,177,149,36,6,3,23,2325
POA2323,2532,226,158,33,9,3,23,2980
POA2324,1825,207,147,31,3,0,34,2247
POA2325,2260,231,173,41,9,6,36,2754
POA2326,660,67,53,9,4,0,11,813
POA2327,566,77,60,21,3,3,11,741
POA2328,230,14,17,3,0,0,0,263
POA2329,176,18,12,3,0,0,4,203
POA2330,2155,185,123,25,4,0,18,2504
POA2331,0,0,0,0,0,0,0,0
POA2333,1256,111,89,15,3,0,19,1484
POA2334,291,39,24,7,0,0,5,361
POA2335,722,61,34,3,0,0,3,829
POA2336,250,24,20,3,0,0,0,292
POA2337,754,51,33,11,0,0,4,861
POA2338,112,13,0,0,0,0,3,125
POA2339,55,0,6,0,0,0,0,63
POA2340,4211,383,250,56,9,5,41,4959
POA2341,99,11,10,4,0,0,4,118
POA2342,44,3,0,0,0,0,0,46
POA2343,418,30,25,4,0,0,3,481
POA2344,83,8,3,0,0,0,0,96
POA2345,70,3,6,0,0,0,0,81
POA2346,210,15,22,8,0,0,3,260
POA2347,134,12,7,0,0,0,0,157
POA2350,2113,151,96,19,0,4,21,2406
POA2351,0,0,0,0,0,0,0,0
POA2352,263,24,10,7,3,0,3,312
POA2353,93,6,4,3,0,0,0,107
POA2354,325,21,7,3,0,0,3,365
POA2355,40,11,0,0,0,0,0,50
POA2356,11,0,3,0,0,0,0,12
POA2357,290,20,15,6,0,0,3,332
POA2358,312,17,22,3,0,0,7,361
POA2359,54,4,3,0,0,0,0,71
POA2360,1138,121,78,24,0,3,12,1373
POA2361,58,3,4,0,0,0,0,75
POA2365,335,23,11,4,0,0,5,378
POA2369,61,6,9,0,0,0,6,78
POA2370,540,40,37,4,0,0,10,636
POA2371,62,4,6,0,0,0,0,77
POA2372,302,16,23,3,3,0,10,354
POA2379,38,4,0,0,0,0,0,40
POA2380,963,80,56,9,0,0,6,1124
POA2381,101,11,4,3,0,0,0,122
POA2382,104,5,3,0,0,0,0,114
POA2386,33,0,0,0,0,0,0,37
POA2387,25,3,0,0,0,0,0,25
POA2388,233,7,15,3,0,0,0,255
POA2390,811,44,37,8,0,3,9,918
POA2395,36,4,3,0,0,0,0,39
POA2396,61,4,0,0,0,0,0,70
POA2397,32,0,0,0,0,0,0,38
POA2398,26,4,0,0,0,0,0,25
POA2399,48,3,3,0,0,0,0,58
POA2400,812,54,35,15,3,3,17,941
POA2401,34,3,3,0,0,0,0,40
POA2402,123,19,11,4,0,0,0,159
POA2403,69,8,3,0,0,0,0,80
POA2404,104,7,7,0,0,0,0,122
POA2405,42,0,3,0,0,0,3,47
POA2406,68,7,0,0,0,0,0,75
POA2408,43,0,3,0,0,0,0,45
POA2409,64,7,3,4,0,0,6,89
POA2410,28,0,0,0,0,0,0,25
POA2411,15,0,0,0,0,0,0,15
POA2415,42,3,0,0,0,0,0,47
POA2420,332,22,18,7,0,0,7,390
POA2421,207,9,9,6,0,0,0,240
POA2422,392,30,20,8,0,3,7,454
POA2423,207,20,8,3,0,0,4,237
POA2424,30,3,0,0,0,0,0,34
POA2425,158,19,13,3,0,0,3,191
POA2426,54,9,3,0,0,0,0,65
POA2427,159,15,3,3,0,0,8,189
POA2428,1370,162,79,22,4,0,26,1655
POA2429,745,65,54,18,4,3,14,899
POA2430,2441,250,183,49,7,7,53,2993
POA2431,324,25,20,5,0,0,4,376
POA2439,250,16,5,8,0,0,3,281
POA2440,1442,138,106,33,5,3,25,1745
POA2441,359,35,33,4,3,0,3,439
POA2443,478,48,27,8,3,0,6,563
POA2444,3540,353,204,47,10,4,28,4174
POA2445,600,48,33,13,0,0,7,698
POA2446,1129,119,83,15,3,0,12,1358
POA2447,549,43,46,9,0,0,4,650
POA2448,535,53,33,11,0,0,5,636
POA2449,127,17,12,4,0,0,3,164
POA2450,3622,347,196,60,0,7,31,4257
POA2452,1196,128,89,28,9,0,10,1455
POA2453,208,19,8,3,0,0,0,238
POA2454,654,59,43,5,0,0,6,768
POA2455,184,26,8,3,0,0,0,223
POA2456,1289,109,66,19,3,0,14,1514
POA2460,2171,198,168,65,11,3,31,2643
POA2462,162,14,12,5,0,0,3,200
POA2463,575,50,45,12,0,0,12,693
POA2464,410,37,21,4,0,0,4,484
POA2465,20,3,0,0,0,0,0,21
POA2466,70,4,4,0,0,0,0,79
POA2469,225,18,26,0,0,0,7,277
POA2470,1192,121,98,24,9,0,29,1477
POA2471,206,25,6,9,0,0,4,252
POA2472,154,19,6,0,3,0,3,186
POA2473,191,23,14,0,0,0,0,230
POA2474,432,43,20,14,0,0,3,520
POA2475,25,0,4,0,0,0,0,25
POA2476,56,6,0,3,0,0,0,59
POA2477,1130,81,55,15,4,0,13,1297
POA2478,2328,182,102,16,3,3,14,2644
POA2479,507,26,21,7,0,0,3,555
POA2480,3552,330,190,48,8,4,37,4167
POA2481,840,57,24,10,0,0,6,939
POA2482,511,40,26,5,0,0,3,580
POA2483,871,68,42,4,0,0,7,991
POA2484,1581,131,85,18,0,3,23,1834
POA2485,823,93,43,14,4,0,7,982
POA2486,2604,248,155,36,0,3,20,3066
POA2487,1225,92,48,12,5,0,6,1390
POA2488,309,32,15,3,0,0,3,359
POA2489,746,50,54,3,0,0,10,856
POA2490,61,8,3,0,0,0,3,77
POA2500,3053,192,97,18,3,0,10,3375
POA2502,1115,87,60,18,0,0,6,1293
POA2505,458,34,12,4,0,0,0,513
POA2506,708,59,47,9,0,3,11,827
POA2508,1288,73,42,18,0,0,3,1427
POA2515,1388,87,44,9,0,0,9,1533
POA2516,807,46,22,0,0,4,4,878
POA2517,1581,91,67,12,3,0,0,1755
POA2518,1835,135,75,20,6,3,22,2098
POA2519,1815,102,55,8,0,0,9,1990
POA2522,0,0,0,0,0,0,0,0
POA2525,1434,77,52,10,0,0,3,1572
POA2526,1921,124,80,16,3,3,15,2157
POA2527,2357,224,168,46,8,4,25,2826
POA2528,1923,221,141,43,5,4,23,2348
POA2529,3120,251,146,36,11,0,32,3596
POA2530,3382,349,240,42,10,0,29,4058
POA2533,1625,115,82,19,3,0,8,1855
POA2534,574,37,19,9,0,0,6,654
POA2535,586,42,17,8,0,0,12,667
POA2536,1103,118,71,16,3,3,16,1324
POA2537,798,93,49,9,0,0,8,966
POA2538,193,9,9,3,0,0,0,222
POA2539,1261,133,84,20,4,3,15,1526
POA2540,3421,359,228,59,10,7,62,4144
POA2541,1828,232,138,37,3,3,38,2280
POA2545,73,9,7,0,0,0,0,95
POA2546,492,52,33,9,0,0,9,595
POA2548,474,74,22,4,0,0,9,581
POA2549,287,33,18,11,0,0,3,355
POA2550,1309,95,90,15,4,0,20,1532
POA2551,213,30,18,3,0,0,3,260
POA2555,22,0,0,0,0,0,0,26
POA2556,324,22,6,4,0,3,4,360
POA2557,1173,62,38,17,4,0,0,1298
POA2558,1386,103,81,33,0,0,5,1619
POA2559,158,25,18,8,0,0,0,213
POA2560,7828,621,489,200,33,10,90,9266
POA2563,26,3,0,0,0,0,0,35
POA2564,1569,103,57,38,0,0,8,1780
POA2565,2478,139,84,51,7,3,7,2768
POA2566,3306,230,163,82,11,5,15,3806
POA2567,5271,427,303,65,13,10,32,6116
POA2568,141,6,0,0,0,0,0,148
POA2569,160,10,9,0,0,0,4,180
POA2570,5055,356,277,67,3,5,33,5790
POA2571,1552,117,89,17,0,0,9,1785
POA2572,489,30,39,10,0,0,3,573
POA2573,505,55,45,13,0,0,8,628
POA2574,634,68,45,7,0,0,3,759
POA2575,1519,142,90,18,0,0,13,1776
POA2576,1185,70,22,8,0,5,7,1300
POA2577,1335,119,83,8,0,0,11,1558
POA2578,185,13,4,3,0,0,0,210
POA2579,346,40,22,8,0,0,3,417
POA2580,2451,236,173,30,6,3,20,2922
POA2581,225,19,11,3,0,0,3,256
POA2582,1360,115,66,13,0,0,8,1572
POA2583,386,22,15,6,0,0,0,430
POA2584,51,3,0,0,0,0,0,62
POA2585,21,0,3,0,0,0,0,24
POA2586,211,19,13,6,0,0,5,245
POA2587,229,19,16,0,0,0,3,266
POA2588,30,3,0,0,0,0,0,29
POA2590,520,41,31,10,3,0,12,621
POA2594,993,84,68,11,0,0,5,1164
POA2619,1439,105,59,9,0,4,3,1611
POA2620,3942,309,220,41,0,3,31,4551
POA2621,762,62,39,12,0,0,4,887
POA2622,295,34,18,5,0,0,7,361
POA2623,58,7,3,0,0,0,0,64
POA2625,15,3,0,0,0,0,0,19
POA2626,50,6,0,0,0,0,0,59
POA2627,422,25,12,3,0,0,0,455
POA2628,194,9,10,0,0,0,0,220
POA2629,25,3,0,0,0,0,0,32
POA2630,683,62,51,3,0,0,3,795
POA2631,48,3,5,0,0,0,0,49
POA2632,162,7,11,3,0,0,3,182
POA2633,25,3,0,0,0,0,0,26
POA2640,3373,255,147,21,3,0,19,3819
POA2641,1146,113,81,23,3,0,12,1375
POA2642,515,30,25,6,3,0,4,576
POA2643,224,24,22,0,3,0,0,267
POA2644,199,18,10,4,0,0,3,236
POA2645,33,0,0,0,0,0,0,31
POA2646,528,43,38,3,0,0,9,628
POA2647,159,8,11,3,0,0,0,179
POA2648,153,19,4,3,0,0,3,184
POA2649,5,0,0,0,0,0,0,5
POA2650,5344,374,304,53,11,8,35,6122
POA2651,211,16,12,0,0,0,0,250
POA2652,429,32,24,4,0,0,9,502
POA2653,171,27,13,3,0,0,3,217
POA2655,134,11,9,3,0,0,0,154
POA2656,103,3,13,0,0,0,0,123
POA2658,114,5,9,6,0,0,8,144
POA2659,85,7,0,0,0,0,0,95
POA2660,139,5,11,0,0,0,5,160
POA2661,27,0,3,0,0,0,0,27
POA2663,349,31,25,10,0,0,10,414
POA2665,205,11,7,3,0,0,6,233
POA2666,509,41,14,3,0,0,6,573
POA2668,38,0,3,0,0,0,0,43
POA2669,145,5,4,0,0,0,0,163
POA2671,321,19,21,0,0,0,7,373
POA2672,118,3,7,6,0,0,0,145
POA2675,140,5,7,3,0,0,0,159
POA2678,0,0,0,0,0,0,0,0
POA2680,2464,133,84,35,0,3,23,2746
POA2681,190,9,6,0,0,0,7,211
POA2700,389,21,20,6,0,0,3,450
POA2701,223,12,9,3,0,0,3,258
POA2702,67,5,3,0,0,0,4,79
POA2703,47,9,6,0,0,0,0,59
POA2705,928,50,62,10,5,3,12,1065
POA2706,89,8,14,3,0,0,3,119
POA2707,131,3,7,3,0,0,0,146
POA2710,771,57,46,12,0,0,12,901
POA2711,283,14,7,3,0,0,10,313
POA2712,107,9,0,0,0,0,0,118
POA2713,205,14,15,3,0,0,0,232
POA2714,188,14,9,5,0,0,3,215
POA2715,125,7,11,0,0,0,0,141
POA2716,95,4,3,0,0,0,0,105
POA2717,84,6,6,3,0,0,3,102
POA2720,699,50,37,5,0,0,4,801
POA2721,20,3,0,0,0,0,0,25
POA2722,274,21,15,3,0,0,3,319
POA2725,27,0,0,0,0,0,0,34
POA2726,17,0,0,0,0,0,0,23
POA2727,40,0,0,0,0,0,0,46
POA2729,176,13,13,0,0,0,3,194
POA2730,84,8,8,0,0,0,0,100
POA2731,586,35,18,4,0,0,6,651
POA2732,118,11,8,0,0,0,0,134
POA2733,46,0,0,0,0,0,0,43
POA2734,51,5,0,0,0,0,0,56
POA2735,41,0,3,0,0,0,0,48
POA2736,33,3,0,0,0,0,0,32
POA2737,81,3,3,0,0,0,0,93
POA2738,201,6,14,0,0,0,3,229
POA2739,126,13,7,3,0,0,3,153
POA2745,4082,306,211,45,8,4,18,4662
POA2747,4582,365,278,86,12,9,44,5381
POA2748,261,8,7,3,0,0,0,284
POA2749,2013,169,107,27,5,3,18,2340
POA2750,4343,392,279,62,13,9,34,5126
POA2752,646,53,39,11,6,0,4,752
POA2753,1699,170,121,26,3,0,14,2035
POA2754,549,61,50,16,0,0,4,684
POA2755,0,0,0,0,0,0,0,0
POA2756,3905,372,229,58,9,3,25,4604
POA2757,94,4,8,0,0,0,0,104
POA2758,1075,54,56,17,0,0,11,1216
POA2759,3499,239,168,66,9,5,18,4004
POA2760,3275,307,193,73,3,8,18,3877
POA2761,4450,212,182,122,7,4,13,4997
POA2762,696,37,26,11,0,0,0,772
POA2763,4576,252,132,104,4,3,14,5081
POA2765,1750,121,76,33,5,6,9,1995
POA2766,1986,108,69,52,0,0,5,2217
POA2767,3037,154,102,87,5,3,15,3393
POA2768,4557,225,121,89,10,3,12,5011
POA2769,2067,95,59,24,0,0,4,2247
POA2770,5900,382,347,197,23,9,62,6929
POA2773,758,52,27,8,0,0,3,841
POA2774,1611,140,65,12,4,0,3,1837
POA2775,103,11,4,0,0,0,3,120
POA2776,462,41,32,7,0,0,4,548
POA2777,2041,179,88,14,0,0,15,2345
POA2778,271,22,17,0,0,0,0,308
POA2779,562,47,36,5,3,0,6,657
POA2780,908,91,52,14,0,0,6,1064
POA2782,554,41,19,8,0,0,4,627
POA2783,246,21,16,3,0,0,3,290
POA2784,131,10,5,0,0,0,0,150
POA2785,329,40,9,3,0,0,3,387
POA2786,87,13,3,0,0,0,0,102
POA2787,345,27,23,5,0,0,5,404
POA2790,1192,94,86,18,0,0,23,1421
POA2791,26,3,0,0,0,0,0,30
POA2792,38,0,3,0,0,0,0,39
POA2793,55,13,0,0,0,0,3,76
POA2794,828,74,46,11,0,0,6,973
POA2795,3796,332,239,41,5,8,31,4453
POA2797,36,4,0,0,0,0,0,42
POA2798,242,13,15,3,0,0,3,269
POA2799,368,37,19,8,0,0,3,438
POA2800,4281,336,242,40,6,7,41,4945
POA2803,23,4,0,0,0,0,0,28
POA2804,224,16,10,0,0,0,4,254
POA2805,40,3,3,0,0,0,0,40
POA2806,58,3,7,3,0,0,0,68
POA2807,30,0,0,0,0,0,0,30
POA2808,10,3,0,0,0,0,0,14
POA2809,11,0,3,0,0,0,0,10
POA2810,252,12,17,0,0,0,0,283
POA2817,24,0,0,0,0,0,0,26
POA2818,91,10,3,0,0,0,0,101
POA2820,470,30,30,12,3,0,8,547
POA2821,402,25,27,4,0,0,10,469
POA2822,34,0,3,3,0,0,0,36
POA2823,112,0,3,0,0,0,0,118
POA2824,163,12,12,3,0,0,0,185
POA2825,199,13,22,0,0,0,0,240
POA2826,17,0,3,0,0,0,0,19
POA2827,246,19,17,13,0,0,5,304
POA2828,59,4,0,0,0,0,0,66
POA2829,194,10,9,9,0,0,8,239
POA2830,3628,283,215,52,6,9,47,4242
POA2831,178,11,3,5,0,4,3,210
POA2832,149,9,12,3,6,0,5,187
POA2833,47,0,0,3,0,0,4,53
POA2834,100,8,3,8,0,0,4,116
POA2835,349,29,38,4,0,0,3,421
POA2836,66,8,3,0,0,0,0,80
POA2838,14,0,3,3,0,0,3,22
POA2839,66,4,5,3,0,0,9,84
POA2840,190,13,6,9,0,0,7,220
POA2842,47,3,3,0,0,0,0,54
POA2843,106,4,4,0,0,0,6,117
POA2844,102,4,5,0,0,0,0,114
POA2845,158,21,16,5,0,0,6,203
POA2846,22,3,0,0,0,0,0,25
POA2847,196,11,10,4,0,0,3,228
POA2848,107,12,5,0,0,0,4,129
POA2849,113,11,8,3,0,0,3,136
POA2850,1611,132,95,19,0,0,25,1887
POA2852,300,23,25,5,0,0,3,360
POA2864,93,7,3,0,0,0,0,102
POA2865,81,8,7,0,0,0,4,93
POA2866,312,24,21,6,0,0,4,375
POA2867,55,3,6,0,0,0,0,64
POA2868,47,4,3,0,0,0,3,57
POA2869,108,10,7,0,0,0,0,120
POA2870,1053,72,75,10,3,0,9,1232
POA2871,768,40,40,6,5,0,13,873
POA2873,39,4,4,0,0,0,0,53
POA2874,41,3,0,3,0,0,0,40
POA2875,76,3,5,3,0,0,0,92
POA2876,38,0,4,0,0,0,0,48
POA2877,345,11,11,6,0,0,7,380
POA2878,27,0,0,0,0,0,0,29
POA2879,34,0,0,0,0,0,4,41
POA2880,1262,122,105,15,8,0,14,1535
POA2898,30,3,0,0,0,0,0,35
POA3000,817,32,4,3,0,0,4,860
POA3002,249,13,0,0,0,0,0,262
POA3003,246,8,8,0,0,0,0,263
POA3004,392,24,10,0,0,0,0,428
POA3005,24,4,0,0,0,0,0,29
POA3006,647,36,10,3,0,0,0,701
POA3008,581,24,4,4,0,0,0,619
POA3010,7,0,0,0,0,0,0,7
POA3011,1671,74,30,19,0,0,11,1799
POA3012,2570,138,50,26,4,3,10,2796
POA3013,1751,79,20,6,0,0,6,1867
POA3015,2201,110,45,9,0,0,3,2372
POA3016,1994,90,43,10,0,0,6,2139
POA3018,1325,74,38,13,0,0,3,1453
POA3019,859,45,19,32,0,0,7,960
POA3020,4495,241,150,103,11,4,22,5025
POA3021,5386,330,204,156,13,9,44,6149
POA3022,262,21,14,3,0,0,0,304
POA3023,8524,452,282,178,8,10,46,9504
POA3024,2934,206,153,49,5,9,12,3369
POA3025,1259,61,27,20,0,0,4,1367
POA3026,0,0,0,0,0,0,0,0
POA3027,1043,41,23,18,0,0,0,1130
POA3028,3392,201,110,42,9,6,11,3762
POA3029,12852,640,396,224,26,14,49,14193
POA3030,13611,763,486,168,19,15,35,15100
POA3031,1439,72,24,6,0,0,7,1542
POA3032,2978,177,45,28,4,0,3,3236
POA3033,1818,96,42,13,3,0,5,1981
POA3034,1389,53,33,18,0,0,0,1501
POA3036,782,37,14,6,0,0,0,841
POA3037,7569,368,208,94,3,8,12,8253
POA3038,3945,158,56,40,3,3,14,4218
POA3039,1634,62,19,11,0,0,3,1730
POA3040,3236,135,50,13,0,0,3,3434
POA3041,1646,60,36,5,0,0,0,1750
POA3042,1804,108,39,16,0,3,3,1969
POA3043,1930,102,62,23,0,3,8,2122
POA3044,3294,135,55,11,0,0,3,3502
POA3045,0,0,0,0,0,0,0,0
POA3046,3670,164,82,41,3,3,7,3972
POA3047,2148,86,63,41,4,0,7,2356
POA3048,2210,106,39,43,3,0,10,2413
POA3049,1110,63,37,10,0,0,4,1227
POA3050,0,0,0,0,0,0,0,0
POA3051,714,32,24,4,0,0,4,778
POA3052,278,13,0,0,0,0,0,301
POA3053,452,28,15,5,0,0,4,505
POA3054,612,41,3,0,0,0,0,658
POA3055,1224,54,13,8,4,0,0,1300
POA3056,1717,86,22,15,0,0,3,1846
POA3057,794,45,15,3,0,0,4,861
POA3058,3698,151,75,27,3,0,8,3962
POA3059,2478,92,57,19,0,0,6,2657
POA3060,1655,48,37,27,0,0,0,1765
POA3061,591,21,10,17,0,0,0,637
POA3062,0,0,0,0,0,0,0,0
POA3063,86,3,0,0,0,0,0,92
POA3064,10807,513,301,184,3,10,34,11851
POA3065,494,33,11,0,0,0,0,546
POA3066,318,38,9,7,0,0,0,375
POA3067,453,31,0,3,0,0,0,489
POA3068,1508,93,21,10,0,0,0,1642
POA3070,2494,130,37,19,0,0,10,2690
POA3071,1830,90,33,14,0,0,8,1967
POA3072,3271,149,64,39,4,0,8,3545
POA3073,5086,230,113,70,4,3,9,5519
POA3074,2342,87,64,54,4,0,9,2555
POA3075,2640,94,54,53,3,0,8,2846
POA3076,4377,189,120,90,5,0,15,4797
POA3078,1249,49,19,3,0,0,0,1318
POA3079,2076,90,29,8,0,0,3,2202
POA3081,1139,68,46,13,3,0,7,1276
POA3082,4077,202,91,41,5,3,6,4428
POA3083,3433,159,71,42,5,0,10,3725
POA3084,3326,127,54,26,3,0,12,3551
POA3085,1746,91,31,13,0,0,3,1887
POA3086,7,0,0,0,0,0,0,7
POA3087,1083,60,30,8,0,0,3,1186
POA3088,3505,187,92,14,4,0,3,3809
POA3089,1691,108,56,15,0,0,3,1873
POA3090,381,20,14,3,0,0,0,422
POA3091,240,3,0,0,0,0,0,250
POA3093,452,23,9,5,0,0,0,496
POA3094,1098,58,17,8,0,0,4,1182
POA3095,4107,235,75,26,0,0,7,4445
POA3096,266,7,8,3,0,0,0,288
POA3097,181,4,3,3,0,0,0,201
POA3099,634,44,26,6,0,0,3,711
POA3101,2804,118,42,19,0,0,4,2990
POA3102,925,25,14,0,0,0,0,973
POA3103,1930,79,32,26,0,0,0,2078
POA3104,2999,128,45,35,0,0,0,3204
POA3105,1387,52,21,19,0,0,3,1484
POA3106,2265,110,36,26,3,3,13,2451
POA3107,1778,83,28,21,3,0,3,1918
POA3108,2375,117,27,21,0,3,3,2552
POA3109,3930,145,64,45,4,0,3,4197
POA3111,1625,67,30,16,0,0,5,1751
POA3113,1221,81,35,11,0,0,0,1348
POA3114,619,24,8,7,0,0,0,659
POA3115,570,36,20,0,0,0,3,625
POA3116,1170,86,61,7,4,0,7,1329
POA3121,1856,124,36,18,0,0,4,2033
POA3122,2023,103,30,10,0,0,0,2167
POA3123,1474,53,17,7,0,0,3,1564
POA3124,2804,117,41,26,3,0,0,2993
POA3125,1340,61,31,9,0,0,6,1444
POA3126,1077,49,11,12,0,0,0,1147
POA3127,2572,115,27,12,0,0,0,2729
POA3128,1955,85,26,18,0,0,5,2093
POA3129,2204,88,32,16,3,0,3,2346
POA3130,4115,171,73,25,0,0,6,4389
POA3131,2732,130,45,30,0,0,3,2933
POA3132,1999,86,35,9,3,0,4,2147
POA3133,2998,143,77,34,3,0,8,3266
POA3134,4090,227,104,43,0,0,4,4463
POA3135,2390,139,49,14,0,0,3,2599
POA3136,5010,369,187,41,3,3,14,5620
POA3137,1503,120,67,18,0,0,6,1723
POA3138,2609,213,120,33,0,0,14,2997
POA3139,1601,149,94,11,6,0,9,1879
POA3140,1850,172,70,15,8,0,6,2117
POA3141,1099,93,18,3,0,0,3,1214
POA3142,1109,75,21,6,0,0,8,1216
POA3143,782,38,16,3,0,0,0,838
POA3144,1227,61,23,0,0,0,0,1319
POA3145,2801,105,26,21,0,0,3,2960
POA3146,3366,123,41,23,0,0,0,3558
POA3147,1857,81,38,11,0,0,8,1989
POA3148,882,37,16,9,0,0,3,947
POA3149,4443,152,65,53,5,0,5,4734
POA3150,8221,302,108,108,7,3,11,8770
POA3151,1245,40,25,7,0,0,3,1325
POA3152,4341,230,99,56,0,0,9,4744
POA3153,2182,158,72,29,9,0,5,2445
POA3154,525,48,25,4,3,0,0,605
POA3155,2223,198,102,21,3,0,10,2561
POA3156,4638,334,182,35,7,3,12,5216
POA3158,821,70,35,11,3,0,0,936
POA3159,349,30,14,3,0,0,0,390
POA3160,1142,66,33,7,0,0,0,1257
POA3161,1624,62,10,13,0,0,0,1714
POA3162,2116,104,35,5,0,0,4,2264
POA3163,3526,128,38,19,0,0,9,3713
POA3165,3749,207,78,15,4,0,8,4055
POA3166,2784,117,30,25,0,0,4,2975
POA3167,1190,63,23,24,0,0,6,1304
POA3168,1474,60,12,19,0,0,7,1576
POA3169,2393,93,49,42,0,0,11,2591
POA3170,2494,105,56,41,3,0,8,2696
POA3171,2256,116,58,94,6,0,10,2550
POA3172,2816,181,94,67,11,0,13,3180
POA3173,3577,163,82,89,7,6,12,3929
POA3174,3915,257,133,93,12,3,20,4433
POA3175,5726,271,119,97,7,9,27,6259
POA3177,991,85,38,21,4,3,5,1147
POA3178,5085,266,133,42,0,0,14,5551
POA3179,796,52,27,11,0,0,8,892
POA3180,899,68,22,8,0,0,0,1002
POA3181,1022,64,23,3,0,0,3,1117
POA3182,1041,73,24,0,0,0,3,1139
POA3183,1438,61,17,3,0,0,3,1530
POA3184,1183,73,19,7,0,0,0,1288
POA3185,1361,60,20,7,0,0,0,1443
POA3186,2801,140,48,10,0,0,3,3003
POA3187,2138,106,35,14,0,0,3,2291
POA3188,2361,132,41,4,0,0,4,2542
POA3189,680,41,22,5,3,0,0,744
POA3190,1246,55,27,9,0,0,0,1342
POA3191,1277,62,17,0,0,0,4,1365
POA3192,2665,132,64,17,3,0,8,2887
POA3193,2631,121,50,13,0,0,10,2827
POA3194,1385,100,26,10,0,0,0,1524
POA3195,4780,257,125,28,4,0,4,5200
POA3196,2624,222,88,12,3,0,11,2967
POA3197,1218,103,46,7,4,0,3,1385
POA3198,1456,146,56,11,3,0,8,1688
POA3199,4891,501,261,52,8,3,22,5732
POA3200,330,41,33,16,0,0,3,431
POA3201,2073,212,136,24,5,0,11,2473
POA3202,367,26,20,3,0,0,0,420
POA3204,4138,191,63,39,5,0,8,4438
POA3205,701,47,8,0,0,0,0,760
POA3206,1108,73,13,3,4,0,3,1206
POA3207,1341,96,21,5,0,0,3,1465
POA3211,148,15,0,0,0,0,0,169
POA3212,1818,180,102,21,4,0,9,2127
POA3213,542,29,17,4,3,0,0,595
POA3214,1626,190,151,26,4,3,20,2014
POA3215,1938,140,65,15,0,0,8,2169
POA3216,5895,390,191,41,10,4,17,6546
POA3217,795,62,50,3,0,0,3,917
POA3218,1325,74,25,3,0,0,3,1433
POA3219,1536,151,75,10,9,0,15,1800
POA3220,1613,76,27,4,0,0,4,1729
POA3221,105,10,0,0,0,0,0,110
POA3222,1473,123,68,6,0,0,15,1686
POA3223,454,41,14,6,3,0,4,524
POA3224,1468,154,84,7,0,0,6,1719
POA3225,299,22,6,0,0,0,3,325
POA3226,1581,113,53,8,0,0,7,1765
POA3227,559,29,6,0,0,0,0,596
POA3228,2232,124,72,3,0,0,5,2436
POA3230,225,15,4,0,0,0,0,248
POA3231,94,7,0,0,0,0,0,108
POA3232,74,0,4,0,0,0,0,81
POA3233,144,8,6,0,0,0,0,158
POA3234,11,0,0,0,0,0,0,10
POA3235,28,3,0,0,0,0,0,34
POA3236,15,0,0,0,0,0,0,15
POA3237,19,3,0,0,0,0,0,22
POA3238,20,0,0,0,0,0,0,20
POA3239,40,0,0,0,0,0,0,42
POA3240,284,14,8,0,0,0,0,306
POA3241,217,24,10,3,0,0,0,255
POA3242,82,3,8,0,0,0,0,89
POA3243,36,0,0,0,0,0,0,38
POA3249,312,29,16,3,0,0,3,362
POA3250,1019,89,50,10,0,0,3,1180
POA3251,44,3,3,0,0,0,0,53
POA3254,32,0,0,0,0,0,0,37
POA3260,404,25,19,3,0,0,0,450
POA3264,181,18,14,0,0,0,0,215
POA3265,302,18,11,0,0,0,0,333
POA3266,294,19,25,3,0,0,0,338
POA3267,31,0,0,0,0,0,0,33
POA3268,253,12,18,0,0,0,3,282
POA3269,66,3,3,0,0,0,0,81
POA3270,18,0,0,0,0,0,0,22
POA3271,19,5,0,0,0,0,0,23
POA3272,115,10,7,0,0,0,0,136
POA3273,15,0,0,0,0,0,0,16
POA3274,21,0,0,0,0,0,0,25
POA3275,59,3,3,0,0,0,0,69
POA3276,48,0,7,0,0,0,0,53
POA3277,215,11,10,0,0,0,0,237
POA3278,26,5,5,0,0,0,0,35
POA3279,37,4,0,0,0,0,0,39
POA3280,2774,194,132,17,3,0,18,3139
POA3281,221,19,10,3,0,0,0,249
POA3282,250,21,8,0,0,0,0,278
POA3283,143,11,3,0,0,0,3,163
POA3284,294,21,10,0,0,0,3,326
POA3285,130,11,9,0,0,0,0,152
POA3286,55,0,3,0,0,0,0,58
POA3287,49,3,3,0,0,0,0,57
POA3289,77,0,0,0,0,0,0,79
POA3292,5,0,0,0,0,0,3,9
POA3293,22,3,3,0,0,0,0,31
POA3294,99,5,0,0,0,0,0,108
POA3300,869,55,44,8,0,0,7,984
POA3301,155,3,3,0,0,0,0,165
POA3302,35,3,0,0,0,0,0,37
POA3303,36,3,0,0,0,0,0,39
POA3304,202,31,21,0,0,0,3,257
POA3305,1052,108,64,6,0,0,13,1250
POA3309,11,0,0,0,0,0,0,10
POA3310,20,0,5,0,0,0,0,26
POA3311,106,0,8,0,0,0,3,119
POA3312,98,6,0,0,0,0,0,108
POA3314,57,3,3,0,0,0,0,65
POA3315,136,6,10,4,0,0,0,149
POA3317,14,0,0,0,0,0,0,19
POA3318,99,12,7,0,0,0,0,118
POA3319,31,0,0,0,0,0,0,28
POA3321,209,12,10,0,0,0,0,233
POA3322,13,0,0,0,0,0,0,14
POA3323,5,0,0,0,0,0,0,9
POA3324,40,8,3,0,0,0,0,47
POA3325,46,5,3,0,0,0,0,50
POA3328,224,16,10,0,0,0,0,257
POA3329,37,3,0,0,0,0,0,39
POA3330,18,0,3,0,0,0,0,24
POA3331,779,48,30,0,0,0,4,863
POA3332,122,8,7,3,0,0,0,147
POA3333,80,4,5,0,0,0,0,97
POA3334,44,6,0,0,0,0,3,56
POA3335,717,48,21,5,0,0,0,796
POA3337,3692,336,233,65,11,9,21,4367
POA3338,2463,201,141,36,3,5,11,2861
POA3340,2291,203,148,27,7,0,20,2687
POA3341,211,9,5,3,0,0,0,234
POA3342,350,25,13,5,0,0,0,394
POA3345,117,10,5,4,0,0,0,143
POA3350,5390,411,238,34,5,0,17,6092
POA3351,926,81,44,12,3,0,5,1078
POA3352,1876,125,75,18,3,4,7,2108
POA3355,883,98,68,15,3,0,8,1071
POA3356,1198,136,112,19,3,0,11,1484
POA3357,440,17,12,0,0,0,0,468
POA3360,55,7,5,3,0,0,0,73
POA3361,54,3,4,0,0,0,0,60
POA3363,278,20,22,5,0,0,0,325
POA3364,200,13,14,0,0,0,0,225
POA3370,110,17,9,4,0,0,3,144
POA3371,64,11,0,0,0,0,5,86
POA3373,175,13,16,7,0,0,0,207
POA3374,35,9,0,0,0,0,0,44
POA3375,23,0,0,0,0,0,0,24
POA3377,659,59,55,9,3,0,4,794
POA3378,21,0,0,0,0,0,0,25
POA3379,56,7,4,0,0,0,0,62
POA3380,437,42,25,3,0,0,8,507
POA3381,109,7,0,3,0,0,4,118
POA3384,45,3,4,0,0,0,0,54
POA3385,53,6,0,0,0,0,0,56
POA3387,30,3,3,0,0,0,0,37
POA3388,45,3,0,0,0,0,0,55
POA3390,86,4,5,0,0,0,0,91
POA3391,15,0,0,0,0,0,0,16
POA3392,42,0,0,0,0,0,0,42
POA3393,199,16,10,0,0,0,3,220
POA3395,27,0,4,0,0,0,0,35
POA3396,45,3,3,0,0,0,0,50
POA3400,1156,100,99,7,3,0,14,1379
POA3401,538,28,19,8,0,0,3,592
POA3407,46,3,4,0,0,0,0,54
POA3409,86,3,6,0,0,0,0,103
POA3412,26,0,0,0,0,0,0,24
POA3413,25,3,0,0,0,0,0,27
POA3414,122,16,7,0,0,0,3,148
POA3415,4,0,0,0,0,0,0,3
POA3418,260,19,8,0,0,0,5,295
POA3419,67,3,3,0,0,0,0,70
POA3420,30,0,3,0,0,0,0,36
POA3423,27,0,0,0,0,0,3,34
POA3424,59,3,3,0,0,0,0,65
POA3427,299,27,7,6,0,0,0,339
POA3428,83,7,0,3,0,0,0,91
POA3429,4249,339,204,28,8,3,18,4850
POA3430,31,4,0,3,0,0,0,35
POA3431,542,28,23,3,0,0,0,592
POA3432,19,0,0,0,0,0,0,26
POA3433,24,3,0,0,0,0,0,32
POA3434,612,34,31,8,0,3,5,698
POA3435,303,17,15,0,0,0,5,342
POA3437,1386,72,42,11,0,0,3,1513
POA3438,328,17,16,0,0,0,0,358
POA3440,258,8,9,3,0,0,0,280
POA3441,156,18,4,0,0,0,0,175
POA3442,896,52,32,3,3,0,3,982
POA3444,844,67,32,12,3,0,5,954
POA3446,98,4,5,0,0,0,0,113
POA3447,41,4,0,0,0,0,0,42
POA3448,80,6,3,0,0,0,0,86
POA3450,510,40,19,3,0,0,0,579
POA3451,456,35,14,3,0,0,3,514
POA3453,184,15,6,0,0,0,0,208
POA3458,142,18,6,0,0,0,0,165
POA3460,168,9,8,0,0,0,0,188
POA3461,345,28,14,0,0,0,4,388
POA3462,101,5,0,0,0,0,0,114
POA3463,167,16,7,0,0,0,0,187
POA3464,106,7,11,0,0,0,3,126
POA3465,656,69,47,8,3,0,9,787
POA3467,84,6,10,0,0,0,0,100
POA3468,19,0,0,0,0,0,0,23
POA3469,18,0,0,0,0,0,0,21
POA3472,83,9,6,0,0,0,0,97
POA3475,23,7,0,0,0,0,0,30
POA3477,76,3,3,0,0,0,0,83
POA3478,185,11,6,0,0,0,0,202
POA3480,144,11,12,0,0,0,0,163
POA3482,13,0,0,0,0,0,0,17
POA3483,83,5,3,0,0,0,0,91
POA3485,30,0,0,0,0,0,0,31
POA3487,12,0,0,0,0,0,0,12
POA3488,12,0,0,0,0,0,0,12
POA3489,4,0,0,0,0,0,0,4
POA3490,91,8,8,0,0,0,0,107
POA3491,15,0,0,0,0,0,0,15
POA3494,44,3,9,0,0,0,0,55
POA3496,559,65,32,4,0,0,0,667
POA3498,599,40,18,12,0,0,5,680
POA3500,2519,248,154,39,10,5,22,2990
POA3501,262,18,4,0,0,0,0,289
POA3505,471,43,28,5,0,0,4,556
POA3506,3,0,0,0,0,0,0,3
POA3507,7,0,0,0,0,0,0,10
POA3509,21,0,3,0,0,0,0,23
POA3512,38,3,0,0,0,0,0,39
POA3515,226,18,13,3,0,0,0,262
POA3516,77,5,0,0,0,0,0,84
POA3517,97,10,3,0,0,0,0,106
POA3518,88,7,4,0,0,0,0,97
POA3520,8,0,0,0,0,0,0,12
POA3521,67,6,7,7,0,0,0,83
POA3522,28,3,0,0,0,0,0,33
POA3523,222,30,12,4,0,0,3,273
POA3525,90,4,7,0,0,0,0,106
POA3527,52,6,0,0,0,0,4,57
POA3529,12,0,0,0,0,0,0,20
POA3530,10,0,0,0,0,0,0,10
POA3531,20,0,0,0,0,0,0,22
POA3533,60,7,0,0,0,0,0,64
POA3537,82,4,5,0,0,0,0,89
POA3540,20,0,0,0,0,0,0,23
POA3542,15,0,0,0,0,0,0,15
POA3544,23,0,0,0,0,0,0,19
POA3546,31,0,9,0,0,0,0,36
POA3549,295,14,11,5,0,0,4,328
POA3550,3059,257,143,15,4,5,22,3507
POA3551,3692,270,176,25,4,0,17,4184
POA3555,1547,151,107,9,4,0,8,1823
POA3556,962,97,89,16,3,0,18,1183
POA3557,86,13,7,0,0,0,0,106
POA3558,72,7,5,0,0,0,0,86
POA3559,58,3,4,0,0,0,0,66
POA3561,389,22,26,3,0,0,3,446
POA3562,30,0,3,0,0,0,0,35
POA3563,69,6,7,0,0,0,0,82
POA3564,1398,132,69,12,0,0,9,1615
POA3565,8,0,0,0,0,0,0,10
POA3566,50,5,3,0,0,0,0,55
POA3567,62,0,0,0,0,0,0,68
POA3568,240,17,15,0,0,0,3,273
POA3570,70,12,3,0,0,0,0,94
POA3571,30,0,0,0,0,0,0,33
POA3572,18,0,3,0,0,0,0,20
POA3573,26,0,3,0,0,0,0,31
POA3575,61,4,3,0,0,0,0,71
POA3576,7,0,0,0,0,0,0,7
POA3579,453,27,29,4,0,0,7,519
POA3580,73,5,0,0,0,0,3,84
POA3581,24,3,0,0,0,0,0,28
POA3583,25,0,0,0,0,0,0,27
POA3584,114,11,3,3,0,0,0,128
POA3585,937,77,44,16,0,0,3,1070
POA3586,99,3,4,0,0,0,0,110
POA3588,35,0,0,0,0,0,0,42
POA3589,40,0,0,3,0,0,0,46
POA3590,38,0,0,0,0,0,0,47
POA3591,17,3,0,0,0,0,0,16
POA3594,38,9,0,3,0,0,0,49
POA3595,42,6,4,0,0,0,0,46
POA3596,11,0,0,0,0,0,0,9
POA3597,46,0,0,0,0,0,0,42
POA3599,12,0,0,0,0,0,0,10
POA3607,15,0,0,0,0,0,0,15
POA3608,183,19,7,0,0,0,0,216
POA3610,119,12,12,0,3,0,0,142
POA3612,99,9,8,0,0,0,3,128
POA3614,112,4,7,0,0,0,0,119
POA3616,515,38,23,7,0,0,0,588
POA3617,16,0,0,0,0,0,0,21
POA3618,69,0,6,0,0,0,0,82
POA3620,770,61,36,8,0,0,4,873
POA3621,227,12,21,0,0,0,0,260
POA3622,41,3,0,0,0,0,0,46
POA3623,60,4,3,3,0,0,0,72
POA3624,50,6,4,0,0,0,0,59
POA3629,711,61,41,6,3,0,9,833
POA3630,2648,211,133,40,3,3,22,3062
POA3631,1434,76,53,19,0,0,8,1597
POA3633,85,0,4,0,0,0,0,91
POA3634,206,21,9,0,0,0,0,238
POA3635,48,6,4,0,0,0,0,56
POA3636,442,38,19,3,0,0,4,515
POA3637,70,5,3,0,0,0,0,81
POA3638,176,13,8,0,0,0,0,194
POA3639,39,0,0,0,0,0,0,41
POA3640,114,10,6,0,0,0,0,128
POA3641,108,7,8,0,0,0,3,133
POA3644,751,51,43,3,3,0,10,858
POA3646,62,7,3,0,0,0,0,73
POA3647,0,0,0,0,0,0,0,0
POA3649,38,3,0,0,0,0,0,45
POA3658,596,59,34,7,0,0,4,700
POA3659,71,5,3,0,0,0,0,82
POA3660,542,58,26,6,4,0,8,640
POA3662,141,4,10,0,0,0,0,159
POA3663,14,0,0,0,0,0,0,17
POA3664,95,12,3,0,0,0,0,113
POA3665,32,4,0,0,0,0,0,31
POA3666,329,30,13,0,0,0,4,374
POA3669,85,4,4,0,0,0,3,98
POA3670,46,8,0,0,0,0,0,64
POA3672,685,73,41,7,0,0,0,809
POA3673,146,11,4,6,0,0,3,176
POA3675,187,14,6,4,0,0,0,216
POA3677,1446,117,91,19,3,0,19,1686
POA3678,674,42,32,8,0,0,6,768
POA3682,68,4,0,0,0,0,3,77
POA3683,150,22,11,3,0,0,3,191
POA3685,239,20,8,3,0,0,3,271
POA3687,98,11,7,0,0,0,3,123
POA3688,140,8,4,0,0,0,0,155
POA3690,2895,300,223,21,0,0,12,3458
POA3691,1080,67,57,11,0,0,6,1223
POA3694,0,0,0,0,0,0,0,0
POA3695,61,6,3,0,0,0,0,64
POA3697,64,0,0,0,0,0,0,67
POA3698,64,7,0,0,0,0,0,75
POA3699,62,5,4,0,0,0,3,74
POA3700,101,11,4,0,0,0,0,119
POA3701,94,0,4,0,0,0,0,101
POA3704,0,0,0,0,0,0,0,0
POA3705,24,0,0,0,0,0,0,20
POA3707,137,6,8,3,0,0,0,159
POA3708,4,0,0,0,0,0,0,4
POA3709,15,4,0,0,0,0,0,22
POA3711,34,0,0,0,0,0,0,43
POA3712,20,0,0,0,0,0,0,27
POA3713,48,8,3,0,0,0,0,59
POA3714,279,29,12,3,0,0,0,324
POA3715,14,3,3,0,0,0,0,21
POA3717,195,18,18,0,0,0,3,238
POA3718,5,0,0,0,0,0,0,10
POA3719,26,0,0,0,0,0,0,29
POA3720,39,4,0,0,0,0,0,43
POA3722,457,36,20,5,0,0,0,512
POA3723,180,11,6,0,0,0,0,199
POA3725,54,8,6,0,0,0,0,70
POA3726,32,3,0,0,0,0,0,37
POA3727,29,3,0,0,0,0,0,37
POA3728,44,4,0,0,0,0,0,52
POA3730,655,65,39,10,0,0,5,770
POA3732,51,4,4,0,0,0,0,63
POA3733,19,0,0,0,0,0,0,20
POA3735,59,4,0,0,0,0,0,69
POA3737,355,25,22,0,0,0,0,406
POA3738,20,0,0,0,0,0,0,16
POA3739,14,3,0,0,0,0,0,17
POA3740,103,5,0,0,0,0,3,111
POA3741,229,11,14,0,0,0,0,257
POA3744,46,3,0,0,0,0,0,50
POA3746,31,8,0,0,0,0,0,36
POA3747,363,40,12,5,0,0,3,421
POA3749,198,11,9,0,0,0,3,225
POA3750,1383,51,29,20,0,0,0,1484
POA3751,31,3,0,0,0,0,0,35
POA3752,3527,187,117,31,4,3,11,3878
POA3753,320,16,17,9,0,0,0,363
POA3754,5191,351,237,35,6,3,4,5833
POA3755,24,0,3,0,0,0,0,32
POA3756,1374,126,94,17,0,0,10,1627
POA3757,1047,69,55,3,3,0,0,1178
POA3758,286,15,18,3,3,0,0,331
POA3759,139,9,6,0,0,0,0,153
POA3760,58,3,0,0,0,0,0,66
POA3761,149,8,10,3,0,0,0,170
POA3762,16,0,0,0,0,0,0,16
POA3763,160,17,10,0,0,0,0,192
POA3764,920,98,43,12,0,0,8,1078
POA3765,780,85,24,16,3,0,4,912
POA3766,135,21,4,4,0,0,0,166
POA3767,135,9,0,0,0,0,0,147
POA3770,378,39,11,9,0,0,0,437
POA3775,436,40,15,5,0,0,0,500
POA3777,1039,106,61,7,0,0,5,1214
POA3778,20,0,9,0,0,0,0,22
POA3779,17,8,0,0,0,0,0,25
POA3781,498,55,47,3,0,0,3,603
POA3782,966,77,32,7,0,0,3,1083
POA3783,292,26,16,3,0,0,0,334
POA3785,4,0,0,0,0,0,0,11
POA3786,180,13,10,0,0,0,0,205
POA3787,137,10,0,3,0,0,0,158
POA3788,191,17,3,0,0,0,0,215
POA3789,25,3,0,0,0,0,0,32
POA3791,179,15,4,0,0,0,0,202
POA3792,124,9,3,0,0,0,0,137
POA3793,395,38,26,3,0,0,0,457
POA3795,157,10,6,0,0,0,0,169
POA3796,1179,100,67,11,3,3,4,1367
POA3797,346,20,17,4,3,0,0,388
POA3799,450,53,44,3,0,0,8,547
POA3800,3,0,0,0,0,0,0,3
POA3802,3297,157,76,52,5,0,10,3599
POA3803,1296,89,47,31,3,0,8,1466
POA3804,1203,73,24,12,0,0,7,1319
POA3805,7786,497,306,133,4,7,21,8750
POA3806,6686,421,235,69,3,7,15,7445
POA3807,1008,76,42,12,0,0,4,1144
POA3808,443,13,22,0,0,0,3,476
POA3809,913,85,32,10,0,0,0,1044
POA3810,5214,478,376,66,11,3,33,6182
POA3812,274,19,15,0,4,0,0,311
POA3813,101,3,4,0,0,0,3,112
POA3814,271,17,10,3,0,0,0,300
POA3815,348,34,7,0,0,0,3,400
POA3816,252,28,22,4,0,0,3,315
POA3818,1329,122,77,8,0,0,5,1548
POA3820,1471,105,80,8,3,0,13,1675
POA3821,337,11,13,0,0,0,0,364
POA3822,118,7,6,0,0,0,0,137
POA3823,167,18,5,3,0,0,4,195
POA3824,449,53,30,0,0,0,4,537
POA3825,1560,150,127,24,0,0,10,1872
POA3831,167,9,5,3,0,0,0,184
POA3832,16,3,0,0,0,0,0,17
POA3833,14,0,0,3,0,0,0,16
POA3835,46,0,3,0,0,0,0,55
POA3840,1195,117,78,16,4,3,16,1430
POA3842,345,27,28,5,0,0,9,414
POA3844,2658,277,141,23,5,3,18,3115
POA3847,206,21,6,0,0,0,0,240
POA3850,1302,115,77,6,0,0,11,1513
POA3851,404,38,20,3,3,0,6,479
POA3852,7,0,0,0,0,0,0,7
POA3854,179,14,12,0,0,0,3,204
POA3856,112,13,10,0,0,0,0,135
POA3857,42,0,0,0,0,0,0,50
POA3858,271,16,20,3,0,0,3,314
POA3859,82,12,0,0,3,0,0,96
POA3860,631,46,42,8,0,0,9,735
POA3862,314,23,18,3,0,0,4,366
POA3864,13,3,0,0,0,0,0,19
POA3865,45,0,3,0,0,0,0,46
POA3869,168,19,9,0,0,0,3,197
POA3870,117,15,5,0,0,0,4,145
POA3871,263,22,10,5,0,0,9,303
POA3873,42,0,0,0,0,0,0,40
POA3874,31,4,3,0,0,0,0,42
POA3875,1495,123,87,16,5,3,12,1737
POA3878,69,10,3,3,0,0,0,84
POA3880,208,24,14,3,0,0,0,253
POA3882,88,12,7,0,0,0,0,111
POA3885,166,13,13,0,0,0,0,196
POA3886,31,0,3,0,0,0,0,42
POA3887,27,3,0,3,0,0,0,29
POA3888,238,25,17,8,0,0,3,281
POA3889,4,0,0,0,0,0,0,4
POA3890,19,0,0,0,0,0,0,19
POA3891,7,0,0,0,0,0,0,7
POA3892,61,5,0,0,0,0,0,69
POA3893,4,0,0,0,0,0,0,4
POA3895,12,0,0,0,0,0,0,11
POA3896,32,3,0,0,0,0,0,40
POA3898,52,3,4,0,0,0,0,57
POA3900,8,0,0,0,0,0,0,8
POA3902,37,8,0,0,0,0,0,40
POA3903,58,0,3,0,0,0,0,57
POA3904,81,15,4,0,0,0,0,94
POA3909,568,52,25,3,0,0,11,662
POA3910,2605,260,148,26,5,0,11,3053
POA3911,362,38,26,8,0,0,0,434
POA3912,1678,171,108,15,0,3,7,1987
POA3913,350,43,26,0,0,0,0,427
POA3915,761,111,66,18,0,0,3,959
POA3916,84,3,0,0,0,0,0,96
POA3918,423,45,17,3,3,0,0,487
POA3919,299,25,20,10,0,0,3,361
POA3920,31,4,6,0,0,0,0,42
POA3921,9,3,0,0,0,0,0,9
POA3922,542,31,36,5,0,0,3,617
POA3923,34,3,0,0,0,0,0,37
POA3925,290,19,20,0,0,0,0,334
POA3926,346,28,13,3,0,0,3,390
POA3927,155,13,3,0,0,0,0,175
POA3928,47,0,0,0,0,0,0,43
POA3929,75,5,0,0,0,0,0,81
POA3930,2396,146,52,12,0,0,3,2614
POA3931,2084,198,97,23,3,0,11,2420
POA3933,127,10,7,0,0,0,0,154
POA3934,2319,159,89,10,4,0,6,2579
POA3936,862,105,42,8,0,0,6,1020
POA3937,170,9,5,0,0,0,0,182
POA3938,234,23,8,0,0,0,3,273
POA3939,1138,104,68,8,0,0,6,1327
POA3940,254,29,12,3,0,0,0,306
POA3941,1032,100,49,6,5,0,3,1192
POA3942,143,12,3,0,0,0,3,163
POA3943,74,3,0,0,0,0,0,82
POA3944,15,0,0,0,0,0,0,12
POA3945,93,5,3,0,0,0,0,104
POA3946,13,4,0,0,0,0,0,21
POA3950,396,40,26,3,0,0,0,463
POA3951,106,12,5,0,0,0,0,115
POA3953,722,64,33,3,0,0,9,837
POA3954,48,0,3,0,0,0,0,48
POA3956,199,11,11,3,0,0,0,229
POA3957,36,5,0,0,0,0,0,39
POA3958,27,3,0,0,0,0,0,30
POA3959,107,0,4,0,0,0,0,113
POA3960,173,17,13,0,0,0,0,201
POA3962,62,7,3,0,0,0,0,80
POA3964,10,0,3,0,0,0,0,12
POA3965,11,0,0,0,0,0,0,15
POA3966,39,3,0,0,0,0,0,43
POA3967,7,0,0,0,0,0,0,12
POA3971,278,37,23,3,0,0,0,339
POA3975,2458,111,59,44,0,0,8,2682
POA3976,3233,178,105,92,7,7,12,3641
POA3977,11758,873,636,176,21,10,41,13516
POA3978,1445,105,75,16,0,3,3,1646
POA3979,39,0,0,0,0,0,0,48
POA3980,362,48,19,3,0,0,3,434
POA3981,520,61,36,7,0,0,0,632
POA3984,371,52,32,7,0,0,4,461
POA3987,170,7,11,0,0,0,0,197
POA3988,102,9,5,3,0,0,0,121
POA3990,8,0,0,0,0,0,0,8
POA3991,29,9,3,0,0,0,0,40
POA3992,83,3,5,0,0,0,3,100
POA3995,761,71,57,10,0,0,7,900
POA3996,419,17,21,7,0,0,0,465
POA4000,629,46,10,0,0,0,3,688
POA4005,856,65,16,3,0,0,0,945
POA4006,486,31,3,0,0,0,0,522
POA4007,1077,81,25,5,0,0,3,1187
POA4008,10,0,0,0,0,0,0,18
POA4009,0,0,0,0,0,0,0,0
POA4010,146,11,4,3,0,0,0,164
POA4011,1493,99,46,6,0,0,4,1648
POA4012,2098,138,57,27,0,0,3,2329
POA4013,436,38,9,7,0,0,0,494
POA4014,1268,118,55,19,0,0,5,1466
POA4017,4139,349,172,49,6,0,12,4733
POA4018,1221,104,49,15,0,0,6,1394
POA4019,1494,224,98,15,6,0,12,1854
POA4020,1614,186,100,31,4,0,16,1959
POA4021,778,105,72,11,4,3,8,988
POA4022,599,74,49,8,0,0,7,736
POA4025,3,0,0,0,0,0,0,3
POA4029,0,0,0,0,0,0,0,0
POA4030,1475,87,48,9,0,0,6,1625
POA4031,1398,111,46,8,0,0,3,1564
POA4032,1337,105,39,21,0,4,3,1505
POA4034,4565,349,163,66,6,8,17,5169
POA4035,3357,239,102,25,3,0,4,3730
POA4036,704,71,51,15,0,0,0,852
POA4037,1239,87,52,12,0,0,0,1388
POA4051,2861,196,67,19,3,0,3,3149
POA4053,4829,320,171,47,4,4,16,5386
POA4054,1490,122,67,5,3,0,6,1694
POA4055,2827,187,120,24,0,3,9,3173
POA4059,995,70,17,3,0,0,3,1084
POA4060,1693,81,38,3,0,0,0,1821
POA4061,2188,149,64,13,0,0,7,2428
POA4064,903,82,21,5,0,0,4,1006
POA4065,1244,57,22,4,0,0,0,1331
POA4066,1169,69,28,9,0,0,3,1276
POA4067,676,33,6,6,0,0,3,719
POA4068,2243,101,33,22,0,0,6,2409
POA4069,4717,228,116,28,3,0,3,5094
POA4070,1604,105,60,11,0,0,8,1780
POA4072,0,0,0,0,0,0,0,0
POA4073,1339,77,29,10,0,0,0,1454
POA4074,3076,235,99,28,0,0,7,3453
POA4075,2797,163,62,23,0,0,7,3051
POA4076,483,43,14,5,0,0,5,551
POA4077,2790,219,152,98,8,3,24,3308
POA4078,3087,233,154,48,7,3,31,3559
POA4101,1484,132,42,9,0,0,3,1671
POA4102,480,27,11,0,0,0,0,516
POA4103,1066,84,27,11,0,0,9,1199
POA4104,592,35,10,0,0,0,0,632
POA4105,1367,74,22,13,0,0,0,1476
POA4106,105,9,11,0,0,0,0,129
POA4107,635,47,22,12,0,0,3,714
POA4108,497,39,19,11,0,0,4,572
POA4109,3740,186,90,88,9,3,15,4139
POA4110,1087,75,62,31,4,4,13,1269
POA4111,76,5,0,0,0,0,0,86
POA4112,1139,50,22,18,0,0,3,1233
POA4113,3490,177,68,57,9,3,16,3826
POA4114,2214,196,191,81,6,5,38,2736
POA4115,2527,178,92,52,3,3,6,2869
POA4116,3483,177,104,75,3,4,17,3853
POA4117,160,21,9,7,0,0,0,194
POA4118,3312,324,220,61,16,3,27,3956
POA4119,828,39,28,12,0,0,3,909
POA4120,717,40,26,6,0,0,0,795
POA4121,3005,183,69,20,3,0,6,3292
POA4122,4720,283,160,55,0,6,15,5246
POA4123,2230,166,96,28,3,0,12,2539
POA4124,2309,177,171,49,8,0,18,2726
POA4125,769,63,44,26,10,0,3,914
POA4127,2556,240,146,64,7,3,14,3026
POA4128,1955,190,89,33,3,3,10,2284
POA4129,692,72,56,12,0,4,7,847
POA4130,1041,100,60,11,0,0,3,1215
POA4131,899,105,76,20,3,0,10,1107
POA4132,2381,254,273,65,10,4,18,2999
POA4133,1611,181,145,34,4,4,19,1997
POA4151,1512,87,35,11,0,0,5,1653
POA4152,5330,323,123,53,6,0,4,5837
POA4153,578,51,18,6,0,0,3,648
POA4154,1679,130,60,8,0,0,5,1883
POA4155,198,5,10,4,0,0,0,217
POA4156,504,34,7,4,0,0,0,547
POA4157,2093,181,106,31,8,0,14,2429
POA4158,335,21,21,0,0,0,3,382
POA4159,1600,163,104,21,9,0,7,1897
POA4160,2186,162,101,14,4,0,7,2471
POA4161,1720,229,110,22,3,0,14,2097
POA4163,1268,136,64,13,3,0,4,1486
POA4164,1839,174,84,12,4,0,3,2123
POA4165,4135,408,271,31,9,3,22,4880
POA4169,683,60,12,6,0,0,0,768
POA4170,2477,183,80,18,0,4,10,2770
POA4171,1820,108,32,6,4,0,0,1975
POA4172,455,38,22,3,0,0,0,521
POA4173,860,85,50,8,0,3,4,1003
POA4174,268,26,16,0,0,0,4,316
POA4178,2550,259,136,25,6,0,7,2992
POA4179,2160,176,104,26,4,3,9,2474
POA4183,129,12,10,0,0,0,0,147
POA4184,247,56,20,7,0,0,3,328
POA4205,366,42,40,7,3,0,4,460
POA4207,4889,586,405,98,24,8,60,6069
POA4208,2387,262,173,33,9,7,5,2864
POA4209,5750,524,496,76,10,13,30,6900
POA4210,2345,211,127,32,6,0,10,2730
POA4211,6339,644,417,90,12,13,37,7554
POA4212,2918,303,131,44,5,3,12,3413
POA4213,3478,297,166,44,8,3,21,4013
POA4214,3827,362,195,54,3,0,13,4458
POA4215,2918,282,135,41,4,0,16,3405
POA4216,2818,332,126,20,3,0,17,3322
POA4217,2603,258,87,26,0,0,13,2986
POA4218,2472,255,88,17,3,0,14,2856
POA4220,2711,243,119,20,9,0,6,3113
POA4221,2522,252,126,29,7,0,14,2947
POA4222,0,0,0,0,0,0,0,0
POA4223,1417,112,65,14,7,0,14,1627
POA4224,525,50,35,3,0,0,4,612
POA4225,335,26,10,3,0,0,3,381
POA4226,3270,311,128,39,4,0,19,3787
POA4227,2300,214,96,31,3,0,8,2653
POA4228,673,49,24,6,8,0,3,761
POA4229,0,0,0,0,0,0,0,0
POA4230,101,12,7,3,0,0,0,127
POA4270,418,55,24,4,3,0,8,511
POA4271,237,30,14,3,0,0,3,290
POA4272,410,34,13,3,0,0,0,466
POA4275,344,44,23,3,0,0,0,422
POA4280,1962,212,168,30,10,3,21,2407
POA4285,1929,207,159,32,7,3,20,2354
POA4287,57,3,3,0,0,0,5,71
POA4300,6342,616,430,133,13,13,36,7588
POA4301,2675,229,267,95,14,11,29,3311
POA4303,210,17,29,9,8,0,10,286
POA4304,1312,176,112,28,3,0,12,1637
POA4305,5431,652,473,78,9,12,40,6694
POA4306,4055,389,230,56,5,0,27,4762
POA4307,163,18,11,0,0,0,3,190
POA4309,292,14,12,0,0,0,3,324
POA4310,514,46,26,10,0,0,8,603
POA4311,848,80,78,24,3,4,27,1056
POA4312,169,11,15,3,0,0,4,208
POA4313,157,15,18,0,0,0,0,194
POA4340,429,44,58,7,0,0,3,541
POA4341,1240,122,121,20,5,3,20,1535
POA4342,193,25,21,5,0,0,3,244
POA4343,879,69,66,17,3,0,10,1051
POA4344,237,28,12,6,0,0,3,286
POA4345,4,0,0,0,0,0,0,4
POA4346,85,9,7,0,0,0,0,101
POA4347,89,6,9,3,0,0,3,115
POA4350,9004,769,544,108,14,11,73,10517
POA4352,3451,217,171,41,3,6,23,3906
POA4353,37,0,0,0,0,0,0,36
POA4354,109,5,8,0,0,0,0,122
POA4355,190,13,22,3,0,0,4,226
POA4356,491,30,46,6,0,0,6,578
POA4357,207,14,16,0,0,0,0,240
POA4358,248,15,9,4,0,4,3,283
POA4359,124,16,3,3,0,0,3,144
POA4360,64,3,3,0,0,0,3,75
POA4361,245,14,12,3,0,0,3,280
POA4362,215,8,10,5,0,0,0,240
POA4363,64,9,3,0,0,0,0,74
POA4364,22,0,3,0,0,0,0,25
POA4365,35,3,4,0,0,0,3,48
POA4370,1542,140,100,17,4,0,12,1827
POA4371,69,8,3,0,0,0,0,78
POA4372,19,0,0,0,0,0,0,24
POA4373,70,11,7,0,0,0,0,89
POA4374,31,0,3,0,0,0,0,33
POA4375,12,3,0,0,0,0,0,16
POA4376,16,6,0,0,0,0,0,24
POA4377,57,0,0,0,0,0,0,58
POA4378,46,3,4,0,0,0,0,54
POA4380,617,56,37,13,0,0,10,736
POA4381,48,8,7,0,0,0,0,59
POA4382,44,3,3,0,0,0,0,47
POA4383,32,5,7,0,0,0,3,48
POA4384,7,0,0,0,0,0,0,7
POA4385,92,3,5,0,0,0,3,96
POA4387,81,7,4,4,0,0,0,104
POA4388,37,0,0,0,0,0,0,47
POA4390,659,40,31,4,0,3,8,742
POA4400,191,16,17,4,0,0,3,228
POA4401,475,51,39,14,0,0,4,581
POA4402,17,0,0,0,0,0,0,19
POA4403,78,3,3,3,0,0,0,93
POA4404,63,3,7,0,0,0,0,73
POA4405,1373,108,94,16,4,0,8,1594
POA4406,140,3,4,0,0,0,0,153
POA4407,44,5,3,0,0,0,0,53
POA4408,54,3,11,0,0,0,3,66
POA4410,84,4,6,0,0,0,0,100
POA4411,36,0,0,0,0,0,0,34
POA4412,24,0,0,0,0,0,0,23
POA4413,744,39,51,3,0,0,5,846
POA4415,145,19,8,0,0,0,3,171
POA4416,49,3,0,0,0,0,0,54
POA4417,58,5,3,0,0,0,0,70
POA4418,11,0,0,0,0,0,0,10
POA4419,64,4,8,0,0,0,0,78
POA4420,123,6,4,0,0,0,0,134
POA4421,120,10,9,7,0,0,4,146
POA4422,56,7,0,0,0,0,3,63
POA4423,24,0,0,0,0,0,0,24
POA4424,29,0,0,0,0,0,0,29
POA4425,18,0,0,0,0,0,0,17
POA4426,17,0,0,0,0,0,0,19
POA4427,26,3,0,0,0,0,0,31
POA4428,65,5,0,0,0,0,0,78
POA4454,55,0,0,0,0,0,0,56
POA4455,840,49,44,9,3,0,5,943
POA4461,8,0,0,0,0,0,0,8
POA4462,11,0,3,0,0,0,0,13
POA4465,131,4,3,0,0,0,3,141
POA4467,25,0,0,0,0,0,0,25
POA4468,26,0,0,0,0,0,0,26
POA4470,304,25,14,3,0,0,0,344
POA4472,127,3,3,0,0,0,0,139
POA4474,8,0,0,0,0,0,0,10
POA4475,0,0,0,0,0,0,0,0
POA4477,51,0,3,0,0,0,0,55
POA4478,44,0,4,0,0,0,0,50
POA4479,0,0,0,0,0,0,0,0
POA4480,62,0,8,0,0,0,0,74
POA4481,10,0,0,0,0,0,3,11
POA4482,8,0,0,0,0,0,0,9
POA4486,51,8,0,0,0,0,0,62
POA4487,292,17,19,8,0,0,0,334
POA4488,21,0,0,0,0,0,0,23
POA4489,8,0,0,0,0,0,0,11
POA4490,76,9,4,0,0,0,6,92
POA4491,8,0,0,0,0,0,0,8
POA4492,20,5,0,0,0,0,0,26
POA4493,0,0,0,0,0,0,0,0
POA4494,24,0,0,0,0,0,0,26
POA4496,23,3,3,0,0,0,0,33
POA4497,31,3,3,0,0,0,0,40
POA4498,23,0,3,0,0,0,0,25
POA4500,4986,446,313,61,8,5,27,5848
POA4501,480,52,30,10,0,0,6,576
POA4502,1002,81,53,7,5,0,12,1163
POA4503,4346,439,355,60,6,8,31,5240
POA4504,2348,267,189,21,12,4,3,2838
POA4505,2164,226,148,42,7,3,13,2596
POA4506,2005,280,226,34,3,0,28,2573
POA4507,945,149,82,16,3,3,12,1204
POA4508,1540,206,172,47,4,4,21,1993
POA4509,3807,384,235,31,11,0,19,4484
POA4510,3702,494,430,67,22,13,47,4775
POA4511,708,91,66,18,8,0,5,892
POA4512,384,32,23,3,0,0,0,448
POA4514,592,67,45,4,5,3,3,717
POA4515,355,37,26,4,0,0,3,415
POA4516,487,55,29,5,4,0,3,584
POA4517,68,3,4,0,0,0,0,77
POA4518,519,62,37,4,0,0,0,624
POA4519,784,75,68,14,5,3,7,949
POA4520,1833,116,51,15,0,0,6,2017
POA4521,518,38,23,5,3,0,0,593
POA4550,377,50,21,3,0,0,6,465
POA4551,5075,485,282,56,13,5,27,5944
POA4552,587,71,29,14,0,0,4,707
POA4553,705,66,33,5,0,0,3,822
POA4554,210,18,18,0,0,0,0,249
POA4555,734,77,36,6,0,0,0,864
POA4556,4406,357,180,40,3,3,19,5003
POA4557,1782,161,98,15,0,0,11,2063
POA4558,1127,140,52,14,4,0,4,1341
POA4559,706,56,39,7,0,0,0,808
POA4560,2778,267,174,35,4,0,15,3276
POA4561,772,75,36,8,0,0,5,902
POA4562,923,76,27,12,0,0,0,1038
POA4563,764,80,40,10,7,0,3,900
POA4564,919,88,52,10,0,0,5,1072
POA4565,1145,127,63,10,3,0,9,1357
POA4566,595,53,21,3,0,0,6,678
POA4567,927,80,27,4,0,0,0,1038
POA4568,336,28,13,0,0,0,0,386
POA4569,148,14,12,0,0,0,0,170
POA4570,3324,353,278,50,13,5,30,4048
POA4571,61,4,5,0,0,0,0,68
POA4572,255,22,5,0,0,0,0,286
POA4573,2745,236,95,6,3,0,11,3096
POA4574,92,11,6,3,0,0,0,112
POA4575,2202,198,101,28,3,4,9,2545
POA4580,197,22,29,4,0,0,0,253
POA4581,72,7,4,0,0,0,0,86
POA4600,66,8,4,0,0,0,3,79
POA4601,89,7,4,0,0,0,0,104
POA4605,314,20,29,13,6,3,10,399
POA4606,181,12,15,3,0,0,5,216
POA4608,63,7,0,0,0,0,3,76
POA4610,1228,98,93,8,6,4,8,1444
POA4611,13,0,0,0,0,0,0,10
POA4612,12,0,3,0,0,0,0,17
POA4613,51,7,7,0,0,0,3,70
POA4614,71,7,5,0,0,0,0,78
POA4615,456,70,37,4,0,0,12,576
POA4620,29,0,0,0,0,0,0,34
POA4621,126,9,5,0,0,0,3,148
POA4625,210,14,12,10,0,0,0,255
POA4626,177,11,12,7,0,0,3,206
POA4627,54,5,7,0,0,0,0,70
POA4630,184,14,9,0,0,0,3,214
POA4650,2395,253,163,48,11,4,22,2904
POA4655,4145,504,341,52,16,6,38,5104
POA4659,250,27,12,7,0,0,0,298
POA4660,459,52,36,5,0,0,3,561
POA4662,61,5,3,0,0,0,0,69
POA4670,6164,660,432,69,10,13,63,7410
POA4671,409,45,35,0,0,0,7,497
POA4673,51,7,8,0,0,0,0,67
POA4674,74,7,6,3,0,0,0,96
POA4676,7,0,3,0,0,0,0,10
POA4677,292,23,9,4,0,0,6,337
POA4678,72,9,4,0,0,0,4,81
POA4680,5683,486,395,65,4,3,36,6673
POA4694,8,4,0,0,0,0,0,15
POA4695,91,7,6,4,0,0,0,113
POA4697,12,0,0,0,0,0,0,12
POA4699,43,0,0,0,0,0,3,51
POA4700,1307,116,68,22,3,0,9,1519
POA4701,3923,353,258,63,9,10,31,4648
POA4702,2742,212,182,27,3,0,26,3189
POA4703,2033,172,111,21,8,4,11,2361
POA4704,12,0,0,0,0,0,0,10
POA4705,38,0,3,0,0,0,0,36
POA4706,5,0,0,0,0,0,0,5
POA4707,15,0,0,0,0,0,0,20
POA4709,149,5,7,0,0,0,0,165
POA4710,354,36,33,6,0,0,3,442
POA4711,226,15,14,8,0,0,0,261
POA4712,23,0,3,0,0,0,0,23
POA4713,33,4,3,10,0,0,7,57
POA4714,143,21,13,6,0,0,3,188
POA4715,753,52,46,7,0,0,5,870
POA4716,98,7,3,0,0,0,0,114
POA4717,511,33,33,6,0,0,4,588
POA4718,232,10,17,0,0,0,0,261
POA4719,101,0,3,3,0,0,0,110
POA4720,1630,99,86,15,3,0,7,1845
POA4721,390,22,14,0,0,0,0,428
POA4722,197,4,11,0,0,0,0,216
POA4723,146,8,7,0,0,0,0,166
POA4724,68,3,0,0,0,0,0,73
POA4725,127,4,3,0,0,0,0,136
POA4726,53,0,3,0,0,0,0,57
POA4727,24,0,0,0,0,0,0,23
POA4728,19,0,0,0,0,0,0,21
POA4730,275,20,16,3,0,0,3,310
POA4731,13,3,0,0,0,0,0,17
POA4732,9,0,0,0,0,0,0,9
POA4733,23,0,0,0,0,0,0,23
POA4735,68,4,3,0,0,0,0,79
POA4736,12,0,0,0,0,0,0,12
POA4737,719,69,33,4,3,0,10,843
POA4738,111,9,10,0,0,0,0,127
POA4739,32,6,3,0,0,0,0,38
POA4740,7707,668,415,98,18,13,39,8944
POA4741,702,52,35,5,0,0,11,801
POA4742,76,7,3,0,0,0,0,90
POA4743,81,0,5,0,0,0,0,84
POA4744,1024,58,57,3,0,0,6,1146
POA4745,265,27,27,0,0,0,0,311
POA4746,228,17,18,3,0,0,0,264
POA4750,654,53,37,4,0,0,9,761
POA4751,512,32,32,7,0,0,0,580
POA4753,563,43,39,3,0,0,0,648
POA4754,233,6,18,0,0,0,0,264
POA4756,45,0,3,0,0,0,0,51
POA4757,19,3,3,0,0,0,4,25
POA4798,62,3,3,0,0,0,0,70
POA4799,82,8,5,0,0,0,0,93
POA4800,907,81,39,9,3,0,12,1060
POA4801,0,0,0,0,0,0,0,0
POA4802,699,72,42,7,0,0,3,820
POA4803,20,0,0,0,0,0,0,21
POA4804,145,9,9,0,0,0,5,165
POA4805,799,75,64,9,3,0,6,958
POA4806,340,30,23,8,3,0,4,397
POA4807,1034,89,60,12,0,0,10,1198
POA4808,109,9,3,4,0,0,0,128
POA4809,104,6,0,0,0,0,0,109
POA4810,1400,135,57,14,3,0,3,1618
POA4811,1199,130,53,23,0,0,9,1411
POA4812,1446,138,82,15,3,3,10,1691
POA4814,4075,385,262,55,11,7,26,4810
POA4815,1791,213,194,41,6,3,30,2277
POA4816,706,62,41,24,6,3,25,876
POA4817,3239,328,208,43,12,7,25,3860
POA4818,3024,284,256,34,4,4,18,3616
POA4819,110,15,3,0,0,0,0,130
POA4820,866,63,60,11,0,0,7,1002
POA4821,112,0,6,3,0,0,0,121
POA4822,67,0,0,0,0,0,0,69
POA4823,81,5,3,0,0,0,0,88
POA4824,218,15,5,7,0,0,4,255
POA4825,1722,143,127,48,3,3,26,2065
POA4828,5,0,0,3,0,0,0,11
POA4829,28,3,0,0,0,0,0,32
POA4830,131,9,17,19,3,0,8,186
POA4849,70,11,6,0,0,0,0,80
POA4850,946,62,35,10,0,0,9,1061
POA4852,259,19,11,3,0,0,0,299
POA4854,468,37,19,3,0,0,4,537
POA4855,56,7,8,0,0,0,0,72
POA4856,52,3,4,0,0,0,0,65
POA4858,150,10,8,0,0,0,0,172
POA4859,42,3,0,0,0,0,0,42
POA4860,899,60,50,14,0,3,15,1044
POA4861,116,14,3,0,0,0,0,136
POA4865,809,64,51,14,3,5,9,957
POA4868,2015,191,114,38,6,3,14,2384
POA4869,1854,183,129,35,8,6,16,2230
POA4870,5689,523,244,88,15,6,45,6597
POA4871,839,61,25,48,0,3,18,1003
POA4872,330,21,9,5,0,0,0,363
POA4873,510,43,28,10,0,3,7,593
POA4874,524,42,44,15,3,3,13,650
POA4875,583,39,41,75,9,3,26,774
POA4876,203,27,16,24,3,0,8,283
POA4877,274,30,19,3,0,0,4,320
POA4878,1080,109,54,7,0,3,13,1264
POA4879,1823,154,85,22,9,0,17,2105
POA4880,1014,98,68,19,0,0,14,1215
POA4881,352,33,19,6,0,3,6,421
POA4882,270,12,11,0,0,0,0,299
POA4883,616,62,46,6,6,0,0,736
POA4884,171,6,3,0,0,0,5,180
POA4885,305,26,11,8,0,0,5,357
POA4886,67,7,0,3,0,0,0,78
POA4887,114,17,6,4,0,0,3,138
POA4888,165,28,18,5,0,0,3,224
POA4890,66,12,6,3,3,3,4,95
POA4891,24,0,0,0,0,0,5,30
POA4892,295,38,25,57,17,3,30,464
POA4895,279,24,20,18,0,3,17,360
POA5000,416,28,8,0,0,0,0,454
POA5005,0,0,0,0,0,0,0,0
POA5006,348,26,3,0,0,0,0,377
POA5007,468,30,14,7,0,0,3,522
POA5008,1301,100,27,17,4,0,11,1455
POA5009,525,38,12,0,0,0,0,573
POA5010,605,31,18,16,0,0,0,670
POA5011,1251,90,39,9,0,0,7,1394
POA5012,1166,73,44,19,0,0,9,1311
POA5013,844,80,33,23,3,0,7,1000
POA5014,1082,90,34,15,0,0,4,1219
POA5015,399,49,14,10,0,0,0,473
POA5016,823,82,32,4,0,0,5,939
POA5017,367,54,30,7,0,0,4,461
POA5018,575,57,36,3,0,0,4,672
POA5019,744,74,34,3,3,0,11,868
POA5020,321,33,17,3,3,0,0,378
POA5021,543,37,15,3,0,0,0,602
POA5022,1694,120,43,10,0,0,3,1871
POA5023,1514,122,41,20,3,0,3,1703
POA5024,1546,102,47,17,0,3,3,1719
POA5025,943,66,23,5,0,3,0,1040
POA5031,847,67,19,13,0,0,6,946
POA5032,1435,74,28,15,0,0,3,1547
POA5033,720,47,23,3,0,0,3,801
POA5034,1081,79,25,5,0,0,0,1196
POA5035,600,32,14,3,0,0,0,651
POA5037,1051,59,34,12,0,0,3,1157
POA5038,1453,94,38,16,0,0,6,1612
POA5039,889,60,30,3,0,0,3,990
POA5040,241,20,3,0,0,0,0,268
POA5041,1693,90,37,12,0,0,0,1830
POA5042,999,64,30,10,0,0,8,1102
POA5043,1500,119,33,17,3,0,0,1683
POA5044,1059,88,31,9,0,0,4,1188
POA5045,1261,92,42,7,0,0,5,1411
POA5046,789,59,28,11,0,0,4,882
POA5047,731,57,31,8,0,0,4,831
POA5048,1344,100,35,11,0,0,4,1491
POA5049,1070,78,31,5,3,0,0,1196
POA5050,606,49,10,4,0,0,0,678
POA5051,1812,123,54,9,0,0,6,2013
POA5052,787,72,27,0,0,0,0,882
POA5061,1067,61,21,3,0,0,0,1153
POA5062,1805,98,34,14,0,0,3,1953
POA5063,1216,78,23,12,0,0,4,1329
POA5064,1127,82,21,6,3,0,3,1243
POA5065,1182,50,19,6,0,0,4,1260
POA5066,1567,85,49,11,3,0,5,1718
POA5067,797,61,18,5,0,0,4,884
POA5068,1246,81,27,5,5,0,0,1354
POA5069,893,45,15,4,0,0,3,963
POA5070,1404,59,23,7,3,0,3,1503
POA5072,1431,74,33,14,0,0,0,1551
POA5073,1814,90,38,13,0,0,4,1956
POA5074,1429,75,31,14,3,0,3,1556
POA5075,1152,68,39,11,3,0,7,1276
POA5076,1275,55,39,7,0,0,3,1375
POA5081,960,50,18,3,0,0,0,1035
POA5082,1718,89,39,9,0,0,3,1863
POA5083,853,48,16,9,0,0,5,935
POA5084,869,51,25,19,0,0,9,964
POA5085,2054,115,59,32,0,0,7,2270
POA5086,1700,97,45,25,3,0,4,1879
POA5087,1124,79,29,10,0,0,6,1244
POA5088,312,31,9,4,0,0,0,356
POA5089,819,70,24,4,0,0,0,921
POA5090,682,52,28,8,3,0,3,780
POA5091,867,85,34,4,0,0,3,985
POA5092,1853,142,81,25,6,0,13,2122
POA5093,917,65,32,7,0,0,6,1029
POA5094,92,3,4,0,0,0,0,103
POA5095,2261,173,68,42,3,0,13,2560
POA5096,1413,110,69,18,7,3,17,1638
POA5097,1397,151,59,7,0,0,3,1619
POA5098,1221,91,57,15,3,3,3,1389
POA5106,0,0,0,0,0,0,0,0
POA5107,1959,132,76,42,8,3,5,2227
POA5108,3798,372,252,78,14,12,31,4555
POA5109,1973,194,112,30,6,0,6,2330
POA5110,871,98,73,17,0,4,4,1066
POA5111,0,0,0,0,0,0,0,0
POA5112,1415,174,119,19,6,0,13,1745
POA5113,1072,171,131,23,3,6,18,1418
POA5114,3233,375,279,65,9,5,36,4007
POA5115,928,109,84,16,8,3,5,1157
POA5116,845,89,61,9,0,0,5,1016
POA5117,437,27,20,3,0,0,5,496
POA5118,1795,206,112,18,6,0,9,2143
POA5120,234,23,6,0,0,0,3,272
POA5121,157,16,9,3,0,0,0,187
POA5125,2293,208,97,16,0,0,5,2618
POA5126,795,69,39,5,0,0,3,909
POA5127,879,86,28,4,0,0,9,1007
POA5131,125,8,8,3,0,0,0,138
POA5132,53,7,5,0,0,0,0,63
POA5133,53,0,3,0,0,0,0,57
POA5134,51,3,0,0,0,0,0,53
POA5136,69,4,3,0,0,0,0,72
POA5137,72,7,0,0,0,0,0,86
POA5138,36,0,0,0,0,0,0,44
POA5139,29,0,0,0,0,0,0,28
POA5140,57,10,3,0,0,0,0,72
POA5141,84,3,0,3,0,0,0,93
POA5142,67,3,3,0,0,0,0,79
POA5144,53,3,3,0,0,0,0,61
POA5150,8,0,0,0,0,0,0,8
POA5151,41,3,0,0,0,0,0,45
POA5152,774,62,23,6,0,0,0,859
POA5153,813,68,37,3,3,0,3,922
POA5154,434,28,7,3,0,0,3,475
POA5155,474,33,15,0,0,0,0,524
POA5156,129,4,3,0,0,0,0,134
POA5157,348,27,17,7,0,0,5,402
POA5158,3190,222,127,33,5,4,8,3584
POA5159,3955,339,172,40,4,0,18,4534
POA5160,0,0,0,0,0,0,0,0
POA5161,1023,104,63,7,0,0,3,1208
POA5162,3191,365,216,37,13,3,18,3840
POA5163,1201,128,97,18,0,3,14,1457
POA5164,328,49,33,8,3,0,3,421
POA5165,336,48,39,5,0,0,0,434
POA5166,123,16,10,0,0,0,0,153
POA5167,507,78,28,6,0,0,7,625
POA5168,481,60,39,6,3,0,7,584
POA5169,1697,189,100,11,0,0,12,2004
POA5170,105,16,10,0,0,0,0,131
POA5171,641,49,24,7,0,0,7,716
POA5172,453,25,29,0,0,0,3,512
POA5173,1119,136,118,10,0,0,7,1392
POA5174,285,34,23,0,0,0,3,343
POA5201,205,18,9,5,0,0,0,237
POA5202,83,7,10,3,0,0,0,103
POA5203,94,11,8,0,0,0,0,112
POA5204,147,17,6,0,0,0,3,186
POA5210,180,21,14,4,0,0,3,223
POA5211,944,92,71,8,3,0,21,1137
POA5212,128,17,3,3,0,0,3,147
POA5213,110,9,3,0,0,0,3,122
POA5214,453,61,38,7,0,0,0,562
POA5220,15,0,0,0,0,0,0,15
POA5221,20,0,0,0,0,0,0,21
POA5222,38,3,0,0,0,0,0,47
POA5223,289,17,21,0,0,0,0,329
POA5231,152,14,5,0,0,0,0,169
POA5232,47,3,0,0,0,0,0,56
POA5233,165,21,4,0,0,0,0,190
POA5234,157,13,4,0,0,0,0,171
POA5235,214,17,14,4,0,0,3,253
POA5236,34,4,0,0,0,0,0,33
POA5237,24,0,0,0,0,0,0,31
POA5238,242,25,27,4,0,0,7,297
POA5240,57,4,3,0,0,0,0,64
POA5241,254,24,13,3,0,0,0,299
POA5242,177,18,9,4,0,0,0,202
POA5243,84,9,4,0,0,0,0,95
POA5244,471,51,14,0,0,0,3,540
POA5245,302,20,10,0,0,0,3,332
POA5250,461,34,20,0,0,0,0,520
POA5251,1493,140,82,12,0,0,4,1732
POA5252,776,64,46,3,0,0,0,896
POA5253,1399,141,101,19,7,0,23,1692
POA5254,223,24,15,5,0,0,7,273
POA5255,888,77,55,13,0,0,4,1035
POA5256,75,7,9,3,0,0,3,98
POA5259,76,11,9,0,0,0,5,96
POA5260,121,11,11,0,0,0,0,146
POA5261,40,0,0,0,0,0,0,37
POA5262,43,0,5,0,0,0,0,49
POA5263,14,0,0,0,0,0,0,16
POA5264,80,4,9,0,0,0,3,93
POA5265,43,4,3,0,0,0,0,45
POA5266,59,3,3,0,0,0,0,64
POA5267,193,15,8,0,0,0,0,217
POA5268,312,29,18,0,0,0,3,363
POA5269,20,0,0,3,0,0,0,22
POA5270,70,4,3,0,0,0,4,83
POA5271,688,58,41,4,0,0,9,798
POA5272,68,6,0,0,0,0,0,80
POA5273,13,0,0,0,0,0,0,14
POA5275,189,18,14,0,0,0,0,229
POA5276,86,4,9,0,0,0,0,91
POA5277,256,23,22,0,0,0,3,306
POA5278,45,7,0,0,0,0,0,50
POA5279,41,4,0,0,0,0,0,50
POA5280,606,52,42,6,0,0,5,708
POA5290,2071,239,152,26,3,0,20,2505
POA5291,1018,78,36,7,0,0,13,1147
POA5301,50,0,8,0,0,0,0,53
POA5302,73,5,4,0,0,0,0,82
POA5303,28,0,0,0,0,0,0,26
POA5304,71,6,0,0,0,0,0,78
POA5306,7,0,0,0,0,0,0,6
POA5307,48,0,0,0,0,0,0,51
POA5308,11,0,3,0,0,0,0,18
POA5309,13,0,0,0,0,0,0,20
POA5310,10,0,0,0,0,0,0,10
POA5311,44,4,4,0,0,0,3,53
POA5320,37,5,0,0,0,0,0,40
POA5321,12,0,0,0,0,0,0,20
POA5322,92,3,3,4,0,0,0,102
POA5330,293,17,17,4,0,0,0,330
POA5331,31,0,0,0,0,0,0,34
POA5332,22,5,0,0,0,0,0,32
POA5333,503,43,30,3,0,0,3,587
POA5340,115,17,4,0,0,0,0,134
POA5341,627,56,44,8,0,0,4,744
POA5342,110,8,3,0,0,0,0,127
POA5343,362,38,16,0,0,0,5,426
POA5344,97,9,4,3,0,0,0,114
POA5345,272,25,25,0,0,0,0,320
POA5346,37,3,4,0,0,0,0,44
POA5350,55,4,3,0,0,0,3,66
POA5351,668,61,42,5,0,0,3,775
POA5352,508,36,20,7,0,0,0,566
POA5353,358,32,16,3,0,0,0,416
POA5354,25,3,3,0,0,0,0,28
POA5355,761,59,46,0,0,0,4,872
POA5356,88,11,3,0,0,0,0,104
POA5357,22,4,0,0,0,0,0,32
POA5360,144,11,10,3,0,0,0,165
POA5371,173,23,8,3,0,0,0,207
POA5372,246,26,20,0,0,0,0,294
POA5373,279,39,20,0,0,0,3,339
POA5374,119,9,15,0,0,0,0,142
POA5381,31,3,3,0,0,0,0,41
POA5400,98,12,6,0,0,0,0,112
POA5401,75,8,9,0,0,0,0,91
POA5410,23,3,4,3,0,0,0,37
POA5411,26,3,3,0,0,0,0,35
POA5412,76,6,5,0,0,0,0,89
POA5413,68,9,0,0,0,0,0,80
POA5414,8,3,0,0,0,0,0,14
POA5415,23,0,0,0,0,0,0,24
POA5416,23,0,0,0,0,0,0,28
POA5417,113,9,11,0,0,0,0,126
POA5418,8,0,0,0,0,0,0,5
POA5419,27,0,0,0,0,0,0,26
POA5420,6,0,0,0,0,0,0,7
POA5421,6,3,0,0,0,0,0,9
POA5422,90,4,5,3,0,0,0,104
POA5431,76,0,7,0,0,0,0,78
POA5432,11,0,0,0,0,0,0,11
POA5433,92,10,3,3,0,0,5,106
POA5434,23,4,0,0,0,0,0,27
POA5440,15,0,0,0,0,0,0,19
POA5451,53,9,0,0,0,0,0,64
POA5452,47,7,4,0,0,0,0,53
POA5453,443,21,19,3,0,0,4,486
POA5454,32,4,0,0,0,0,0,41
POA5455,7,0,0,0,0,0,0,7
POA5460,72,3,5,0,0,0,0,84
POA5461,227,9,15,3,0,0,5,259
POA5462,57,3,5,0,0,0,0,70
POA5464,63,3,3,0,0,0,0,71
POA5470,13,0,0,0,0,0,0,17
POA5471,8,0,0,0,0,0,0,12
POA5472,12,0,0,0,0,0,0,14
POA5473,53,3,4,4,0,0,0,68
POA5480,76,3,0,0,0,0,0,83
POA5481,43,4,3,0,0,0,0,53
POA5482,54,3,0,0,0,0,0,54
POA5483,30,0,0,0,0,0,0,38
POA5485,51,0,0,0,0,0,0,53
POA5490,12,0,0,0,0,0,0,19
POA5491,171,7,4,0,0,0,0,183
POA5493,4,0,0,0,0,0,0,9
POA5495,27,6,3,0,0,0,0,37
POA5501,770,76,64,14,9,3,10,941
POA5502,158,15,13,3,0,0,0,184
POA5510,10,0,0,0,0,0,0,8
POA5520,38,0,4,0,0,0,0,47
POA5521,8,0,0,0,0,0,0,13
POA5522,81,10,0,0,0,0,3,89
POA5523,174,9,5,3,0,0,3,193
POA5540,1194,119,85,12,3,0,21,1439
POA5550,75,14,8,0,0,0,0,95
POA5552,46,0,0,0,0,0,0,51
POA5554,411,50,28,5,0,0,6,498
POA5555,44,3,0,3,0,0,0,45
POA5556,250,33,20,0,0,0,3,306
POA5558,308,30,19,3,3,0,3,367
POA5560,41,3,0,0,0,0,0,46
POA5570,25,3,0,0,0,0,0,31
POA5571,105,9,10,3,0,0,0,132
POA5572,9,0,0,0,0,0,0,11
POA5573,152,6,7,0,0,0,0,174
POA5575,154,12,11,0,0,0,0,179
POA5576,81,5,3,0,0,0,3,102
POA5577,41,3,4,0,0,0,0,47
POA5580,35,3,3,0,0,0,0,37
POA5581,26,0,0,0,0,0,0,28
POA5582,34,0,0,0,0,0,0,37
POA5583,48,7,3,0,0,0,0,54
POA5600,579,58,31,3,0,0,7,682
POA5601,30,3,3,0,0,0,0,46
POA5602,110,10,5,0,0,0,0,124
POA5603,38,4,3,0,0,0,0,43
POA5604,9,0,0,0,0,0,0,12
POA5605,122,3,0,0,0,0,0,131
POA5606,1123,98,85,10,3,3,7,1327
POA5607,478,42,18,3,0,0,6,548
POA5608,870,98,104,12,3,0,17,1111
POA5609,215,23,10,3,0,0,0,250
POA5630,18,3,0,0,0,0,0,24
POA5631,112,4,0,0,0,0,0,112
POA5632,29,0,0,0,0,0,0,31
POA5633,29,5,0,0,0,0,0,34
POA5640,86,8,3,0,0,0,0,94
POA5641,104,4,3,0,0,0,0,106
POA5642,27,0,0,0,0,0,0,29
POA5650,18,0,0,0,0,0,0,21
POA5651,13,0,0,0,0,0,0,16
POA5652,66,3,5,0,0,0,0,80
POA5653,11,0,0,0,0,0,0,10
POA5654,22,0,0,0,0,0,0,22
POA5655,14,0,0,0,0,0,0,14
POA5660,6,0,0,0,0,0,0,8
POA5661,13,0,0,0,0,0,0,15
POA5670,43,0,0,0,0,0,0,51
POA5671,14,0,0,0,0,0,0,14
POA5680,169,17,14,4,0,0,3,200
POA5690,279,30,22,13,0,5,3,358
POA5700,788,66,62,18,3,3,10,945
POA5701,0,0,0,0,0,0,0,0
POA5710,234,21,13,5,0,0,0,271
POA5713,0,0,0,0,0,0,0,0
POA5715,7,0,0,0,0,0,0,7
POA5717,0,0,0,0,0,0,0,0
POA5719,0,0,0,0,0,0,0,0
POA5720,5,0,0,0,0,0,0,8
POA5722,21,3,0,0,0,0,0,27
POA5723,97,8,3,5,0,0,3,119
POA5724,18,0,0,5,0,0,3,31
POA5725,431,31,31,3,0,0,4,502
POA5730,4,0,0,0,0,0,0,7
POA5731,32,0,0,0,0,0,0,31
POA5732,7,3,0,0,0,0,0,11
POA5733,9,0,0,0,0,0,0,17
POA5734,9,0,0,0,0,0,0,16
POA5950,0,0,0,0,0,0,0,0
POA5960,0,0,0,0,0,0,0,0
POA6000,422,32,11,3,0,0,0,468
POA6003,136,13,3,0,0,0,0,148
POA6004,469,38,9,3,0,0,0,511
POA6005,205,12,3,0,0,0,0,214
POA6006,897,54,20,3,0,0,0,969
POA6007,592,40,9,4,0,0,0,641
POA6008,1480,65,17,9,0,0,3,1568
POA6009,2080,67,29,9,0,0,0,2188
POA6010,1857,113,25,10,0,0,0,2010
POA6011,1011,49,19,0,0,0,0,1084
POA6012,910,51,23,3,0,0,3,991
POA6014,2625,101,41,16,0,0,3,2786
POA6015,902,43,18,4,0,0,3,966
POA6016,1201,44,11,6,0,0,3,1272
POA6017,277,27,6,3,0,0,0,316
POA6018,4284,262,90,30,0,0,11,4679
POA6019,2027,143,43,6,0,0,4,2231
POA6020,2714,164,66,12,4,0,7,2971
POA6021,2261,105,64,17,4,0,8,2456
POA6022,534,41,26,8,0,3,3,618
POA6023,2141,123,50,13,0,0,11,2337
POA6024,1525,114,51,23,3,0,6,1726
POA6025,3697,254,129,27,4,0,19,4127
POA6026,3028,179,87,16,0,0,13,3322
POA6027,4914,381,188,43,8,3,21,5563
POA6028,3393,224,125,27,0,0,7,3781
POA6029,374,19,9,0,0,0,0,396
POA6030,4437,389,271,61,8,9,18,5186
POA6031,2167,161,135,21,9,5,13,2499
POA6032,18,3,0,0,0,0,0,25
POA6033,52,3,3,0,0,0,0,59
POA6034,203,14,18,0,0,0,0,235
POA6035,960,86,59,11,3,0,4,1125
POA6036,1867,139,129,17,9,3,9,2168
POA6037,303,28,25,0,0,0,3,356
POA6038,792,61,43,4,0,0,3,899
POA6041,133,8,3,5,0,0,0,153
POA6042,0,0,0,0,0,0,0,0
POA6043,16,0,0,0,0,0,0,20
POA6044,75,3,4,0,0,0,3,89
POA6050,1521,77,27,5,3,0,5,1632
POA6051,944,65,17,7,3,0,3,1032
POA6052,1232,82,23,6,0,0,8,1352
POA6053,1487,117,31,6,0,0,5,1651
POA6054,1958,169,90,18,4,3,9,2263
POA6055,2451,181,77,35,4,0,14,2762
POA6056,3562,359,209,79,8,6,36,4254
POA6057,1744,178,99,20,4,0,14,2056
POA6058,1193,138,87,29,6,3,8,1459
POA6059,2632,158,62,27,7,3,10,2886
POA6060,1919,102,45,12,4,3,5,2089
POA6061,3420,254,137,55,4,4,16,3889
POA6062,3448,225,114,56,5,0,14,3858
POA6063,1671,106,81,61,5,0,5,1939
POA6064,3339,258,174,88,5,6,29,3896
POA6065,8384,565,361,116,10,3,32,9472
POA6066,2292,189,102,43,3,6,13,2638
POA6067,0,0,0,0,0,0,0,0
POA6068,0,0,0,0,0,0,0,0
POA6069,4848,371,276,61,3,8,30,5591
POA6070,473,27,14,0,0,0,3,521
POA6071,434,35,15,3,3,0,0,485
POA6072,85,14,6,0,0,0,0,105
POA6073,316,20,11,4,5,0,5,363
POA6074,113,8,3,0,0,0,0,130
POA6076,2462,193,88,30,5,0,10,2791
POA6077,162,14,12,9,0,0,0,195
POA6078,103,7,4,3,0,0,0,121
POA6079,0,0,0,0,0,0,0,0
POA6081,588,49,27,6,0,0,3,673
POA6082,353,41,20,3,0,0,0,419
POA6083,428,32,6,0,0,0,3,471
POA6084,926,82,55,12,0,0,3,1082
POA6090,0,0,0,0,0,0,0,0
POA6100,1201,82,26,12,0,0,4,1320
POA6101,1349,94,47,9,0,0,12,1508
POA6102,761,53,32,11,0,0,0,850
POA6103,706,52,27,9,0,0,7,795
POA6104,1178,99,48,26,0,0,0,1353
POA6105,1341,96,50,15,0,0,12,1511
POA6106,0,0,0,0,0,0,0,0
POA6107,4669,261,169,85,9,6,23,5222
POA6108,2651,215,116,48,4,4,24,3058
POA6109,1199,93,53,26,3,5,7,1383
POA6110,4572,347,242,80,11,6,26,5287
POA6111,2311,224,149,48,3,3,22,2756
POA6112,6499,509,327,90,19,7,41,7494
POA6121,400,40,13,6,0,0,0,462
POA6122,2110,198,157,27,6,3,15,2514
POA6123,166,19,19,3,0,0,0,207
POA6124,136,11,4,0,0,0,0,151
POA6125,340,31,14,10,0,0,5,400
POA6126,28,0,0,0,0,0,0,29
POA6147,1650,113,53,38,0,0,4,1865
POA6148,2229,101,47,32,0,0,8,2410
POA6149,2473,136,52,27,4,0,8,2703
POA6150,1618,75,25,20,0,0,3,1742
POA6151,1628,80,24,6,0,0,5,1739
POA6152,2276,156,34,26,0,0,3,2499
POA6153,2399,124,49,10,3,0,9,2590
POA6154,1216,67,29,7,3,0,0,1325
POA6155,7457,345,169,120,12,3,17,8122
POA6156,1939,127,57,16,3,0,3,2145
POA6157,1415,84,35,6,0,0,6,1550
POA6158,870,65,20,3,0,0,0,949
POA6159,253,28,3,5,0,0,4,296
POA6160,530,49,14,5,3,0,0,601
POA6161,3,0,0,0,0,0,0,6
POA6162,1070,78,41,3,0,0,3,1195
POA6163,4878,368,158,48,0,0,19,5478
POA6164,7448,496,333,82,12,3,20,8402
POA6165,3,0,0,0,0,0,0,7
POA6166,1210,67,40,15,0,0,4,1339
POA6167,2474,245,171,50,7,0,29,2973
POA6168,1660,228,122,30,3,8,21,2078
POA6169,3255,397,253,47,7,3,37,3997
POA6170,1470,103,79,26,5,0,8,1689
POA6171,3870,319,298,36,5,6,20,4558
POA6172,1551,169,121,34,3,0,18,1886
POA6173,1781,150,97,8,4,0,7,2047
POA6174,432,36,30,0,0,0,3,508
POA6175,494,34,29,3,0,0,6,565
POA6176,167,18,4,3,0,0,3,193
POA6180,590,73,51,5,0,0,0,722
POA6181,75,3,0,0,0,0,0,79
POA6182,0,0,0,0,0,0,0,0
POA6207,121,5,11,0,0,0,0,135
POA6208,968,108,59,16,5,0,22,1185
POA6209,154,20,11,6,0,0,0,192
POA6210,5590,609,392,71,12,12,51,6739
POA6211,678,70,36,3,3,0,5,796
POA6213,59,4,5,0,0,0,0,64
POA6214,70,5,0,0,0,0,0,80
POA6215,358,37,22,6,0,3,5,433
POA6218,37,0,7,0,0,0,3,45
POA6220,427,40,30,8,0,0,6,510
POA6221,27,3,3,0,0,0,0,34
POA6223,22,3,3,0,0,0,0,31
POA6224,102,18,10,0,0,0,0,129
POA6225,789,84,61,11,0,0,12,960
POA6226,112,5,0,0,0,0,0,128
POA6227,98,3,3,3,0,0,0,110
POA6228,15,0,5,0,0,0,0,19
POA6229,16,0,0,0,0,0,0,16
POA6230,3867,363,224,57,5,3,36,4544
POA6232,1068,117,97,19,7,0,9,1313
POA6233,2120,154,137,26,8,3,19,2467
POA6236,224,15,13,4,0,0,5,260
POA6237,277,23,9,3,0,0,3,320
POA6239,415,31,12,3,0,0,3,459
POA6240,10,0,0,0,0,0,0,10
POA6243,4,0,0,0,0,0,0,5
POA6244,128,8,3,0,0,0,0,136
POA6251,28,3,3,0,0,0,0,33
POA6252,8,3,0,0,0,0,0,9
POA6253,33,0,9,0,0,0,0,46
POA6254,32,3,3,0,0,0,0,40
POA6255,318,29,17,3,0,0,3,364
POA6256,31,4,3,0,0,0,0,41
POA6258,574,36,32,5,0,0,8,659
POA6260,131,6,4,0,0,0,0,144
POA6262,51,5,3,0,0,0,3,62
POA6271,296,25,20,3,3,0,3,349
POA6275,90,8,4,3,0,0,0,103
POA6280,2583,251,161,29,7,0,16,3043
POA6281,809,41,27,0,0,0,3,889
POA6282,145,7,6,4,0,0,0,154
POA6284,270,18,15,0,0,0,0,295
POA6285,979,45,50,4,0,0,3,1083
POA6286,44,5,4,0,0,0,0,58
POA6288,49,0,5,0,0,0,0,62
POA6290,95,10,5,0,0,0,0,113
POA6302,246,19,15,3,0,0,5,297
POA6304,121,9,9,0,0,0,7,143
POA6306,86,8,3,0,0,0,0,96
POA6308,121,9,5,0,0,0,4,140
POA6309,16,0,0,0,0,0,0,19
POA6311,48,0,7,0,0,0,0,56
POA6312,402,18,30,10,0,0,6,467
POA6313,19,0,3,0,0,0,0,24
POA6315,150,0,10,3,0,0,0,159
POA6316,36,3,3,0,0,0,0,39
POA6317,316,27,25,11,0,0,3,380
POA6318,48,4,0,0,0,0,0,57
POA6320,49,3,0,0,0,0,0,54
POA6321,46,3,3,0,0,0,0,51
POA6322,16,0,0,0,0,0,0,21
POA6323,64,9,4,0,0,0,0,80
POA6324,277,28,17,8,0,0,9,325
POA6326,57,3,0,0,0,0,0,59
POA6327,28,0,4,0,0,0,0,32
POA6328,43,0,0,0,0,0,0,45
POA6330,3056,275,193,36,3,0,25,3584
POA6333,466,39,30,0,0,0,8,545
POA6335,78,4,3,0,0,0,0,84
POA6336,27,0,0,0,0,0,0,29
POA6337,58,0,0,0,0,0,0,62
POA6338,54,6,0,0,0,0,0,60
POA6341,39,0,0,0,0,0,0,39
POA6343,33,0,0,0,0,0,0,34
POA6346,66,4,0,0,0,0,0,66
POA6348,54,3,5,0,0,0,0,64
POA6350,17,3,0,0,0,0,3,28
POA6351,13,0,0,0,0,0,0,13
POA6352,19,0,0,0,0,0,0,20
POA6353,78,3,0,0,0,0,0,82
POA6355,54,0,0,0,0,0,0,58
POA6356,14,0,0,0,0,0,0,14
POA6357,11,0,0,0,0,0,0,11
POA6358,3,0,0,0,0,0,0,4
POA6359,50,0,0,0,0,0,0,48
POA6361,14,0,0,0,0,0,0,14
POA6363,15,0,0,0,0,0,0,15
POA6365,43,0,4,0,0,0,0,51
POA6367,32,0,3,0,0,0,0,38
POA6368,8,3,0,0,0,0,0,12
POA6369,53,7,0,0,0,0,0,64
POA6370,37,0,4,3,0,0,0,47
POA6372,11,0,0,0,0,0,0,11
POA6373,10,0,0,0,0,0,0,16
POA6375,61,12,8,3,0,0,3,75
POA6383,58,3,6,0,0,0,3,69
POA6384,4,0,0,0,0,0,0,4
POA6385,3,0,0,0,0,0,0,3
POA6386,6,0,0,0,0,0,0,11
POA6390,177,11,14,0,0,0,3,214
POA6391,90,3,8,0,0,0,0,103
POA6392,38,0,0,0,0,0,0,41
POA6393,9,0,0,0,0,0,0,14
POA6394,50,0,0,0,0,0,0,49
POA6395,154,3,7,0,0,0,3,168
POA6396,33,4,0,0,0,0,0,41
POA6397,4,0,3,0,0,0,0,3
POA6398,32,0,0,0,0,0,3,38
POA6401,602,46,36,18,0,0,16,714
POA6403,16,0,0,0,0,0,0,18
POA6405,31,8,0,0,0,0,0,41
POA6407,101,8,3,0,0,0,0,109
POA6409,37,3,3,0,0,0,0,45
POA6410,73,9,10,0,0,0,8,96
POA6411,9,0,0,0,0,0,0,14
POA6412,3,0,0,0,0,0,0,5
POA6413,4,0,0,0,0,0,0,4
POA6414,8,0,0,0,0,0,0,8
POA6415,231,23,19,5,0,0,3,278
POA6418,54,4,3,0,0,0,0,66
POA6419,7,0,0,0,0,0,0,10
POA6420,14,0,0,0,0,0,0,12
POA6421,11,0,0,0,0,0,0,12
POA6422,7,0,0,0,0,0,0,7
POA6423,7,0,0,0,0,0,0,9
POA6424,8,0,0,0,0,0,0,8
POA6425,11,0,0,0,0,0,0,11
POA6426,61,4,3,0,0,0,0,66
POA6427,0,0,0,0,0,0,0,0
POA6428,10,0,0,0,0,0,0,10
POA6429,54,10,6,3,0,0,0,72
POA6430,2469,174,155,36,8,8,13,2863
POA6431,55,5,8,7,3,0,7,87
POA6432,604,55,62,14,0,0,3,733
POA6434,7,0,0,0,0,0,0,9
POA6436,5,0,0,0,0,0,0,8
POA6437,43,3,3,0,0,0,0,46
POA6438,31,3,3,3,0,0,0,39
POA6440,20,10,3,3,3,0,6,39
POA6442,259,18,23,0,0,0,0,310
POA6443,32,7,0,0,0,0,0,40
POA6445,24,0,0,0,0,0,0,21
POA6446,14,0,0,0,0,0,0,14
POA6447,16,0,0,0,0,0,0,21
POA6448,36,3,3,0,0,0,0,44
POA6450,1174,117,70,18,3,0,13,1389
POA6452,0,0,0,0,0,0,0,0
POA6460,63,5,3,0,0,0,0,69
POA6461,52,7,0,0,0,0,0,53
POA6462,18,0,0,0,0,0,0,14
POA6463,0,0,0,0,0,0,0,0
POA6465,4,0,0,0,0,0,0,4
POA6466,6,0,0,0,0,0,0,6
POA6467,3,0,0,0,0,0,0,3
POA6468,21,3,3,0,0,0,0,27
POA6470,0,0,0,0,0,0,0,0
POA6472,25,0,0,0,0,0,0,28
POA6473,3,0,0,0,0,0,0,4
POA6475,35,0,6,0,0,0,0,45
POA6476,3,0,0,0,0,0,0,4
POA6477,29,0,3,0,0,0,0,29
POA6479,56,0,4,0,0,0,0,61
POA6480,7,0,3,0,0,0,0,6
POA6484,3,0,0,0,0,0,0,3
POA6485,31,5,3,0,0,0,0,37
POA6487,3,0,0,0,0,0,0,3
POA6488,11,0,0,0,0,0,0,10
POA6489,3,0,0,0,0,0,0,3
POA6490,19,3,3,0,0,0,0,26
POA6501,92,7,18,0,0,0,0,118
POA6502,95,4,5,4,0,0,0,110
POA6503,198,18,8,4,0,0,0,223
POA6504,17,0,0,0,0,0,0,18
POA6505,10,0,0,0,0,0,0,14
POA6506,4,0,0,0,0,0,0,4
POA6507,47,0,3,0,0,0,0,47
POA6509,19,0,0,0,0,0,0,20
POA6510,172,6,10,3,0,0,4,204
POA6511,31,0,3,0,0,0,0,40
POA6512,12,0,0,0,0,0,0,10
POA6513,22,0,0,0,0,0,0,27
POA6514,31,0,7,0,0,0,0,37
POA6515,17,0,0,0,0,0,0,23
POA6516,134,14,3,5,0,0,0,157
POA6517,25,3,7,0,0,0,0,34
POA6518,16,0,0,0,0,0,0,22
POA6519,51,3,3,0,0,0,0,61
POA6521,41,0,0,0,0,0,0,41
POA6522,47,6,0,0,0,0,0,49
POA6525,296,24,13,3,0,0,3,340
POA6528,36,3,0,0,0,0,0,41
POA6530,2827,254,181,38,5,0,39,3335
POA6532,716,50,33,7,3,0,3,819
POA6535,125,7,7,3,0,0,4,145
POA6536,107,8,3,3,0,0,4,123
POA6537,67,3,3,0,0,0,0,79
POA6556,225,11,17,7,0,0,0,257
POA6558,90,15,3,0,0,0,0,106
POA6560,104,9,15,3,0,0,3,135
POA6562,117,10,3,3,0,0,0,136
POA6564,21,0,0,0,0,0,0,25
POA6566,221,25,20,3,0,3,9,276
POA6567,32,0,4,0,0,0,3,41
POA6568,29,3,3,0,0,0,0,27
POA6569,29,3,0,0,0,0,0,26
POA6571,10,0,0,0,0,0,0,12
POA6572,7,0,0,0,0,0,0,6
POA6574,6,0,0,0,0,0,0,12
POA6575,15,0,0,0,0,0,0,15
POA6603,107,3,7,0,0,0,0,125
POA6605,5,0,0,0,0,0,0,6
POA6606,19,0,0,0,0,0,0,16
POA6608,13,0,0,0,0,0,0,14
POA6609,83,6,11,3,0,0,0,98
POA6612,19,0,0,0,0,0,0,16
POA6613,4,0,0,0,0,0,0,4
POA6614,0,0,0,0,0,0,0,0
POA6616,5,0,0,0,0,0,0,11
POA6620,29,4,5,3,0,0,0,34
POA6623,44,9,4,0,0,0,0,55
POA6625,3,0,0,0,0,0,0,3
POA6627,10,0,0,0,0,0,0,9
POA6628,0,0,0,0,0,0,0,0
POA6630,35,4,0,0,0,0,4,49
POA6631,0,0,0,0,0,0,0,0
POA6632,11,0,0,0,0,0,0,11
POA6635,5,3,0,0,0,0,3,11
POA6638,15,3,3,3,0,0,4,31
POA6639,0,0,0,0,0,0,0,0
POA6640,3,0,0,0,0,0,0,7
POA6642,30,3,3,0,0,0,3,41
POA6646,16,6,0,0,0,0,0,18
POA6701,395,36,28,11,0,0,16,486
POA6705,10,0,0,0,0,0,0,14
POA6707,263,16,7,0,0,0,0,286
POA6710,52,9,6,0,0,0,0,66
POA6711,0,0,0,0,0,0,0,0
POA6712,0,0,0,0,0,0,0,0
POA6713,153,13,9,3,0,0,0,172
POA6714,1808,117,78,26,7,0,9,2054
POA6716,77,4,11,0,0,0,0,95
POA6718,39,12,3,7,0,0,6,75
POA6720,289,32,28,6,0,0,3,350
POA6721,389,29,24,9,0,0,0,461
POA6722,915,76,76,12,3,0,10,1097
POA6725,835,77,45,31,7,3,24,1030
POA6726,464,32,27,7,3,3,10,543
POA6728,385,41,21,32,4,7,25,524
POA6731,0,0,0,0,0,0,0,0
POA6733,0,0,0,0,0,0,0,0
POA6740,73,4,3,12,0,0,3,102
POA6743,435,47,23,24,3,3,3,543
POA6751,381,30,22,3,3,0,0,438
POA6753,509,34,33,9,0,4,0,591
POA6754,167,11,9,3,0,0,3,190
POA6758,4,0,0,0,0,0,0,4
POA6760,27,5,0,5,0,3,3,45
POA6762,16,3,0,3,0,0,3,28
POA6765,93,5,8,14,7,0,9,130
POA6770,121,12,15,16,3,0,11,178
POA7000,1039,82,29,3,0,0,9,1157
POA7001,0,0,0,0,0,0,0,0
POA7004,560,49,19,3,0,0,0,627
POA7005,1100,72,28,3,3,0,0,1208
POA7007,319,19,15,3,0,0,0,356
POA7008,1135,89,39,3,0,0,5,1273
POA7009,968,116,76,12,3,3,4,1187
POA7010,1162,157,108,16,3,6,15,1470
POA7011,1137,167,117,13,3,0,15,1456
POA7012,70,19,8,3,0,0,0,105
POA7015,914,103,43,6,3,0,3,1068
POA7016,154,27,29,3,0,0,3,218
POA7017,613,70,40,3,0,0,3,735
POA7018,1876,210,83,25,0,0,11,2205
POA7019,434,58,43,6,0,0,6,552
POA7020,319,20,20,4,0,0,0,366
POA7021,239,26,23,0,0,0,3,294
POA7022,73,10,10,0,0,0,0,96
POA7023,24,7,0,0,0,0,0,27
POA7024,63,7,0,0,0,0,0,68
POA7025,193,11,5,0,0,0,0,210
POA7026,90,18,6,0,0,0,0,113
POA7027,17,0,3,0,0,0,0,24
POA7030,1518,176,150,24,6,0,19,1892
POA7050,1160,121,60,10,0,0,7,1357
POA7052,755,65,28,3,0,0,0,857
POA7053,384,27,18,3,3,0,0,437
POA7054,1037,95,65,11,0,0,10,1217
POA7055,42,3,4,0,0,0,0,58
POA7109,858,79,46,8,0,0,8,996
POA7112,226,30,15,0,0,0,3,276
POA7113,99,3,7,0,0,0,0,103
POA7116,170,24,14,4,0,0,0,205
POA7117,57,7,4,0,0,0,0,73
POA7119,3,0,0,0,0,0,0,3
POA7120,132,15,5,0,0,0,5,154
POA7139,0,0,0,0,0,0,0,0
POA7140,903,94,73,12,4,3,18,1109
POA7150,263,22,14,0,0,0,3,301
POA7155,69,8,0,0,0,0,0,84
POA7162,56,5,0,0,0,0,0,64
POA7163,21,3,0,0,0,0,0,30
POA7170,623,61,35,8,0,0,0,722
POA7171,293,38,17,3,0,0,3,360
POA7172,319,35,24,3,0,0,3,388
POA7173,517,78,46,6,0,0,12,667
POA7174,13,0,0,0,0,0,0,17
POA7175,19,3,3,0,0,0,0,21
POA7176,21,0,0,0,0,0,0,20
POA7177,27,3,4,0,0,0,0,36
POA7178,29,0,3,0,0,0,0,28
POA7179,22,4,0,0,0,0,0,22
POA7180,5,3,0,0,0,0,0,10
POA7182,9,0,0,0,0,0,0,14
POA7183,3,0,0,0,0,0,0,3
POA7184,43,6,0,0,0,0,0,53
POA7185,4,0,0,0,0,0,0,7
POA7186,18,0,0,0,0,0,0,19
POA7187,10,0,0,0,0,0,0,10
POA7190,179,10,11,3,0,0,4,213
POA7209,32,5,0,0,0,0,0,37
POA7210,64,6,6,0,0,0,0,79
POA7211,22,0,3,4,0,0,0,26
POA7212,172,16,14,5,0,0,0,206
POA7213,22,4,0,0,0,0,0,26
POA7214,45,7,6,3,0,0,0,55
POA7215,210,23,12,0,0,0,9,253
POA7216,198,21,10,0,0,0,0,233
POA7248,1078,119,112,12,9,0,5,1337
POA7249,995,111,74,14,0,0,4,1199
POA7250,4264,410,230,31,9,3,34,4977
POA7252,257,20,16,0,0,0,3,290
POA7253,315,37,44,3,0,0,6,408
POA7254,50,0,3,0,0,0,0,59
POA7255,69,4,3,0,0,0,0,73
POA7256,112,5,11,0,0,0,0,127
POA7257,0,0,0,0,0,0,0,7
POA7258,122,9,0,0,0,0,0,128
POA7259,39,0,0,0,0,0,0,44
POA7260,278,19,9,3,0,0,0,314
POA7261,15,0,6,0,0,0,0,22
POA7262,113,16,8,3,0,0,0,144
POA7263,51,3,3,0,0,0,0,60
POA7264,35,5,4,0,0,0,0,49
POA7265,15,3,0,0,0,0,0,20
POA7267,81,7,6,0,0,0,3,101
POA7268,97,7,12,4,0,0,3,120
POA7270,246,43,21,3,0,0,8,321
POA7275,264,22,15,0,0,0,3,308
POA7276,42,11,6,3,0,0,0,55
POA7277,642,44,31,4,0,0,0,726
POA7290,246,22,17,3,0,0,4,288
POA7291,53,4,7,0,0,0,3,67
POA7292,68,3,0,0,0,0,0,76
POA7300,348,39,19,0,0,0,0,405
POA7301,352,47,29,3,0,0,3,433
POA7302,168,8,11,0,0,0,3,199
POA7303,235,20,20,3,0,0,3,277
POA7304,496,40,23,3,0,0,5,573
POA7305,79,17,6,0,0,0,0,98
POA7306,335,31,29,0,0,0,0,397
POA7307,804,105,52,7,3,0,4,978
POA7310,2102,286,151,25,9,4,28,2602
POA7315,1179,139,74,17,3,0,11,1429
POA7316,517,58,41,3,0,0,7,623
POA7320,1248,152,121,7,3,0,9,1544
POA7321,432,41,22,0,0,0,7,509
POA7322,327,24,20,0,0,0,5,370
POA7325,734,87,43,9,0,0,0,872
POA7330,591,71,66,0,0,0,6,732
POA7331,36,6,0,0,0,0,0,46
POA7466,0,0,0,0,0,0,0,0
POA7467,130,10,13,0,0,0,0,158
POA7468,62,4,3,0,0,0,0,69
POA7469,60,3,3,0,0,0,0,62
POA7470,55,4,3,0,0,0,0,65
POA0800,299,30,6,4,0,0,0,335
POA0810,3398,242,136,83,7,8,17,3891
POA0812,1917,177,94,53,3,0,18,2263
POA0815,0,0,0,0,0,0,0,0
POA0820,1583,137,57,19,3,0,6,1804
POA0822,2008,149,84,250,28,23,83,2629
POA0828,64,10,3,0,0,0,3,81
POA0829,16,4,0,0,0,0,0,20
POA0830,1781,206,147,22,10,0,12,2175
POA0832,1875,151,136,31,3,0,10,2210
POA0834,180,25,11,3,0,0,0,223
POA0835,323,31,23,3,0,0,4,392
POA0836,864,81,64,12,3,0,6,1026
POA0837,32,4,3,0,0,0,3,42
POA0838,78,8,11,3,0,0,0,101
POA0839,28,0,3,0,0,0,0,34
POA0840,12,0,0,0,0,0,0,16
POA0841,58,3,7,0,0,0,0,68
POA0845,11,0,3,3,0,0,0,17
POA0846,26,0,0,0,0,0,3,28
POA0847,18,3,3,0,0,0,0,26
POA0850,612,63,36,18,5,7,13,754
POA0852,553,35,27,100,14,7,59,791
POA0853,111,3,5,0,0,0,0,113
POA0854,44,3,4,5,3,5,3,71
POA0860,175,23,10,19,0,3,8,232
POA0862,46,0,3,9,3,0,3,63
POA0870,1721,143,94,38,11,7,21,2028
POA0872,993,78,15,152,20,7,59,1320
POA0873,169,13,9,8,0,3,3,206
POA0874,55,0,5,0,0,0,0,62
POA0875,213,9,11,7,0,0,7,252
POA0880,497,32,24,31,0,0,12,607
POA0885,106,11,3,3,0,0,0,118
POA0886,85,6,0,3,0,0,0,99
POA2600,714,50,10,3,0,0,3,776
POA2601,71,7,0,0,0,0,0,78
POA2602,2831,198,70,21,3,0,18,3138
POA2603,924,48,22,10,0,0,7,1006
POA2604,811,50,20,0,0,0,3,883
POA2605,1386,89,25,14,0,3,0,1519
POA2606,857,50,17,9,0,0,0,938
POA2607,1600,94,48,14,3,0,9,1773
POA2609,45,4,3,0,0,0,0,53
POA2611,3161,208,115,27,3,0,5,3519
POA2612,870,56,21,4,0,0,0,950
POA2614,2048,132,59,17,0,0,13,2274
POA2615,5019,365,242,53,4,8,21,5716
POA2617,2944,172,94,31,3,0,13,3257
POA2618,190,7,10,3,0,0,0,213
POA2900,151,9,3,0,0,0,0,167
POA2902,1593,143,91,19,3,0,8,1862
POA2903,996,92,56,16,3,0,7,1173
POA2904,1534,144,46,21,0,0,4,1754
POA2905,3324,312,194,36,3,4,12,3881
POA2906,2160,203,127,23,3,3,8,2525
POA2911,668,30,10,6,0,0,3,710
POA2912,701,58,24,7,0,0,0,800
POA2913,4486,303,164,42,3,3,11,5019
POA2914,3759,199,140,44,4,0,14,4156
POA2899,132,11,11,0,0,0,0,165
POA6798,148,5,0,0,0,0,0,159
POA6799,73,3,0,3,0,0,0,83
POA9494,0,0,0,0,0,0,0,0
POA9797,0,0,0,0,0,0,0,0