SA2_MAINCODE_2016,Median_age_persons,Median_mortgage_repay_monthly,Median_tot_prsnl_inc_weekly,Median_rent_weekly,Median_tot_fam_inc_weekly,Average_num_psns_per_bedroom,Median_tot_hhd_inc_weekly,Average_household_size
101021007,49,1582,594,250,1432,0.8,1083,2.3
101021008,37,1928,812,300,2007,0.8,1692,2.6
101021009,36,1733,837,280,1844,0.9,1400,2.1
101021010,35,1842,883,270,2001,0.9,1434,2.2
101021011,40,2405,1076,383,2672,0.8,2478,2.9
101021012,36,2167,1118,370,2789,0.8,2479,2.9
101031013,48,910,577,150,1397,0.7,1048,2.2
101031014,45,1186,608,225,1413,0.7,1009,2.2
101031015,48,1560,634,150,1525,0.8,1228,2.4
101031016,39,1500,761,270,1765,0.8,1397,2.4
101041017,52,1452,503,260,1137,0.7,906,2.2
101041018,54,1517,521,280,1199,0.7,1000,2.2
101041019,46,1400,586,270,1345,0.8,1061,2.3
101041020,50,1278,496,200,1208,0.8,982,2.4
101041021,53,1517,596,270,1366,0.7,1060,2.2
101041022,65,0,537,0,1374,0.5,849,1.4
101041023,51,1394,486,230,1134,0.7,851,2.2
101041024,51,1300,512,180,1234,0.8,1009,2.4
101041025,54,1500,565,270,1273,0.7,1014,2.1
101041026,54,1353,502,250,1174,0.7,912,2.2
101041027,58,1300,492,230,1123,0.7,848,2.1
101051539,40,1517,627,260,1485,0.7,1164,2.4
101051540,47,1600,602,200,1505,0.8,1206,2.5
101061541,41,1763,728,300,1853,0.8,1470,2.5
101061542,42,2024,921,250,2341,0.8,2063,2.8
101061543,40,1300,535,225,1234,0.7,967,2.4
101061544,48,1040,538,160,1290,0.7,965,2.3
102011028,41,2167,761,430,2118,0.8,1869,2.8
102011029,47,2000,641,380,1731,0.8,1412,2.6
102011030,46,1850,682,250,1751,0.8,1441,2.6
102011031,49,2000,609,360,1797,0.7,1274,2.5
102011032,40,1733,653,331,1576,0.8,1197,2.2
102011033,35,1950,703,400,1929,0.8,1813,3
102011034,47,1899,571,340,1482,0.8,1100,2.4
102011035,39,1733,665,360,1734,0.8,1559,2.8
102011036,39,1800,666,370,1898,0.8,1665,2.9
102011037,44,1820,645,375,1767,0.8,1407,2.5
102011038,42,2000,660,388,1741,0.8,1402,2.6
102011039,42,2167,753,450,2041,0.8,1760,2.6
102011040,46,1750,551,350,1365,0.8,1072,2.3
102011041,40,2167,758,420,2059,0.8,1852,2.8
102011042,47,1733,531,340,1401,0.8,1040,2.2
102011043,42,1733,576,350,1538,0.8,1229,2.5
102021044,41,1733,583,350,1529,0.8,1246,2.6
102021045,34,1600,550,355,1348,0.8,1250,2.9
102021046,45,1560,518,310,1266,0.8,1005,2.3
102021047,40,1764,657,370,1722,0.8,1466,2.7
102021048,43,1517,516,318,1320,0.8,1051,2.5
102021049,43,2200,694,300,2088,0.8,1942,3
102021050,49,1521,504,320,1256,0.8,977,2.3
102021051,39,1800,727,340,1943,0.8,1669,2.8
102021052,44,1600,543,340,1365,0.8,1186,2.5
102021053,45,1785,558,320,1271,0.8,984,2.1
102021054,48,1700,533,300,1308,0.8,971,2.2
102021055,37,1800,661,380,1730,0.8,1516,2.8
102021056,35,2037,631,450,1801,0.8,1678,3.1
102021057,40,1603,508,310,1259,0.8,1056,2.5
103011058,36,1578,635,275,1591,0.8,1234,2.4
103011059,35,1785,672,310,1708,0.8,1481,2.8
103011060,46,1696,653,180,1643,0.8,1356,2.6
103011061,45,1349,596,210,1485,0.7,1207,2.4
103021062,41,900,553,150,1284,0.8,1030,2.4
103021063,46,1192,508,190,1222,0.7,938,2.3
103021064,48,1083,515,165,1261,0.7,974,2.3
103021065,43,1148,567,175,1316,0.8,1067,2.4
103021066,51,910,493,135,1193,0.7,904,2.2
103021067,39,1300,579,205,1467,0.8,1131,2.5
103021068,47,1000,497,120,1267,0.8,981,2.4
103021069,43,1000,579,150,1354,0.7,1098,2.4
103031070,44,1300,495,230,1257,0.7,919,2.2
103031071,46,1517,542,200,1426,0.8,1123,2.4
103031072,37,1766,636,300,1632,0.8,1295,2.5
103031073,50,1192,450,190,1066,0.7,771,2.2
103031074,45,1517,499,200,1331,0.8,1064,2.4
103031075,0,0,0,0,0,0,0,0
103041076,42,1500,620,220,1581,0.8,1227,2.5
103041077,41,1472,589,250,1400,0.7,1070,2.2
103041078,34,1733,738,319,1871,0.8,1581,2.7
103041079,42,1647,693,200,1816,0.8,1483,2.7
104011080,43,1300,496,250,1182,0.8,921,2.3
104011081,49,1300,464,240,1139,0.8,955,2.5
104011082,55,1430,469,280,1076,0.7,871,2.2
104021083,44,1408,529,300,1238,0.8,1050,2.5
104021084,42,1603,556,296,1305,0.8,1043,2.4
104021085,45,1517,561,300,1317,0.8,1009,2.2
104021086,43,1582,590,300,1435,0.9,1295,2.8
104021087,52,1083,473,200,1112,0.8,821,2.2
104021088,43,1733,675,380,1627,0.8,1473,2.7
104021089,44,1600,560,310,1325,0.8,1092,2.5
104021090,52,1517,523,280,1229,0.8,1003,2.2
104021091,44,1560,528,310,1279,0.8,1059,2.5
105011092,35,894,606,100,1329,0.8,1109,2.5
105011093,36,1300,705,160,1922,0.7,1494,2.4
105011094,43,867,537,150,1264,0.7,1009,2.4
105011095,42,1000,629,150,1485,0.7,1100,2.3
105011096,42,737,461,140,1031,0.9,801,2.3
105021097,45,953,527,190,1279,0.7,965,2.2
105021098,39,625,497,100,1145,0.8,970,2.5
105031099,49,906,475,152,1101,0.7,879,2.3
105031100,37,1517,673,260,1545,0.8,1336,2.6
105031101,36,1517,700,275,1637,0.8,1327,2.4
105031102,34,1452,682,265,1491,0.8,1280,2.6
105031103,42,1638,687,200,1707,0.8,1491,2.8
105031104,45,1083,538,160,1202,0.7,996,2.4
105031105,42,1100,589,185,1360,0.8,1083,2.5
105031106,42,1083,491,180,1209,0.8,939,2.4
106011107,36,1820,706,320,1924,0.8,1668,2.7
106011108,38,1478,499,280,1262,0.8,1043,2.5
106011109,43,1690,584,270,1640,0.8,1407,2.7
106011110,45,1662,578,245,1474,0.8,1226,2.5
106011111,38,1430,516,280,1362,0.8,1121,2.6
106011112,35,1842,690,290,1960,0.8,1629,2.6
106011113,42,2000,635,250,1921,0.8,1692,2.8
106021114,35,1800,646,350,1697,0.8,1430,2.6
106021115,38,1733,630,300,1604,0.8,1299,2.5
106021116,39,2000,761,350,2139,0.8,1843,2.8
106021117,34,1733,615,330,1576,0.8,1378,2.7
106021118,35,1760,724,340,1858,0.8,1733,2.9
106031119,46,1840,533,350,1402,0.8,1155,2.5
106031120,49,1517,483,320,1174,0.7,974,2.4
106031121,52,1733,565,330,1357,0.7,1097,2.3
106031122,38,1463,551,270,1320,0.8,1084,2.5
106031123,42,1950,717,300,1996,0.8,1881,3
106031124,62,1517,484,290,1086,0.7,903,2
106031125,39,1733,646,320,1706,0.8,1489,2.8
106041126,34,1668,630,250,1640,0.7,1331,2.5
106041127,40,1943,673,230,1737,0.8,1398,2.6
106041128,39,1800,676,250,1751,0.7,1330,2.4
106041129,42,1517,595,190,1488,0.8,1181,2.4
107011131,41,1733,539,320,1455,0.8,1218,2.6
107011132,35,1950,700,408,1920,0.8,1836,3.1
107011133,56,0,349,0,0,0,0,0
107011134,40,1871,609,295,1861,0.8,1518,2.8
107011545,38,1625,470,280,1271,0.9,1049,2.6
107011546,42,1625,446,240,1122,0.9,872,2.4
107011547,50,1733,495,270,1384,0.8,903,2.2
107021135,67,0,374,0,0,0,0,0
107031136,35,1950,646,385,1830,0.8,1693,3
107031137,40,1700,550,320,1364,0.8,1198,2.6
107031138,50,1983,649,390,1648,0.8,1327,2.3
107031139,42,2000,714,400,1957,0.8,1784,2.8
107031140,47,2130,699,400,1895,0.8,1587,2.6
107031141,37,2167,696,420,1972,0.8,1817,3
107031142,42,1733,569,350,1488,0.8,1298,2.6
107031143,42,1647,487,300,1223,0.8,989,2.5
107041144,40,2001,550,330,1726,0.8,1300,2.5
107041145,41,1950,573,280,1557,0.8,1154,2.4
107041146,37,2000,591,340,1899,0.8,1471,2.7
107041147,38,2288,834,470,2324,0.9,2159,3
107041148,42,2383,827,452,2302,0.9,2010,2.7
107041150,40,2167,696,320,2042,0.8,1615,2.6
107041548,36,1800,644,351,1693,0.9,1231,1.9
107041549,32,1842,502,330,1603,0.9,1213,2.5
108011151,49,1365,475,230,1183,0.8,990,2.4
108011152,54,1517,487,280,1094,0.7,871,2.1
108011153,51,1300,479,280,1099,0.8,921,2.4
108011154,61,1300,453,250,944,0.7,750,1.9
108021155,42,1235,472,230,1097,0.8,889,2.5
108021156,50,1300,472,225,1147,0.8,913,2.4
108021157,49,1300,487,260,1160,0.8,918,2.3
108021158,56,1270,451,240,963,0.8,745,2
108021159,48,1300,471,230,1139,0.8,927,2.4
108021160,56,1500,480,275,1071,0.7,871,2.1
108031161,44,1867,762,220,1774,0.8,1397,2.2
108041162,55,1519,483,300,1139,0.7,910,2.2
108041163,46,1733,597,330,1417,0.8,1152,2.3
108041164,50,1733,530,320,1273,0.8,954,2.2
108041165,47,1517,534,250,1372,0.8,1177,2.6
108041166,44,1600,532,300,1290,0.8,1105,2.6
108051167,52,1300,481,220,1121,0.7,898,2.2
108051168,51,1625,519,300,1238,0.7,1043,2.4
108051169,46,1297,472,240,1097,0.8,849,2.3
108051170,53,1300,455,248,1078,0.8,887,2.3
108051171,47,1245,479,250,1150,0.8,912,2.4
109011172,35,1625,726,280,1824,0.8,1490,2.6
109011173,39,1300,599,231,1402,0.8,1117,2.4
109011174,44,1517,719,220,1780,0.7,1221,2.1
109011175,43,1300,621,180,1522,0.8,1240,2.6
109011176,40,1300,537,210,1242,0.8,934,2.2
109021177,46,979,590,150,1353,0.7,1082,2.3
109021178,44,1200,543,170,1309,0.8,1052,2.4
109021179,43,953,615,130,1403,0.8,1138,2.5
109031180,49,1245,563,200,1296,0.7,998,2.2
109031181,49,1300,561,200,1315,0.7,1042,2.3
109031182,45,1083,583,195,1385,0.7,1048,2.2
109031183,49,997,539,110,1274,0.7,1014,2.3
109031184,47,1560,600,275,1427,0.7,1157,2.3
109031185,48,1083,535,165,1270,0.7,992,2.2
110011186,34,1452,564,260,1526,0.8,1201,2.4
110011187,43,1189,575,200,1312,0.8,1077,2.5
110011188,46,1408,580,195,1415,0.8,1131,2.4
110011189,48,1073,575,143,1330,0.7,1052,2.3
110021190,47,1083,478,200,1111,0.7,838,2.2
110021191,41,1287,542,230,1228,0.8,971,2.4
110021192,45,953,434,130,1013,0.8,857,2.5
110021193,48,1034,484,140,1153,0.8,893,2.3
110021194,53,1079,454,180,1015,0.7,767,2.1
110031195,38,1300,667,195,1459,0.8,1212,2.4
110031196,37,975,682,100,1528,0.8,1293,2.6
110031197,39,1517,650,230,1609,0.8,1292,2.5
110031198,41,1213,619,140,1485,0.8,1198,2.5
110041199,38,1517,617,250,1616,0.8,1257,2.4
110041200,43,1213,606,180,1451,0.8,1221,2.5
110041201,45,1153,533,180,1287,0.7,1032,2.3
110041202,39,1461,651,275,1454,0.8,1185,2.4
110041203,39,1517,682,285,1572,0.7,1241,2.3
110041204,30,1378,557,250,1170,0.8,987,2.7
110041205,44,1517,592,200,1442,0.8,1173,2.5
111011206,43,1835,606,320,1652,0.8,1281,2.5
111011207,47,1733,531,285,1325,0.8,1010,2.3
111011208,39,1800,665,340,1740,0.8,1398,2.5
111011209,39,1733,665,340,1754,0.8,1449,2.6
111011210,41,1733,487,200,1284,0.8,963,2.4
111011211,46,2037,639,370,1877,0.8,1281,2.4
111011212,48,1842,545,310,1473,0.8,1169,2.4
111011213,45,2000,728,420,2091,0.7,1821,2.7
111011214,43,1800,641,350,1714,0.8,1324,2.4
111021215,44,1521,542,275,1373,0.8,1150,2.5
111021216,43,1717,581,350,1434,0.8,1238,2.6
111021217,34,1880,678,390,1781,0.8,1606,2.8
111021218,46,1733,522,315,1383,0.8,1117,2.5
111021219,46,1701,570,300,1480,0.8,1199,2.4
111021220,47,1733,605,325,1501,0.8,1299,2.5
111021221,37,1690,616,335,1495,0.8,1383,2.8
111031222,38,1950,713,350,1969,0.8,1547,2.6
111031223,41,1370,514,280,1240,0.8,1042,2.5
111031224,39,2000,682,310,1880,0.8,1306,2.3
111031225,39,1842,727,330,1978,0.8,1475,2.4
111031226,34,1950,706,395,1925,0.8,1796,3
111031227,37,1700,619,325,1594,0.9,1235,2.3
111031228,39,2167,885,360,2444,0.8,1815,2.4
111031229,37,2000,930,380,2370,0.9,1648,2
111031230,51,1972,725,0,1375,1,1312,1.6
111031231,26,1517,400,325,1226,0.9,992,2.5
111031232,51,2000,590,330,1489,0.8,1164,2.3
111031233,40,1699,581,330,1485,0.8,1189,2.4
111031234,36,1733,593,330,1536,0.9,1195,2.3
111031235,35,1733,754,360,1813,0.9,1412,2.1
112011236,52,1582,556,320,1260,0.7,966,2.1
112011237,46,1733,611,330,1480,0.8,1254,2.5
112011238,45,1800,659,400,1575,0.9,1353,2.5
112011239,45,1733,566,380,1268,0.8,1033,2.3
112011240,41,2000,654,500,1593,0.8,1329,2.4
112011241,49,1387,498,260,1211,0.8,939,2.2
112011242,43,1950,707,450,1773,0.8,1545,2.6
112011243,46,1591,520,350,1227,0.9,993,2.4
112021244,42,1300,492,245,1168,0.8,916,2.4
112021245,47,1213,470,200,1168,0.8,994,2.5
112021246,41,1517,576,278,1363,0.7,1100,2.4
112021247,50,1181,464,207,1096,0.8,846,2.2
112021248,41,1300,516,250,1275,0.8,957,2.3
112021249,46,1517,567,270,1423,0.8,1168,2.5
112031250,45,2108,615,360,1593,0.9,1223,2.4
112031251,45,1560,501,290,1245,0.8,963,2.4
112031252,47,1600,513,285,1288,0.9,1109,2.6
112031253,43,1777,566,370,1414,0.8,1200,2.6
112031254,50,1600,527,320,1235,0.8,967,2.2
112031550,49,1733,545,360,1346,0.8,1111,2.4
112031551,41,2000,628,450,1800,0.8,1675,3
112031552,55,1560,473,340,1092,0.8,786,2.1
113011256,36,1500,672,230,1533,0.8,1303,2.6
113011257,39,1166,674,150,1562,0.8,1315,2.6
113011258,40,1300,610,200,1467,0.7,1197,2.5
113011259,44,1000,573,170,1333,0.7,1025,2.3
113021260,46,1192,582,170,1366,0.7,1135,2.3
113021261,43,1374,553,200,1392,0.8,1076,2.3
113021262,47,1300,601,150,1497,0.8,1172,2.4
113031263,49,1091,524,190,1232,0.7,920,2.2
113031264,44,1170,570,160,1394,0.7,1087,2.4
113031265,40,1200,598,200,1407,0.8,1134,2.5
113031266,46,1083,534,160,1303,0.8,1006,2.4
113031267,38,1530,720,280,1741,0.7,1427,2.6
113031268,28,1733,631,350,1950,0.8,1683,2.8
113031269,35,1517,691,275,1695,0.8,1354,2.6
113031270,35,1387,662,250,1445,0.8,1108,2.2
113031271,40,1300,687,200,1577,0.8,1348,2.6
114011272,55,1811,599,300,1485,0.7,1143,2.2
114011273,51,1517,483,330,1114,0.7,951,2.4
114011274,53,1517,500,276,1148,0.7,928,2.2
114011275,55,2084,706,0,1499,0.7,900,1.8
114011276,53,1770,627,300,1463,0.7,1171,2.1
114011277,44,1560,562,275,1407,0.7,1135,2.4
114011278,37,1517,524,260,1251,0.8,1032,2.5
114011279,49,1300,465,290,1080,0.7,895,2.3
114011280,59,1300,454,250,972,0.7,776,2
114011281,46,1733,583,245,1480,0.8,1403,2.7
114011282,53,1473,491,290,1130,0.7,913,2.2
114011283,54,1456,490,265,1149,0.7,953,2.2
114021284,54,2000,665,400,1685,0.7,1361,2.3
114021285,37,1805,652,378,1703,0.8,1560,2.9
114021286,45,1820,620,350,1606,0.7,1255,2.4
114021287,43,1733,630,320,1599,0.7,1241,2.4
114021288,47,2000,709,350,1734,0.7,1479,2.5
114021289,52,1820,639,300,1517,0.7,1261,2.4
115011290,38,2300,799,510,2210,0.9,2028,2.9
115011291,38,2500,795,590,2526,0.8,2444,3.3
115011294,45,2610,795,648,2510,0.8,2238,3
115011296,41,2770,878,630,2876,0.8,2816,3.3
115011553,38,2383,819,545,2241,0.9,2076,2.9
115011554,51,2383,646,531,2507,0.8,1695,2.7
115011555,41,2600,791,580,2486,0.8,2344,3.1
115011556,39,2500,808,550,2277,0.9,2175,3
115011557,37,2600,875,650,2842,0.8,2849,3.4
115011558,42,2500,768,650,2599,0.8,2443,3.2
115011559,36,2600,872,621,2560,0.8,2526,3.4
115021297,42,2550,750,450,2328,0.8,2195,3.2
115021298,44,2600,741,433,2216,0.8,1942,3
115031299,47,1975,640,185,1696,0.9,1343,2.5
115031300,39,2167,777,390,2074,0.8,1962,3
115041301,37,2398,786,400,2170,0.9,2029,3.1
115041302,34,2630,895,620,2615,0.9,2612,3.5
116011303,32,1900,667,380,1570,1.1,1478,2.8
116011304,34,2000,609,380,1606,0.9,1460,3
116011306,34,2167,653,345,1800,0.9,1743,3.3
116011307,37,2058,699,365,1904,0.9,1662,2.8
116011308,36,2134,658,400,1775,0.9,1645,3
116011560,34,1950,623,385,1620,0.9,1481,3
116011561,34,1950,617,400,1662,1,1556,3.1
116021309,34,2400,785,570,2418,0.9,2476,3.6
116021310,33,2600,958,600,2512,0.9,2490,3.4
116021312,33,2600,770,420,2065,0.9,1927,3
116021562,34,2383,905,520,2368,0.9,2379,3.4
116021563,33,2167,806,450,2129,0.9,2061,3.2
116031313,31,1528,471,265,1157,1,1067,3.1
116031314,32,1983,694,400,1806,1,1798,3.4
116031315,31,2000,691,400,1839,1,1846,3.5
116031316,30,2013,553,300,1374,0.9,1257,3
116031317,32,1722,487,330,1298,1.1,1200,3.1
116031318,36,0,875,0,0,0,0,0
116031319,34,2000,663,400,1847,1,1817,3.4
117011320,46,0,1031,0,0,0,0,0
117011321,36,2600,900,520,2290,1.1,2028,2.8
117011322,33,2330,687,520,1820,1.2,1596,2.6
117011323,38,2300,643,400,1717,1,1334,2.6
117011324,46,0,900,0,0,0,0,0
117011325,39,0,1375,0,0,0,0,0
117021326,36,2383,791,450,2094,1.1,1807,2.5
117021327,35,2600,1038,460,2618,1,2062,2.3
117021328,35,2600,926,580,2357,1,2092,2.6
117031329,35,2500,1285,560,3095,1.1,2158,1.8
117031330,34,2500,1360,600,2955,1.1,2447,2.1
117031331,33,2600,950,508,2572,1.1,1814,2
117031332,30,2600,922,500,2730,1.1,1895,2.1
117031333,35,2167,1304,480,2903,1.1,1861,1.6
117031334,30,2400,761,600,2366,1.2,1941,2.2
117031335,31,2492,792,540,2307,1.1,1562,2
117031336,34,2500,1160,550,2944,1.1,2144,1.9
117031337,30,2500,634,725,1960,1.4,1943,2.4
117031338,30,2300,861,580,2272,1.2,1747,2.2
118011339,34,3000,1172,627,2994,1,2385,2.4
118011340,33,3000,1227,640,2967,1.1,2353,2.3
118011341,37,3000,1079,600,2790,1,2153,2.3
118011342,0,0,0,0,0,0,0,0
118011343,39,3000,1406,657,3574,0.9,2685,2.2
118011344,38,3000,1074,600,2879,1,2295,2.6
118011345,36,3245,1393,575,3597,1,2396,2.1
118011346,41,3467,1159,650,3603,0.9,2898,2.7
118011347,41,3100,1382,660,3662,0.9,2557,2.2
118021348,36,3000,1197,585,3009,1,2342,2.4
118021350,41,2600,735,410,2204,1,1767,2.7
118021564,26,2600,511,515,2197,1.1,1642,2.4
118021565,27,2500,481,525,2000,1.1,1379,2.7
118021566,39,2749,872,580,2466,1,2069,2.7
118021567,38,2600,762,450,2140,1,1529,2.3
118021568,33,2500,706,600,2057,1.1,1662,2.7
118021569,35,2600,1153,560,2744,1.1,2182,2.3
118021570,33,2747,1038,560,2674,1.1,2148,2.4
119011354,36,2167,474,300,1387,1,1197,3.1
119011355,30,2700,779,550,1944,1,1973,3.3
119011356,33,2167,490,450,1433,1,1386,3.4
119011357,33,2100,436,370,1329,1.1,1184,3.4
119011358,40,2167,628,420,1838,0.9,1536,2.8
119011359,39,2300,695,430,2021,0.9,1763,2.9
119011360,38,2167,626,411,1804,0.9,1568,2.9
119011361,34,1996,468,380,1353,1.1,1225,3.2
119011571,32,1700,465,400,1198,1.2,1120,3
119011572,33,1733,440,400,1171,1.2,1125,3.2
119021362,37,2153,518,360,1439,1.1,1260,2.9
119021363,34,1950,501,395,1334,1.2,1285,2.9
119021364,41,2461,657,500,1971,0.9,1757,2.9
119021366,32,2000,428,360,1231,1.2,1153,3.3
119021367,36,2167,550,390,1572,1,1387,3
119021573,31,1600,427,350,1052,1.4,1012,3.2
119021574,31,1697,442,350,1112,1.3,1074,3.1
119031368,32,2000,483,480,1379,1.2,1379,3
119031369,37,2167,730,400,1926,1,1678,2.7
119031370,39,2167,554,390,1612,1,1417,2.8
119031371,41,2500,778,458,2297,0.9,2089,2.9
119031372,42,2362,682,450,2049,0.9,1735,2.9
119031373,39,1950,458,230,1296,1,1019,2.6
119031374,36,2200,624,475,1875,1,1738,3
119041375,31,2167,691,550,1846,1.2,1747,2.7
119041376,36,2080,607,430,1670,1.1,1547,2.9
119041377,40,2300,627,480,1877,1,1642,2.9
119041378,33,2015,691,450,1798,1.2,1680,2.7
119041379,36,2167,667,450,1753,1,1634,2.8
119041380,41,2167,706,440,1764,0.9,1416,2.4
119041381,33,2167,648,470,1610,1.2,1639,2.8
119041382,44,2300,741,450,1927,0.9,1504,2.4
120011383,41,2600,862,570,2399,1,2144,2.7
120011384,31,2200,773,590,2075,1.2,1860,2.6
120011385,40,2860,1081,560,2881,0.9,2300,2.5
120011386,41,2600,944,550,2461,1,2079,2.5
120021387,41,3033,1376,600,3720,0.9,2673,2.3
120021388,37,3000,1126,550,3013,1,2301,2.4
120021389,38,3013,1332,610,3454,1,2601,2.4
120031390,34,2058,684,440,1817,1.1,1643,2.5
120031391,32,2167,532,500,1698,1.1,1545,2.8
120031392,39,2253,747,450,2031,1,1776,2.7
120031393,39,2200,663,420,1911,1,1623,2.8
120031394,37,2200,918,450,2283,1,1837,2.3
120031395,39,2500,916,450,2512,1,2020,2.5
120031396,30,2000,703,460,1739,1.3,1719,2.8
120031575,32,2325,663,500,1989,1.1,1892,3
120031576,36,2300,705,490,2048,1,1809,2.9
121011398,34,2500,804,570,2198,1.2,1950,2.6
121011399,35,2500,1002,510,2516,1,2186,2.5
121011400,38,3000,1159,550,3258,0.9,2532,2.6
121011401,35,2700,1345,592,3069,1.1,2399,2.2
121011402,41,3250,1061,640,3472,0.9,2857,2.9
121021403,39,2400,812,540,2346,0.9,2188,3
121021404,40,2345,817,535,2372,0.8,2153,3
121021406,40,2500,815,510,2585,0.9,2298,3
121021577,34,2000,751,460,1829,1.2,1634,2.5
121021578,39,2200,751,430,2119,0.9,1828,2.8
121021579,37,2167,815,510,2147,1.1,1842,2.6
121031407,40,3000,882,650,2769,0.9,2428,2.9
121031408,40,3000,998,620,3250,0.9,2760,3
121031409,40,3023,993,671,3337,0.9,3010,3.1
121031410,42,3000,932,700,2872,0.8,2542,3
121031411,44,3000,910,600,2977,0.8,2459,2.8
121031412,42,3000,949,612,3242,0.8,2810,3
121041413,39,2676,1357,591,3334,1,2385,2.2
121041414,36,2600,1370,570,3126,1,2364,2.1
121041415,42,3000,1295,560,3671,0.9,2522,2.4
121041416,38,2500,1366,537,3176,1,2265,1.9
121041417,37,2600,1477,620,3311,1.1,2466,2
122011418,40,3467,1090,620,3441,0.9,2803,2.9
122011419,37,3000,1273,650,3264,1,2481,2.3
122021420,47,2900,885,650,2498,0.8,2169,2.7
122021421,47,3000,854,598,2484,0.8,2127,2.8
122021422,44,2817,909,560,2482,0.9,2167,2.8
122021423,41,2772,860,620,2355,0.9,2074,2.8
122031424,41,2817,726,500,2243,0.9,2031,3
122031425,42,2750,773,604,2290,0.9,2002,2.9
122031426,36,2258,874,500,2113,1.1,1792,2.4
122031427,42,3000,788,660,2642,0.9,2287,3
122031428,42,3000,828,790,2606,0.8,2398,3.1
122031429,36,2600,1057,550,2699,1,2251,2.6
122031430,39,2786,875,500,2624,1,2187,2.8
122031431,41,2600,914,530,2398,1,2009,2.5
122031432,44,3000,825,650,2554,0.8,2479,3.2
123011433,41,2167,774,400,2179,0.8,1814,2.8
123011434,34,2300,813,470,2230,0.8,2124,3.2
123011435,32,2167,845,450,2152,0.8,2076,3.2
123021436,33,1777,597,330,1487,0.9,1354,2.9
123021437,35,1825,615,370,1565,0.9,1345,2.7
123021438,33,1840,666,346,1689,0.9,1621,3.1
123021439,0,0,0,0,0,0,0,0
123021440,34,2000,669,370,1678,0.9,1518,2.9
123021441,36,1800,658,350,1595,0.9,1431,2.8
123021442,35,1800,594,340,1533,0.9,1403,3
123021443,34,1930,605,350,1590,0.9,1491,3.1
123021444,35,1741,640,350,1633,0.9,1533,3.1
123031445,39,2068,650,370,1747,0.8,1578,2.9
123031446,35,2383,832,400,2250,0.8,2170,3.1
123031447,38,2000,696,360,1849,0.8,1626,2.9
123031448,38,2167,730,350,2036,0.9,1929,3.2
124011449,50,1575,593,320,1383,0.7,1074,2.1
124011450,41,2058,812,400,2224,0.8,1965,2.8
124011451,55,0,725,0,1874,1,1625,2
124011452,48,1560,568,310,1435,0.7,1046,2.1
124011453,42,1733,669,350,1766,0.8,1463,2.6
124011454,42,1950,750,370,2055,0.8,1731,2.7
124011455,50,1733,631,370,1570,0.7,1239,2.3
124021456,60,0,0,0,0,0,0,1
124031457,35,1845,726,380,1769,0.8,1637,2.9
124031458,31,2167,813,420,2047,0.8,1980,3.1
124031459,39,2167,772,400,2110,0.8,1864,2.8
124031460,33,2167,855,430,2244,0.8,2155,3.2
124031461,36,1952,719,370,1769,0.8,1495,2.6
124031462,33,1900,677,340,1649,0.9,1410,2.7
124031463,35,2500,836,480,2278,0.8,2235,3.2
124031464,37,1733,620,330,1482,0.8,1142,2.2
124031465,36,2037,776,360,2121,0.8,1960,3.1
124041466,39,1900,658,360,1638,0.8,1317,2.5
124041467,34,1907,715,360,1799,0.8,1544,2.7
124041468,36,2275,694,395,1876,0.9,1914,3.4
124051469,34,2000,781,410,2151,0.9,2104,3.3
124051470,34,1985,748,410,1912,0.9,1859,3.1
124051580,34,1794,624,370,1492,0.9,1387,2.9
124051581,34,1705,600,340,1379,0.9,1171,2.6
125011473,33,2167,983,520,2143,1.2,1949,2.4
125011475,0,0,0,0,0,0,0,0
125011582,30,1800,422,440,1130,1.3,1260,3.7
125011583,29,1500,455,380,1108,1.5,1186,3.3
125011584,31,2000,432,415,1272,1.1,1287,3.6
125011585,33,1733,471,375,1313,1.1,1319,3.2
125011586,33,2100,520,470,1488,1.1,1568,3.2
125011587,35,1726,481,370,1342,1.1,1210,3.1
125021476,39,2167,661,515,1978,0.9,1872,3
125021477,37,2253,636,375,1855,0.9,1624,2.9
125021478,37,2167,631,375,1827,0.9,1547,2.8
125031479,34,2000,459,360,1330,1.1,1172,3.2
125031480,35,1733,423,280,1155,1.1,1027,3.2
125031481,31,1950,472,400,1341,1.2,1305,3.2
125031482,37,2257,701,450,1922,0.9,1762,3
125031483,30,2000,420,350,1177,1.2,1072,3.3
125031484,33,2000,495,380,1359,1,1203,3
125031485,33,2000,523,390,1421,1.1,1321,3
125031486,38,0,575,0,0,1,0,1
125031487,46,0,425,0,0,0,0,0
125041489,34,1950,735,420,1830,1.1,1587,2.5
125041490,41,2400,771,550,2238,0.8,2145,3.1
125041491,33,2167,843,440,2027,1.1,1827,2.6
125041492,31,1750,725,410,1683,1.3,1656,2.7
125041493,37,2100,668,415,1876,0.9,1631,2.8
125041494,39,2398,804,505,2254,0.8,2131,3
125041588,35,2167,638,400,1794,1.1,1622,3
125041589,34,2000,638,410,1830,1.2,1680,2.9
126011495,36,2383,741,530,2241,1,2051,3
126011496,41,2671,883,530,2796,0.8,2450,3
126021497,37,2167,631,460,1990,1,1805,3
126021498,40,2500,950,430,2589,0.9,1999,2.5
126021499,42,3500,967,500,3561,0.9,2738,2.8
126021500,32,2167,638,470,2014,1.1,1645,2.4
126021501,41,2500,733,530,2398,0.9,2115,3
126021503,34,2167,793,420,1967,1.1,1708,2.5
126021590,42,3000,868,650,2729,0.8,2459,3.1
126021591,36,2212,754,470,2044,1,1721,2.6
127011504,33,1700,410,212,1046,1,891,3.1
127011505,39,2167,565,390,1607,0.9,1472,3.3
127011506,32,2600,844,530,2152,0.8,2106,3.1
127011592,40,0,604,185,1208,0.8,1145,2.2
127011593,35,2167,672,500,2079,0.9,2137,3.7
127011594,33,1950,506,420,1522,1,1572,3.6
127011595,32,2105,617,450,1741,1,1833,3.7
127011596,32,2200,672,480,1926,1,1966,3.6
127011597,31,2383,751,510,2118,0.9,2152,3.7
127021509,36,1950,456,330,1381,1,1411,3.5
127021510,39,2000,521,440,1674,0.9,1669,3.4
127021511,37,1430,405,310,1020,1.2,1000,3.1
127021512,35,1836,440,350,1220,1,1190,3.3
127021513,35,1632,412,340,1170,1.1,1154,3.3
127021514,36,2000,488,425,1565,1,1637,3.5
127021515,36,1625,395,350,1061,1.2,969,3
127021516,35,1950,419,410,1208,1,1203,3.4
127021517,38,2000,445,420,1400,1,1430,3.5
127021518,42,2500,678,370,1992,0.9,1976,3.4
127021519,38,1993,468,383,1392,1,1272,3.1
127021520,40,1950,461,420,1432,1,1453,3.4
127021521,49,0,440,0,0,0,1125,1.4
127031522,34,2167,584,420,1714,0.9,1584,3.2
127031523,36,2299,719,450,1953,0.9,1838,3.1
127031524,33,2167,840,450,2220,0.9,2123,3.2
127031598,34,1647,466,340,1188,1.1,1088,2.8
127031599,34,1800,431,275,1142,1,979,3
127031600,32,2200,710,500,1994,1,2032,3.7
127031601,33,1517,477,300,1205,1.1,981,2.4
128011529,41,2600,853,480,2431,0.9,2127,2.8
128011530,40,2300,753,440,2064,0.9,1651,2.6
128011531,44,2600,734,455,2039,0.8,1716,2.7
128011602,37,2222,814,430,2084,0.9,1569,2.3
128011603,42,3000,814,610,2546,0.8,2182,2.9
128011604,40,2260,962,450,2293,0.9,1822,2.3
128011605,42,3275,974,760,3154,0.8,2988,3.2
128011606,41,2700,922,429,2687,0.9,2329,2.9
128021533,42,2379,762,430,2214,0.9,1862,2.8
128021534,42,2500,846,630,2554,0.8,2509,3.2
128021535,39,2383,846,520,2466,0.8,2343,3.1
128021536,40,2600,863,450,2538,0.9,2285,2.9
128021537,28,0,833,378,0,0,1875,0
128021538,38,2173,838,420,2114,0.9,1692,2.4
128021607,38,2400,804,430,2152,0.9,1961,2.9
128021608,40,2226,812,530,2316,0.8,2153,3
128021609,41,2399,867,555,2780,0.8,2769,3.3
197979799,58,0,540,0,0,0,0,0
199999499,39,0,405,0,0,0,0,0
201011001,34,1615,702,310,1833,0.8,1585,2.8
201011002,42,1500,670,260,1867,0.8,1327,2.3
201011003,39,1347,615,250,1574,0.8,1198,2.3
201011004,36,1257,528,240,1242,0.8,945,2.2
201011005,38,1580,638,300,1921,0.8,1634,2.8
201011006,36,1466,595,260,1465,0.8,1272,2.6
201011007,41,1600,646,236,1745,0.8,1583,3
201011008,39,1300,508,220,1234,0.8,958,2.3
201021009,43,1571,624,250,1631,0.8,1369,2.6
201021010,48,1213,511,200,1272,0.8,994,2.3
201021011,51,1340,550,266,1311,0.8,1016,2.2
201021012,44,1497,604,190,1603,0.8,1329,2.6
201031013,52,932,454,150,1056,0.7,791,2.2
201031014,49,1105,489,165,1207,0.8,957,2.3
201031015,43,1300,513,200,1329,0.8,1124,2.5
201031016,50,995,458,200,987,0.7,769,2.1
201031017,51,921,442,160,1022,0.8,782,2.2
202011018,40,1200,577,240,1293,0.8,1029,2.2
202011019,37,1250,533,245,1188,0.8,951,2.4
202011020,44,1400,607,255,1493,0.7,1154,2.3
202011021,34,1400,611,260,1544,0.8,1169,2.3
202011022,40,1300,572,250,1324,0.8,1060,2.3
202011023,35,1700,720,330,1945,0.8,1828,3.1
202011024,37,1733,742,350,2002,0.8,1851,3
202011025,33,1517,677,290,1551,0.8,1393,2.7
202021026,40,1600,689,265,1755,0.8,1582,2.8
202021027,47,1300,568,265,1342,0.8,965,2.2
202021028,51,1300,519,230,1276,0.8,1043,2.3
202021029,53,1252,467,200,1141,0.8,895,2.2
202021030,45,1551,616,300,1575,0.8,1269,2.4
202021031,43,1733,731,320,2025,0.8,1689,2.6
202031032,45,1300,558,180,1421,0.8,1187,2.5
202031033,51,785,466,125,1112,0.8,824,2.2
203011034,35,1772,707,315,1805,0.8,1710,3.1
203011035,41,1517,627,200,1608,0.8,1400,2.8
203011036,44,1602,617,240,1564,0.8,1358,2.7
203021037,39,1517,601,290,1545,0.8,1142,2.3
203021038,36,1174,449,230,1058,0.8,866,2.4
203021039,40,1560,680,290,1820,0.8,1276,2.1
203021040,37,1517,671,280,1774,0.8,1275,2.3
203021041,37,1595,623,330,1647,0.8,1376,2.6
203021042,38,1751,656,310,2043,0.8,1676,2.7
203021043,37,1700,666,310,1803,0.8,1554,2.8
203021044,39,1582,627,330,1588,0.8,1358,2.6
203021045,44,1300,510,260,1220,0.8,956,2.3
203021046,40,1918,794,300,2265,0.8,1674,2.5
203021047,42,1408,537,284,1403,0.8,1096,2.4
203031048,45,1517,564,300,1405,0.7,1163,2.5
203031049,52,1700,692,320,1595,0.7,1262,2.2
203031050,40,1781,727,350,1877,0.8,1577,2.6
203031051,58,1517,492,270,1173,0.7,896,2.1
203031052,59,1733,666,300,1598,0.7,1211,2.2
203031053,39,2000,769,400,2036,0.8,1767,2.7
204011054,53,1300,522,200,1291,0.7,936,2.1
204011055,54,1083,526,175,1236,0.7,914,2.1
204011056,40,1517,607,280,1556,0.8,1323,2.6
204011057,47,1350,585,231,1340,0.7,1063,2.3
204011058,50,1300,578,220,1393,0.8,1061,2.2
204011059,45,1192,536,200,1253,0.8,977,2.3
204011060,38,1517,713,250,1686,0.8,1525,2.7
204011061,48,1036,458,200,1291,0.8,747,1.9
204011062,51,1322,537,240,1277,0.8,1003,2.2
204021063,49,1170,537,200,1205,0.7,905,2.1
204021064,50,1281,540,160,1317,0.8,1121,2.4
204021065,46,1300,613,200,1447,0.7,1143,2.3
204021066,44,1300,584,220,1355,0.7,1026,2.3
204021067,47,1346,616,160,1449,0.8,1210,2.5
204031068,49,1430,616,250,1461,0.8,1173,2.3
204031069,48,1300,590,220,1336,0.7,1039,2.2
204031070,45,1300,653,203,1584,0.8,1341,2.5
204031071,50,1300,532,195,1310,0.7,960,2.3
204031072,50,1083,534,150,1334,0.7,1039,2.3
204031073,37,1400,669,250,1557,0.8,1315,2.5
204031074,36,1473,677,250,1545,0.8,1245,2.4
204031075,45,1560,689,220,1708,0.8,1445,2.7
205011076,40,1504,566,270,1405,0.8,1170,2.5
205011077,47,1400,579,195,1454,0.8,1208,2.5
205011078,43,1356,599,250,1483,0.8,1220,2.5
205011079,42,1473,597,250,1523,0.8,1211,2.5
205021080,0,0,0,0,0,0,0,0
205021081,44,1300,559,240,1262,0.7,985,2.3
205021082,48,1250,531,162,1273,0.8,1082,2.4
205021083,0,0,0,0,0,0,0,0
205021084,54,1300,488,225,1133,0.7,889,2.2
205021085,53,1023,458,150,1066,0.7,769,2.1
205021086,58,1207,492,250,1145,0.7,914,2.1
205031087,52,1170,498,185,1205,0.7,912,2.2
205031088,56,493,412,150,843,0.7,477,1.9
205031089,45,1323,540,220,1334,0.8,1075,2.5
205031090,44,1361,565,230,1401,0.8,1128,2.4
205031091,50,1400,529,260,1208,0.7,947,2.2
205031092,39,0,1375,120,0,0,2249,0
205031093,50,1300,496,240,1181,0.7,909,2.2
205041094,42,1300,556,200,1511,0.8,1265,2.5
205041095,44,1083,484,170,1225,0.8,872,2.2
205041096,43,953,470,180,1092,0.7,808,2.1
205041097,38,1352,642,240,1663,0.8,1300,2.4
205041098,40,1300,601,200,1671,0.8,1370,2.6
205051099,54,0,624,0,0,0.6,850,1
205051100,50,1220,493,180,1312,0.7,943,2.3
205051101,43,1257,569,200,1391,0.8,1125,2.4
205051102,39,1300,613,150,1541,0.8,1314,2.5
205051103,40,1300,605,240,1543,0.7,1162,2.3
205051104,52,1124,484,176,1181,0.7,901,2.2
206011105,33,2058,823,401,2208,1,1725,2.2
206011106,32,2000,906,400,2205,1,1723,2.2
206011107,34,1982,742,321,1964,1,1416,2.2
206011108,35,2000,674,370,1990,1,1636,2.6
206011109,38,2000,723,378,2164,0.9,1840,2.8
206021110,36,2000,855,345,2447,1,1818,2.4
206021111,36,2167,881,404,2413,1,1862,2.4
206021112,36,2000,773,340,2059,1,1537,2.3
206031113,35,2178,824,326,2313,0.9,1757,2.4
206031114,37,2167,858,345,2350,0.9,1795,2.5
206031115,31,1990,643,300,1622,1,1265,2.2
206031116,37,2167,860,366,2424,0.9,1861,2.4
206041117,24,1869,338,380,1359,1.1,561,1.9
206041118,30,2167,970,501,2251,1.2,1868,2.1
206041119,38,2192,1341,451,3120,1,2285,1.9
206041120,32,1991,1062,375,2333,0.7,1792,2
206041121,33,2019,1012,392,2480,1,1956,2.2
206041122,26,1700,434,459,1427,1.2,977,2
206041123,28,2058,646,400,2048,1.1,1379,2.1
206041124,26,2000,437,400,2195,1,1610,2.2
206041125,37,2000,1220,420,2815,1,2018,1.9
206041126,30,2000,981,512,2296,1.1,1857,1.9
206041127,0,0,0,0,0,0,0,0
206051128,40,2500,1180,500,2946,1,2185,2.1
206051129,35,2167,1164,390,2635,1,1893,2
206051130,40,2500,1223,496,2852,0.9,2190,2.1
206051131,33,0,1625,0,0,0,1874,1
206051132,37,2167,1068,438,2663,1,1868,2
206051133,34,2000,1020,375,2333,1.1,1625,1.8
206051134,33,2000,981,360,2283,1,1636,2
206061135,37,2400,1064,381,2738,0.9,2007,2.1
206061136,33,2167,1083,400,2530,1,1841,1.9
206061137,31,2000,1104,410,2399,1,1769,1.8
206061138,45,2500,1217,431,3340,0.9,2313,2.2
206071139,32,2142,1068,426,2459,1.1,2001,2.1
206071140,33,2167,968,490,2594,0.9,1991,2.3
206071141,32,2180,969,400,2200,1.1,1712,2
206071142,33,2286,925,400,2223,1,1715,2.1
206071143,36,2167,1001,440,2603,1,1920,2.2
206071144,33,2200,1102,416,2551,1,2015,2.1
206071145,36,2300,1066,438,2842,0.9,2193,2.3
207011146,39,2500,818,400,2754,0.9,2251,2.9
207011147,43,2500,723,406,2217,0.8,1737,2.6
207011148,41,2500,702,481,2268,0.8,1996,3
207011149,41,2500,854,440,2791,0.9,2212,2.7
207011150,39,2529,965,470,3007,0.9,2438,2.8
207011151,32,2200,953,371,2661,1,1821,2.2
207011152,34,2300,971,391,2659,1,1950,2.3
207011153,39,2500,922,438,2787,0.9,2205,2.6
207011154,40,2500,840,429,2596,0.9,2152,2.8
207011155,42,2600,910,416,2961,0.8,2341,2.8
207021156,44,2000,604,400,1811,0.8,1501,2.7
207021157,42,2000,572,420,1580,0.8,1364,2.5
207021159,45,2167,682,451,2090,0.8,1916,2.9
207021160,44,2064,636,420,1868,0.8,1596,2.7
207021424,42,2100,593,455,1880,0.8,1743,3
207021425,40,2000,547,401,1528,0.8,1316,2.6
207031161,39,2000,709,381,2110,0.9,1693,2.7
207031162,42,2000,612,351,1964,0.8,1516,2.7
207031163,33,2000,522,356,1655,1,1200,2.5
207031164,38,2000,633,391,1905,0.9,1544,2.7
207031165,29,2000,417,381,1629,0.9,1126,2.6
207031166,40,2000,514,400,1605,0.8,1373,2.7
207031167,40,2300,870,411,2685,0.9,2147,2.6
208011168,46,2600,867,540,2701,0.8,2213,2.7
208011169,45,2992,1051,521,3351,0.8,2409,2.5
208011170,43,2500,856,508,2724,0.8,2180,2.7
208011171,40,2167,809,365,2300,0.9,1724,2.5
208011172,42,2500,819,400,2697,0.9,2031,2.6
208011173,45,2500,927,430,2803,0.8,2111,2.5
208021174,40,2167,740,430,2298,0.9,1830,2.7
208021176,34,2000,729,358,2051,1,1477,2.3
208021177,34,2167,872,400,2511,0.9,1922,2.5
208021178,41,2300,835,420,2456,0.9,1911,2.6
208021179,37,2167,963,380,2571,0.9,1877,2.4
208021180,35,2000,699,395,2073,0.9,1688,2.6
208021181,36,2000,778,341,2202,1,1656,2.5
208021182,33,2000,753,360,2078,1,1553,2.4
208021426,39,2123,708,430,2082,0.9,1763,2.8
208021427,40,2124,717,421,2036,0.8,1705,2.7
208031183,39,2000,702,452,2180,0.9,2039,3.2
208031184,29,0,900,357,2074,1,900,1
208031185,43,1950,754,360,1984,0.8,1547,2.4
208031186,40,1828,756,323,1902,0.8,1376,2.2
208031187,40,1800,674,340,1806,0.8,1515,2.7
208031188,40,2000,708,370,1940,0.9,1466,2.4
208031189,40,2000,790,370,2185,0.8,1787,2.6
208031190,41,2000,784,350,2111,0.9,1521,2.3
208031191,39,2000,701,388,1941,0.9,1569,2.6
208031192,0,0,0,0,0,0,0,0
208031193,40,2000,807,350,2237,0.9,1701,2.5
208041194,37,2500,1041,381,2853,0.9,2075,2.4
208041195,36,2400,787,391,2652,0.9,1937,2.7
209011196,39,1733,545,350,1562,0.8,1362,2.8
209011197,40,1900,751,350,2040,0.8,1727,2.7
209011198,39,2106,776,361,2197,0.9,1731,2.5
209011199,35,1800,555,300,1519,0.9,1194,2.4
209011200,39,2167,874,375,2443,0.9,1925,2.5
209011201,44,2500,948,400,2961,0.8,2416,2.8
209011202,41,1950,786,350,2097,0.8,1731,2.5
209011203,40,1950,737,350,2016,0.8,1684,2.6
209011204,39,1800,692,340,1893,0.8,1545,2.6
209021205,28,1800,437,340,1651,0.9,1367,2.9
209021207,36,1700,537,310,1388,0.9,1138,2.4
209021208,38,1800,545,320,1459,0.9,1268,2.6
209021428,35,1950,625,350,1702,1,1386,2.4
209021429,37,1949,666,351,1878,1,1529,2.6
209031209,41,2000,807,377,2386,0.8,2127,2.9
209031210,40,1842,730,331,2034,0.9,1799,2.9
209031211,41,1600,657,285,1693,0.8,1434,2.7
209031212,44,1993,733,210,2071,0.9,1881,2.9
209031213,40,2058,784,400,2344,0.8,2183,3.1
209031214,41,2167,842,405,2469,0.8,2295,3
209031215,38,1960,765,369,2231,0.8,2066,3
209041216,31,1950,558,341,1786,0.9,1432,2.8
209041217,39,1690,494,340,1386,0.8,1156,2.6
209041219,37,1674,447,315,1222,0.9,1112,2.9
209041220,38,1600,591,331,1704,0.9,1528,3
209041221,36,1612,586,331,1570,0.9,1469,2.9
209041223,38,1517,425,311,1109,0.9,1017,2.8
209041224,34,1733,714,318,1788,0.8,1647,3
209041225,41,1733,637,300,1765,0.8,1452,2.8
209041430,31,1960,794,351,1926,0.8,1811,3.1
209041431,35,1600,562,321,1487,0.9,1403,3
209041432,36,1500,502,311,1317,0.9,1205,2.8
209041433,31,1890,676,350,1655,0.9,1606,3.3
209041434,31,1900,776,346,1772,0.8,1659,3
209041435,32,1967,761,361,1949,0.9,1889,3.3
209041436,36,1733,653,341,1753,0.9,1592,3
209041437,30,2000,708,346,1607,0.9,1612,3.2
210011226,40,1900,683,350,1696,0.8,1375,2.3
210011227,0,0,0,0,0,0,0,0
210011228,44,1959,644,351,1844,0.8,1527,2.7
210011229,43,2000,572,350,1656,0.8,1411,2.7
210011230,39,2000,764,371,2191,0.8,1747,2.6
210011231,40,2167,817,400,2399,0.8,2069,2.8
210021232,39,1993,749,351,2133,0.8,1869,2.9
210021233,44,2000,796,343,2245,0.8,1932,2.7
210021234,42,1799,750,330,2070,0.8,1830,2.8
210021235,42,1733,668,295,1807,0.8,1579,2.8
210031236,37,2000,639,346,1852,0.9,1503,2.5
210031237,34,1733,451,330,1235,1,1088,2.9
210031239,35,1950,738,350,1916,0.9,1545,2.5
210031438,34,1733,540,326,1437,0.9,1254,2.6
210031439,37,1920,802,380,2100,0.8,1779,2.7
210031440,38,1638,484,315,1362,0.9,1129,2.6
210041240,39,1603,689,315,1903,0.8,1708,2.9
210041241,37,1600,698,315,1803,0.8,1510,2.6
210051242,31,1300,404,295,1005,1,913,2.9
210051243,33,1380,377,290,1004,1,927,3.2
210051245,41,1710,588,327,1602,0.8,1386,2.7
210051246,35,2000,668,390,2020,0.9,2020,3.4
210051247,31,1300,375,300,1076,1.1,1044,3.4
210051248,36,2500,919,0,3249,0.5,2250,2.6
210051249,29,1650,404,346,1318,1.1,1358,3.8
210051250,38,1538,621,316,1434,0.8,1194,2.3
210051441,33,1500,562,320,1419,0.9,1350,3.1
210051442,29,1820,675,340,1686,1,1669,3.5
210051443,31,1733,579,330,1508,0.9,1489,3.3
210051444,29,1850,652,345,1502,1,1510,3.3
210051445,31,1907,767,350,1856,0.8,1816,3.1
211011251,38,1650,640,331,1574,0.8,1301,2.5
211011254,38,1800,642,376,1763,0.8,1589,2.8
211011255,39,2000,762,386,2423,0.8,2337,3.3
211011256,38,1733,688,390,1944,0.8,1763,2.9
211011257,38,2000,697,400,2055,0.9,1922,3.1
211011258,39,1900,724,425,2158,0.8,2054,3.1
211011259,42,1800,636,376,1794,0.8,1574,2.8
211011260,43,1800,612,381,1854,0.8,1577,2.8
211011446,39,1675,658,335,1579,0.8,1310,2.4
211011447,40,1700,657,324,1717,0.8,1356,2.5
211011448,38,1733,672,351,1794,0.8,1574,2.7
211011449,38,1733,718,325,1916,0.8,1723,2.8
211021261,43,2167,706,396,2259,0.8,1945,2.9
211021262,43,2167,778,376,2541,0.8,2333,3.1
211031263,37,1697,711,311,1808,0.8,1519,2.7
211031265,39,1850,751,381,2228,0.8,2018,3
211031266,37,1800,654,335,1727,0.9,1360,2.4
211031267,39,1836,709,344,1974,0.8,1592,2.6
211031268,41,2000,732,381,2162,0.8,1910,2.8
211031450,37,1700,689,330,1668,0.8,1314,2.3
211031451,40,1926,646,347,1771,0.8,1388,2.5
211031452,37,1745,683,351,1833,0.8,1587,2.7
211041269,40,1950,582,360,1695,0.8,1344,2.6
211041270,38,2000,747,363,2048,0.9,1650,2.5
211041271,38,1950,663,350,1887,0.9,1510,2.6
211041272,40,2000,686,375,1951,0.8,1664,2.7
211041273,45,2000,590,441,1828,0.8,1665,2.9
211051274,39,1700,723,325,1956,0.8,1748,2.9
211051275,39,1820,688,380,1924,0.8,1728,2.8
211051276,43,1625,613,300,1577,0.8,1278,2.5
211051277,40,1733,655,350,1662,0.8,1343,2.5
211051278,39,1777,665,330,1758,0.8,1466,2.7
211051279,42,1733,635,320,1699,0.8,1505,2.8
211051280,41,1755,691,335,1957,0.8,1711,2.8
211051281,36,1800,687,350,1791,0.8,1594,2.8
211051282,44,1800,728,340,1982,0.8,1680,2.6
211051283,37,1733,678,310,1862,0.8,1655,2.9
211051284,40,1714,753,336,2038,0.8,1762,2.7
211051285,38,1733,686,320,1771,0.8,1611,2.9
211051286,42,1455,566,270,1399,0.8,1142,2.5
212011287,33,1950,792,351,2018,0.8,1875,2.9
212011288,42,1733,632,253,1762,0.8,1502,2.8
212011289,40,1733,700,321,1915,0.8,1716,2.9
212011290,39,1695,621,250,1545,0.8,1335,2.7
212011291,30,1627,684,315,1525,0.8,1371,2.7
212011292,32,1733,647,321,1562,0.8,1390,2.9
212021293,42,1733,678,341,1911,0.8,1558,2.7
212021294,33,1907,737,380,1971,0.9,1901,3.3
212021295,34,1350,449,280,1064,1,973,2.8
212021297,35,1560,488,323,1358,0.9,1297,3
212021299,41,2000,683,354,2178,0.8,2182,3.4
212021453,37,1696,583,330,1577,0.9,1485,3.1
212021454,38,1625,561,345,1551,0.9,1468,3
212021455,35,1600,630,340,1709,0.9,1619,3.1
212021456,34,1560,588,320,1468,0.9,1345,2.8
212031300,34,1517,593,300,1391,0.9,1251,2.8
212031301,31,1978,744,380,1763,0.9,1710,3.1
212031302,31,1754,668,345,1662,0.9,1591,3.2
212031303,37,2080,742,350,1990,0.8,1865,2.9
212031304,30,1733,707,336,1600,0.9,1564,3.1
212031305,33,1508,540,320,1358,1,1307,3.2
212031306,32,2000,732,381,1894,0.9,1948,3.5
212031308,40,1733,651,300,1731,0.8,1536,2.8
212031457,34,1800,668,400,1997,0.9,2006,3.5
212031458,32,1733,613,360,1652,1,1654,3.5
212041309,43,1842,533,351,1595,0.9,1417,2.8
212041310,33,1680,489,342,1342,1,1257,2.8
212041311,33,1500,460,281,1112,1.1,994,2.8
212041312,37,1550,486,300,1315,0.9,1183,2.9
212041313,43,1950,694,380,1939,0.8,1596,2.7
212041314,35,2000,581,360,1618,0.9,1587,3.2
212041316,39,1597,496,321,1352,0.9,1213,2.8
212041317,34,1500,409,310,1120,1.1,1077,3.1
212041318,35,1517,449,319,1208,1,1220,3.2
212041459,34,1500,534,299,1245,1,1117,2.5
212041460,35,1500,460,300,1189,1,1102,2.9
212051319,35,2000,648,375,1942,0.9,1554,2.6
212051320,26,1800,349,360,1373,1,1070,2.7
212051321,42,2000,569,441,1799,0.8,1564,2.9
212051322,39,2000,552,420,1756,0.9,1541,2.9
212051323,41,2000,631,421,1902,0.8,1628,2.8
212051324,40,2000,660,420,1968,0.8,1655,2.7
212051325,39,1950,609,381,1732,0.8,1572,2.8
212051326,36,2000,632,371,1845,0.9,1520,2.7
212051327,46,2000,624,420,1886,0.8,1670,2.8
213011328,34,1500,515,275,1296,1,1071,2.5
213011329,33,1850,549,369,1635,1,1748,3.7
213011330,33,1733,576,320,1454,0.9,1403,3.1
213011331,36,1500,482,300,1404,0.9,1290,3
213011332,39,1538,520,320,1490,0.8,1379,2.9
213011333,37,1400,426,290,1116,0.9,1074,3
213011334,35,1400,427,288,1087,1,990,2.8
213011335,35,1500,404,280,1092,1,1037,3
213011336,34,1600,494,300,1305,1,1185,2.7
213011337,35,1600,441,300,1166,1,1094,3
213011338,36,1500,445,300,1214,0.9,1147,2.9
213011339,34,1517,601,330,1649,0.9,1527,3
213011340,41,1700,644,363,1960,0.9,1847,3.1
213021341,42,2000,734,335,1953,0.8,1440,2.3
213021342,38,1517,592,310,1586,0.8,1370,2.6
213021343,37,2000,539,340,1511,0.9,1274,2.5
213021344,37,2167,961,400,2484,0.9,2071,2.6
213021345,35,1600,684,325,1777,0.9,1676,3
213021346,42,2210,885,370,2606,0.9,2007,2.6
213031347,32,1800,495,300,1382,1,1232,2.7
213031348,32,1842,623,310,1660,1.1,1314,2.2
213031349,33,2000,779,380,2024,0.9,1765,2.6
213031350,35,2167,904,345,2386,1,1861,2.4
213031351,34,1950,694,301,1843,1,1449,2.5
213031352,36,2167,923,400,2513,0.9,2043,2.5
213041353,37,1600,652,270,1708,0.8,1427,2.7
213041355,32,1900,732,346,1945,0.9,1874,3.2
213041356,35,1385,547,260,1361,0.8,1180,2.7
213041357,33,1517,615,286,1501,0.8,1338,2.8
213041358,31,1517,645,290,1543,0.8,1426,3
213041359,36,1300,512,210,1320,0.9,1119,2.7
213041360,32,2000,708,369,1918,0.9,1890,3.5
213041461,37,1733,542,350,1520,0.9,1412,3.1
213041462,31,2000,698,369,1789,1,1841,3.6
213041463,33,1950,739,365,1923,0.9,1819,3.2
213051361,35,1500,620,300,1621,0.9,1493,3
213051362,36,1404,537,295,1420,0.9,1324,2.9
213051363,31,1900,640,312,1674,0.9,1587,2.9
213051365,30,1820,715,330,1703,0.9,1718,3.4
213051366,30,1846,753,340,1713,0.9,1744,3.3
213051368,40,1557,630,281,1616,0.8,1313,2.5
213051369,31,1600,693,301,1604,0.9,1511,3
213051464,32,2167,839,381,2156,0.8,2131,3.2
213051465,33,1915,778,361,2035,0.9,1968,3.2
213051466,31,2048,876,380,2125,0.8,2104,3.3
213051467,35,1387,528,277,1353,0.9,1198,2.7
213051468,36,1500,672,280,1723,0.8,1496,2.7
214011370,36,1517,671,325,1533,0.8,1339,2.6
214011371,39,1517,607,286,1448,0.8,1099,2.2
214011372,39,1340,531,290,1267,0.8,1043,2.4
214011373,44,1950,706,355,2052,0.8,1617,2.6
214011374,37,1720,719,320,1868,0.8,1595,2.7
214011375,40,1600,664,300,1611,0.8,1208,2.2
214011376,35,1867,780,400,2031,0.8,1914,3
214021377,50,1733,596,330,1426,0.7,1157,2.3
214021378,52,2000,773,300,1937,0.7,1715,2.5
214021379,41,1573,628,280,1453,0.8,1175,2.4
214021380,47,1733,625,335,1584,0.8,1203,2.3
214021381,44,2200,760,428,2353,0.8,2030,2.8
214021382,43,2000,727,400,2036,0.8,1707,2.7
214021383,51,1635,593,300,1384,0.7,1096,2.2
214021384,52,1517,511,285,1242,0.7,930,2.1
214021385,40,1600,667,323,1722,0.8,1479,2.7
215011386,45,1066,561,200,1284,0.7,998,2.2
215011387,48,975,564,100,1244,0.7,1006,2.3
215011388,41,1200,621,200,1412,0.7,1102,2.3
215011389,45,1100,600,120,1392,0.8,1146,2.5
215011390,49,758,508,130,1242,0.7,928,2.2
215011391,52,867,479,140,1157,0.7,845,2.1
215011392,47,1000,538,175,1301,0.7,973,2.2
215011393,49,737,549,80,1274,0.7,966,2.2
215011394,51,662,491,133,1176,0.7,881,2.2
215021395,41,1311,621,200,1553,0.8,1290,2.7
215021396,43,1083,529,180,1318,0.8,1056,2.6
215021398,47,900,570,100,1336,0.7,1019,2.3
215021399,42,1083,542,190,1337,0.8,1083,2.5
215021469,38,1127,530,220,1243,0.8,975,2.3
215021470,40,1300,566,250,1370,0.8,1087,2.4
215031400,51,693,473,120,1110,0.7,839,2.2
215031401,50,997,496,140,1184,0.7,923,2.3
215031402,49,975,502,170,1195,0.7,886,2.2
215031403,37,1083,547,177,1263,0.9,1085,2.7
215031404,39,1285,604,200,1407,0.8,1098,2.3
215031405,45,980,546,150,1325,0.8,1091,2.5
216011406,44,1387,606,250,1433,0.8,1144,2.4
216011407,44,1300,551,185,1322,0.8,1066,2.4
216011408,44,1253,576,145,1382,0.8,1193,2.6
216011409,49,1192,527,170,1299,0.7,1002,2.3
216011410,51,1000,478,155,1165,0.7,913,2.2
216021411,46,1300,503,200,1265,0.8,959,2.3
216021412,48,1200,547,150,1334,0.7,1130,2.4
216021413,45,1105,537,175,1311,0.8,1048,2.4
216021414,50,1343,515,240,1233,0.7,962,2.3
216031415,42,1200,553,200,1296,0.8,996,2.3
216031416,38,1333,630,230,1512,0.8,1221,2.5
216031417,37,1300,561,235,1356,0.8,1145,2.6
216031418,42,1300,639,180,1657,0.8,1408,2.7
216031419,43,1300,576,200,1414,0.8,1163,2.5
217011420,50,1083,538,140,1375,0.7,1028,2.3
217011421,45,1083,574,200,1382,0.7,1035,2.2
217011422,45,1200,534,200,1345,0.7,1050,2.2
217011423,47,867,584,100,1366,0.7,1068,2.4
217031471,49,1083,519,200,1217,0.7,921,2.2
217031472,42,1270,577,215,1399,0.8,1055,2.3
217031473,45,1300,583,175,1376,0.8,1150,2.5
217031474,48,1000,516,150,1279,0.7,994,2.3
217031475,43,1200,580,150,1373,0.8,1147,2.5
217031476,52,1300,554,245,1205,0.7,936,2.1
217041477,42,1200,613,150,1482,0.8,1210,2.6
217041478,44,1400,617,223,1470,0.8,1217,2.5
217041479,39,1500,625,250,1510,0.8,1210,2.5
217041480,43,1364,610,250,1498,0.8,1144,2.3
297979799,49,0,3000,0,0,0,0,0
299999499,34,0,398,0,0,0,0,0
301011001,37,1820,710,375,1789,0.8,1600,2.8
301011002,39,2167,811,430,2293,0.8,2196,3.1
301011003,41,1989,719,400,1945,0.8,1705,2.8
301011004,38,1848,700,350,1740,0.8,1474,2.6
301011005,40,1777,725,355,1609,0.8,1299,2.3
301011006,41,2000,753,420,2099,0.8,1913,2.8
301021007,49,1950,656,375,1716,0.7,1275,2.3
301021008,45,2000,719,420,1982,0.7,1597,2.6
301021009,38,2167,720,450,1869,0.8,1754,2.9
301021011,35,2167,919,460,2270,0.8,2210,3.1
301021012,39,2167,751,450,2080,0.8,1936,3
301021013,45,1950,616,420,1654,0.7,1387,2.6
301021527,56,1083,437,240,905,0.8,735,2
301031014,29,0,0,0,0,1,0,0
301031015,43,2100,784,390,2199,0.8,1691,2.5
301031016,39,2015,756,400,2016,0.8,1727,2.7
301031017,34,2167,890,420,2253,0.8,2075,2.8
301031018,37,1900,796,400,1920,0.8,1690,2.6
301031019,34,2448,1034,480,2602,0.8,2464,3.2
301031020,41,2095,739,360,2012,0.8,1522,2.5
301031021,38,1950,719,400,1792,0.8,1456,2.6
302011022,36,1733,739,375,1813,0.8,1650,2.8
302011023,42,2237,849,420,2582,0.7,2387,3
302011024,41,2000,770,400,2021,0.7,1742,2.6
302011025,35,1950,831,375,2003,0.8,1585,2.4
302011026,38,2037,872,400,2310,0.8,2126,2.8
302021027,42,2000,731,388,1967,0.8,1521,2.5
302021028,35,1799,692,350,1548,0.9,1217,2
302021029,39,1988,741,415,2030,0.8,1785,2.7
302021030,37,1950,758,385,1941,0.8,1699,2.7
302021031,34,2167,932,350,2313,0.9,1785,2.4
302021032,33,2000,790,350,1944,0.8,1495,2.2
302021033,39,2000,746,355,1962,0.8,1596,2.5
302021034,37,2200,944,400,2435,0.8,2055,2.6
302031035,37,1797,673,395,1766,0.8,1585,2.7
302031036,33,2400,987,300,3083,0.6,2250,2.2
302031037,41,2167,1018,430,2203,1,1709,1.9
302031038,34,2100,880,355,2256,0.8,1802,2.5
302031039,37,2000,779,390,2078,0.8,1810,2.7
302031040,33,1820,894,360,2011,0.9,1569,2.1
302041041,36,1810,715,380,1822,0.8,1684,2.8
302041042,41,1950,749,360,2021,0.8,1606,2.5
302041043,42,1764,654,324,1728,0.8,1278,2.3
302041044,46,2000,669,275,2228,0.8,1492,2.4
302041045,36,1733,718,373,1732,0.8,1408,2.4
302041046,33,1733,651,340,1404,0.9,1221,2.3
303011047,35,2258,1004,410,2743,0.8,2248,2.8
303011048,33,2123,886,430,2289,0.9,1858,2.6
303011049,36,2000,841,420,2094,0.8,1744,2.5
303011050,34,2000,805,394,1936,0.8,1665,2.4
303011051,42,2167,774,490,2366,0.7,2124,2.9
303021052,32,2000,758,345,2097,0.9,1588,2.3
303021053,34,2000,935,360,2313,0.9,1796,2.3
303021054,31,2004,630,380,2098,1,1598,2.5
303021055,32,1997,857,360,2163,0.9,1666,2.2
303021056,35,2167,807,355,2364,0.9,1938,2.7
303021057,36,2167,854,375,2303,0.8,1907,2.5
303021058,30,2080,688,400,1961,1,1516,2.3
303021059,36,2000,880,370,2417,0.8,1808,2.4
303031060,33,1900,611,415,1713,0.8,1618,2.9
303031061,31,1800,440,425,1406,0.8,1371,3.1
303031062,38,1950,655,395,1910,0.8,1686,2.9
303031063,34,2068,761,370,2020,0.8,1631,2.5
303031064,35,2500,795,465,2444,0.8,2336,3.2
303031065,32,1960,571,400,1666,0.9,1352,2.5
303031066,39,1863,677,420,1859,0.8,1710,2.9
303041067,32,1700,516,350,1453,0.9,1305,2.7
303041068,35,1982,778,350,2037,0.9,1559,2.4
303041069,32,2000,472,415,1442,0.9,1394,3
303041070,34,1994,670,360,1925,0.8,1614,2.6
303041071,36,2167,888,425,2523,0.8,2200,2.8
303051072,35,1753,673,390,1666,0.8,1526,2.8
303051073,32,1863,646,400,1670,0.8,1654,3.1
303051074,33,2167,790,425,2164,0.8,2126,3.2
303051075,33,2000,741,430,2050,0.8,2026,3.3
303051076,34,1517,520,325,1275,0.9,1177,2.6
303061077,33,2000,618,390,1814,0.9,1764,3.3
303061078,32,1647,554,390,1461,0.9,1480,3
303061079,32,1733,461,400,1367,0.9,1329,3
303061080,35,1793,539,400,1491,0.8,1425,3
304011081,41,2000,796,420,2209,0.7,1987,2.8
304011082,38,1933,753,400,2028,0.8,1875,2.8
304011083,34,1918,826,395,2011,0.8,1742,2.7
304011084,39,2054,890,435,2427,0.8,2237,2.9
304011085,42,2167,800,500,2393,0.7,2259,3
304021086,37,2100,806,413,2205,0.8,2070,3
304021087,45,2500,840,450,2859,0.8,2579,3
304021088,41,2167,877,495,2632,0.7,2359,2.9
304021089,40,2815,1005,540,3313,0.8,3038,3.1
304021090,40,2167,833,460,2321,0.8,2045,2.8
304021091,43,2500,929,520,2937,0.8,2769,3.1
304031092,37,2485,954,460,2902,0.8,2447,2.9
304031093,38,2167,802,360,2339,0.8,1828,2.6
304031094,30,2000,694,425,2183,0.9,1714,2.6
304031095,36,2253,917,385,2533,0.8,1937,2.5
304031096,23,2167,323,430,2039,1,1385,2.6
304031097,30,1900,775,390,2138,0.9,1602,2.2
304041098,31,2000,932,350,2181,0.8,1612,2.3
304041099,44,1850,724,330,1024,0.8,899,2.3
304041100,39,1950,637,350,1637,0.8,1312,2.5
304041101,36,2100,863,365,2279,0.8,1880,2.6
304041102,0,0,0,0,0,0,0,0
304041103,41,2167,843,450,2414,0.8,2165,2.8
304041104,36,2000,866,355,2280,0.8,2159,3
305011105,30,2022,730,540,2214,1.1,1780,2.1
305011106,31,2000,920,400,2141,1.1,1592,1.8
305011107,33,2000,722,365,2125,1,1545,2.4
305011108,34,2000,955,450,2296,0.9,1831,1.9
305011109,37,2167,1054,400,2601,0.9,1800,1.9
305011110,30,2100,749,490,2071,1.1,1723,2.1
305011111,30,1907,655,440,2059,1.2,1638,2.2
305011112,33,2167,893,450,2393,1,1855,2.3
305021113,36,2400,1096,420,2865,0.8,2321,2.6
305021114,37,2800,1148,490,3007,0.9,2465,2.5
305021115,31,2080,855,380,2335,0.9,1748,2.3
305021116,34,2600,1108,425,3058,0.8,2418,2.6
305021117,32,2199,986,410,2383,0.8,2009,2.4
305021118,34,2600,1117,430,2959,0.8,2386,2.6
305031119,32,2000,954,390,2432,0.9,1823,2.1
305031120,33,2167,955,375,2470,0.8,1895,2.4
305031121,40,2392,1033,360,2741,0.8,1905,2.3
305031122,35,2100,930,350,2351,0.8,1689,2.2
305031123,36,2300,1037,430,3028,0.8,2447,2.8
305031124,37,2200,1070,420,2555,0.9,1900,2.1
305031125,40,2600,998,500,2763,0.8,2307,2.7
305031126,27,2099,589,420,1909,1.1,1458,2.4
305031127,31,2167,826,375,2348,0.9,1754,2.4
305031128,33,2167,1237,450,2714,1,2095,1.8
305031129,35,2500,1019,400,3026,0.8,2244,2.7
305031130,32,2200,930,370,2345,0.9,1833,2.3
305031131,33,2200,889,350,2398,0.9,1830,2.4
305041132,35,2432,962,430,2844,0.9,2288,2.8
305041133,31,2167,950,400,2472,0.9,1942,2.3
305041134,37,2600,1018,455,3135,0.8,2542,2.8
305041135,32,2400,1065,450,2814,0.9,2190,2.4
305041136,32,2488,953,400,2753,0.9,2011,2.4
305041137,29,2050,781,400,2260,0.9,1694,2.3
306011138,38,1800,835,400,2046,0.8,1908,2.8
306011139,43,1733,726,350,1651,0.8,1446,2.5
306011140,41,1700,856,300,1947,0.8,1577,2.4
306011141,36,1866,837,375,2056,0.8,1871,2.9
306011142,36,1842,749,360,1801,0.8,1536,2.5
306011143,44,1500,683,270,1458,0.8,1117,2.1
306021144,30,1695,712,345,1666,0.8,1594,3
306021145,35,1517,693,300,1452,0.9,1176,2
306021146,41,1600,675,300,1616,0.8,1266,2.4
306021147,32,1603,666,310,1476,0.8,1331,2.9
306021148,38,1733,687,275,1594,0.8,1413,2.8
306021149,38,1733,700,310,1680,0.8,1457,2.7
306021150,0,0,0,0,0,0,0,0
306021151,34,1200,552,240,1061,1,894,2.2
306021152,37,1300,513,230,1137,1,882,2.1
306021153,36,1647,742,350,1705,0.8,1554,2.8
306021154,38,1400,550,250,1222,1,941,2
306021155,36,1408,627,310,1392,0.8,1234,2.6
306021156,42,1700,757,285,1819,0.8,1398,2.4
306021157,37,1430,577,235,1198,0.9,979,2.3
306031158,47,1300,598,200,1396,0.8,1141,2.4
306031159,41,1300,521,220,1239,0.8,985,2.4
306031160,45,1300,588,230,1353,0.8,1120,2.4
306031161,45,1343,582,250,1292,0.8,1075,2.3
306031162,0,0,0,0,0,0,0,0
306031163,23,0,288,130,869,1.6,1129,4.8
306041164,44,1517,596,230,1390,0.9,1062,2.3
306041165,42,1733,754,315,1582,0.8,1284,2.2
306051166,45,1500,549,250,1314,0.8,1027,2.3
306051167,48,1083,444,200,990,0.9,787,2.3
306051168,45,1647,530,225,1293,0.9,1125,2.5
306051169,49,1440,552,225,1242,0.8,1054,2.4
306051170,41,1465,555,250,1298,0.8,1041,2.5
307011171,40,1161,662,150,1485,0.8,1230,2.5
307011172,35,1650,643,200,1667,0.8,1332,2.6
307011173,36,1517,730,250,1697,0.8,1391,2.5
307011174,44,867,537,110,1220,0.8,1031,2.3
307011175,38,1103,718,170,1445,0.7,1230,2.4
307011176,33,1517,818,250,1842,0.7,1509,2.4
307011177,42,1100,646,100,1473,0.8,1204,2.5
307011178,45,867,457,120,1020,0.9,841,2.3
307021179,47,1300,481,200,1181,0.8,956,2.4
307021180,39,1300,639,250,1418,0.8,1227,2.6
307021181,45,1083,581,180,1340,0.8,1117,2.4
307021182,42,1517,611,245,1487,0.8,1293,2.6
307021183,37,1400,638,230,1521,0.8,1259,2.6
307031184,45,1300,552,220,1376,0.8,1141,2.5
307031185,47,1300,512,200,1248,0.8,1027,2.5
307031186,49,1235,481,200,1135,0.8,959,2.4
307031187,48,1181,493,230,1172,0.7,872,2.2
307031188,47,1220,480,195,1150,0.8,970,2.5
307031189,41,1300,538,245,1261,0.7,1007,2.4
308011190,31,1517,835,120,2103,0.8,1914,2.7
308011191,39,1500,708,23,1892,0.9,1404,2.5
308011192,31,2000,873,230,2134,0.8,1884,2.8
308031205,35,1300,549,250,1275,0.8,1016,2.3
308031206,44,1701,627,200,1504,0.9,1306,2.6
308031207,45,1800,557,300,1262,0.8,1024,2.3
308031208,36,1638,704,280,1748,0.8,1451,2.6
308031209,38,2000,768,310,2145,0.8,2048,3
308031210,30,1733,673,300,1526,0.8,1422,2.8
308031211,34,1387,613,250,1393,0.9,1184,2.6
308031212,50,880,443,175,951,0.8,753,2.1
308031213,35,1800,712,295,1868,0.8,1525,2.7
308031214,37,1335,583,250,1381,0.8,1105,2.4
308031215,34,1625,671,280,1677,0.8,1366,2.6
308031216,39,1408,621,250,1498,0.8,1207,2.3
308031217,43,1127,486,220,1185,0.8,892,2.1
308031218,45,1733,573,230,1520,0.9,1302,2.6
308031219,45,1733,542,185,1427,0.9,1212,2.6
308031220,42,1733,662,150,1689,0.9,1467,2.7
308031221,68,0,364,0,687,0.8,687,1.6
308031222,37,1560,610,250,1862,0.8,1338,2.3
308031223,42,1900,635,305,1622,0.8,1293,2.4
308041528,40,1394,677,125,1760,0.8,1416,2.5
308041529,34,1592,763,250,2068,0.8,1820,2.6
308051530,49,1500,452,240,1074,0.9,902,2.3
308051531,36,2058,742,280,2175,0.8,1947,2.7
308051532,66,0,430,0,0,1.1,525,1.6
308051533,30,2000,761,250,2116,0.8,1868,2.7
308051534,37,1736,668,200,1697,0.8,1224,2.1
308051535,36,2167,719,240,1992,0.8,1762,2.8
308051536,35,1733,714,250,1927,0.7,1662,2.7
308051537,0,0,0,0,0,0,0,0
308051538,31,1987,766,260,2092,0.7,1896,2.8
308051539,38,1733,613,200,1549,0.7,1257,2.3
309011224,43,2167,744,500,1923,0.8,1700,2.6
309011225,43,1842,715,390,1696,0.9,1323,2.1
309011226,41,1900,662,410,1668,0.8,1399,2.6
309011227,37,1733,803,365,1690,0.9,1347,2
309011228,41,1950,667,365,1606,0.8,1330,2.5
309011229,37,1829,761,370,1844,0.9,1390,2.2
309021230,50,1603,622,330,1389,0.9,1018,1.8
309021231,42,1733,688,370,1607,0.8,1300,2.3
309021232,43,1950,615,380,1552,0.8,1323,2.6
309021233,42,1950,609,420,1646,0.8,1419,2.7
309021234,40,1900,685,340,1683,0.9,1228,2.3
309031235,40,1800,615,400,1563,0.8,1408,2.7
309031236,39,1733,630,365,1435,0.9,1156,2.2
309031237,47,1690,532,365,1252,0.8,941,2.2
309031238,41,1517,559,330,1282,0.9,1012,2.1
309031239,49,2167,729,410,1878,0.7,1494,2.3
309031240,52,2000,657,380,1509,0.8,1261,2.2
309041241,44,1800,698,320,1688,0.8,1459,2.6
309041242,45,1842,620,370,1602,0.8,1405,2.6
309051243,43,2167,653,395,1887,0.9,1836,3.1
309051244,38,2000,684,425,1794,0.8,1681,3
309051245,35,2145,743,385,1968,0.8,1817,3
309061246,42,1820,683,380,1621,0.8,1383,2.5
309061247,39,1800,632,370,1481,0.8,1395,2.8
309061248,39,1744,608,360,1520,0.8,1276,2.6
309061249,32,2000,716,420,1830,0.8,1810,3.2
309061250,43,2167,664,453,1919,0.8,1848,3
309071251,28,2102,746,400,1756,0.8,1711,3.1
309071252,41,2000,669,420,1846,0.8,1642,2.8
309071253,48,2167,766,470,1993,0.7,1759,2.4
309071254,44,1824,686,350,1726,0.8,1508,2.6
309071255,32,2080,764,420,1939,0.8,1862,3.1
309071256,35,1950,714,410,1794,0.8,1677,2.9
309071257,27,2000,751,410,1602,0.8,1591,3
309071258,31,2058,734,420,1812,0.8,1779,3.2
309081259,50,2084,634,450,1685,0.7,1373,2.5
309081260,37,1733,679,395,1585,0.8,1385,2.6
309081261,39,1900,642,460,1671,0.8,1483,2.6
309081262,34,1850,651,430,1546,0.9,1363,2.6
309091263,42,1855,634,400,1610,0.8,1334,2.5
309091264,36,1855,592,390,1569,0.8,1468,3
309091265,35,1783,613,450,1760,0.8,1686,3
309091540,34,1517,513,340,1200,1,971,2
309091541,39,1733,574,380,1384,0.9,1124,2.3
309101267,43,2058,672,500,1865,0.8,1634,2.8
309101268,42,2194,750,400,1968,0.8,1652,2.6
309101269,51,2000,869,443,2027,0.9,1534,1.9
309101270,37,1700,637,355,1414,1,1136,2
310011271,32,1672,586,345,1480,0.9,1365,2.8
310011272,36,1733,530,340,1394,0.9,1152,2.7
310011273,34,1759,728,365,1820,0.8,1683,2.9
310011274,32,1473,416,277,993,1,929,2.9
310011275,34,2000,786,390,2096,0.8,1808,2.7
310011276,33,1300,434,280,1004,0.9,1001,2.9
310021277,45,1517,569,250,1400,0.8,1189,2.6
310021278,52,1300,444,225,1040,0.8,859,2.3
310021279,0,0,0,0,0,0,0,0
310021280,40,1517,508,290,1319,0.8,1154,2.7
310021281,39,1560,545,290,1345,0.8,1202,2.7
310021282,41,1567,622,280,1558,0.8,1355,2.7
310031283,32,1517,636,300,1476,0.8,1262,2.6
310031284,35,1363,586,290,1366,0.8,1208,2.6
310031285,32,1551,728,300,1676,0.8,1542,2.8
310031286,38,1517,554,260,1468,0.8,1188,2.4
310031287,37,1380,582,275,1357,0.8,1114,2.4
310031288,37,1911,753,330,2053,0.8,1944,3
310031289,38,2000,810,400,2136,0.8,2063,3.1
310031290,39,1928,864,360,2266,0.8,2094,2.9
310031291,32,1300,532,270,1165,0.8,1048,2.6
310031292,40,1323,573,270,1384,0.8,1103,2.4
310031293,33,1517,665,300,1626,0.8,1390,2.8
310031294,30,1837,875,355,2028,0.8,1914,2.9
310031295,38,1300,430,250,1031,0.8,932,2.7
310041296,30,2008,844,370,2121,0.8,2016,3.1
310041297,36,1600,635,300,1578,0.8,1427,2.8
310041298,24,0,649,0,0,0,0,0
310041299,31,1597,656,330,1481,0.8,1377,2.9
310041300,30,1450,554,300,1281,0.9,1189,3
310041301,0,0,0,0,0,0,0,0
310041302,27,1517,648,335,1393,0.9,1365,3.2
310041303,30,1842,801,365,1951,0.8,1892,3.2
310041304,29,1991,892,390,1991,0.8,1929,3.1
311011305,42,1550,524,288,1283,0.8,1088,2.6
311021306,37,1500,531,285,1255,0.9,1012,2.4
311021307,37,1336,503,310,1084,0.8,956,2.5
311021308,31,1603,694,360,1559,0.8,1448,2.8
311021309,38,1690,636,333,1528,0.8,1310,2.6
311021310,35,1950,747,400,1920,0.8,1843,3
311031311,38,1597,548,345,1338,0.8,1174,2.7
311031312,32,1550,628,345,1431,0.9,1360,2.9
311031313,35,1842,685,385,1716,0.8,1606,3
311031314,28,1517,609,340,1385,0.9,1356,3.2
311031315,0,0,0,0,0,0,0,0
311031316,34,1690,708,350,1698,0.8,1589,3
311031317,28,1524,579,345,1339,0.9,1322,3.3
311031318,40,1950,686,425,1906,0.8,1943,3.3
311031319,33,1733,701,375,1708,0.8,1669,3.1
311041320,37,2167,713,440,1965,0.8,2035,3.3
311041321,33,1950,730,390,1816,0.8,1784,3.2
311041322,40,2013,673,410,1833,0.8,1802,3.1
311051323,36,1712,604,360,1426,0.8,1186,2.6
311051324,40,2000,764,395,2141,0.8,2019,3
311051325,34,1733,728,365,1743,0.8,1638,2.9
311051326,31,1600,578,340,1382,0.9,1320,2.9
311051327,37,1950,783,385,2064,0.8,1947,2.9
311051328,35,1517,543,310,1272,0.9,1098,2.6
311061329,37,1850,744,370,1890,0.8,1724,2.8
311061330,31,1394,472,300,1142,0.9,1063,3
311061331,31,1343,424,265,978,1,864,2.9
311061332,36,1733,736,370,1848,0.8,1650,2.8
311061333,34,1411,539,300,1297,0.9,1144,2.8
311061334,37,1750,734,360,1812,0.8,1571,2.7
311061335,33,1900,689,380,1741,0.8,1648,3
311061336,32,1267,458,275,1031,1,937,2.8
312011337,41,1723,586,250,1380,0.8,1071,2.4
312011338,33,1092,1040,60,2254,0.8,2051,2.6
312011339,34,1550,747,103,1886,0.8,1511,2.6
312011340,44,1348,578,140,1390,0.8,1110,2.3
312011341,30,1733,1209,100,2716,0.8,2421,2.8
312021342,34,1950,687,295,1715,0.8,1434,2.6
312021343,42,1733,709,253,1706,0.8,1335,2.3
312021344,30,2167,826,300,2025,0.8,1839,2.8
312021345,56,0,1125,0,2250,1.3,2249,2
312021346,38,1595,605,200,1397,0.9,976,2
312021347,48,2600,1178,400,2456,0.7,2204,2
312021348,40,2167,775,330,2106,0.7,1814,2.7
312021349,40,1733,603,235,1429,0.8,1105,2.2
312021350,34,2045,813,350,1971,0.8,1789,2.7
312021351,35,2000,674,275,1845,0.8,1603,2.8
312021352,41,1950,630,260,1619,0.8,1406,2.5
312021353,45,1909,609,200,1569,0.9,1311,2.6
312021354,34,2080,761,300,2001,0.8,1727,2.8
312021355,41,1733,623,250,1456,0.8,1258,2.5
312021356,39,1733,643,240,1472,0.8,1170,2.3
312021357,39,1950,729,280,1879,0.8,1661,2.7
312021358,41,1733,690,250,1748,0.8,1270,2.3
312031359,34,1900,792,320,1631,0.8,1382,2.4
312031360,0,0,0,0,0,0,0,0
312031361,44,1603,620,250,1485,0.8,1242,2.5
313011362,49,1625,505,330,1214,0.7,1043,2.4
313011363,59,1600,481,295,1105,0.7,860,2.1
313021364,40,2000,698,420,2043,0.8,2046,3.2
313021365,35,1591,519,290,1273,0.8,1075,2.6
313021366,31,1517,545,325,1237,0.8,1132,2.8
313021367,39,1842,623,340,1793,0.8,1816,3.3
313021368,31,1603,595,340,1386,0.8,1326,2.9
313021369,42,2000,658,320,1837,0.8,1731,3
313031370,43,1437,548,270,1275,0.8,1075,2.5
313031371,40,1733,583,300,1469,0.8,1314,2.7
313041372,37,1733,638,325,1626,0.8,1457,2.8
313041373,39,1585,538,310,1264,0.8,1071,2.6
313041374,43,2000,632,425,1883,0.8,1873,3.1
313041375,32,1950,756,390,1931,0.8,1874,3.2
313041376,41,1907,667,385,1876,0.8,1864,3.1
313051377,43,1699,633,310,1479,0.8,1207,2.4
313051378,45,1625,606,300,1449,0.8,1092,2.2
313051379,48,1517,564,300,1351,0.8,983,2.1
313051380,41,1625,544,340,1350,0.8,1137,2.6
313051542,49,1900,665,330,1755,0.7,1281,2.3
314011382,40,1950,785,400,2195,0.8,1964,2.8
314011383,33,2100,853,410,2183,0.8,2110,3.1
314011384,42,2129,745,350,2044,0.8,1951,3
314011385,36,2129,886,430,2418,0.8,2368,3.2
314011386,37,2000,836,400,2164,0.8,1981,2.8
314011387,43,2383,802,400,2451,0.8,2341,3.1
314021388,33,1668,678,336,1489,0.8,1328,2.6
314021389,31,1950,797,365,1851,0.8,1704,2.8
314021390,31,2058,795,400,1945,0.8,1840,3
314031391,34,1733,681,360,1659,0.8,1536,2.9
314031392,36,1625,632,300,1510,0.8,1220,2.5
314031393,36,1733,730,335,1812,0.8,1597,2.7
314031394,36,1580,639,340,1451,0.8,1263,2.6
315011395,28,0,260,100,678,1.4,992,4.2
315011396,34,1247,447,120,1055,1.1,961,2.8
315011397,44,650,533,110,1203,0.9,907,2.3
315011398,29,867,339,70,795,1.1,879,3.3
315011399,22,0,468,120,1064,1.3,1158,3.8
315011400,44,1486,519,139,1215,0.9,979,2.4
315011401,28,1705,740,151,1919,1.2,1837,3.2
315011402,24,0,373,115,856,1.1,929,3.8
315011403,31,2200,1319,450,2777,1,2484,2.9
315021404,29,997,472,120,1059,1.2,1171,3.2
315021405,31,1900,1008,265,2390,0.9,2141,2.6
315021406,35,1500,971,150,2111,0.9,1612,2.5
315021407,41,737,674,100,1393,0.8,1137,2.3
315031408,44,900,627,110,1393,0.8,1069,2.3
315031409,39,997,672,158,1490,0.8,1115,2.4
315031410,41,867,707,90,1531,0.8,1172,2.2
315031411,43,650,622,100,1327,0.8,979,2.2
315031412,40,1300,726,180,1609,0.8,1276,2.3
316011413,48,1950,641,385,1680,0.7,1316,2.4
316011414,42,1950,686,410,1785,0.8,1558,2.7
316011415,33,2000,706,450,1721,0.8,1624,2.9
316011416,33,1842,514,430,1439,0.8,1237,2.7
316021417,43,1842,589,395,1474,0.8,1262,2.6
316021418,45,2000,671,385,1641,0.7,1326,2.4
316021419,54,1535,545,320,1220,0.8,919,1.9
316021420,37,1950,604,420,1485,0.8,1339,2.7
316021421,52,1950,572,370,1372,0.7,1176,2.3
316021422,46,1777,601,350,1524,0.8,1194,2.4
316021423,43,2000,643,420,1583,0.8,1325,2.4
316021424,39,1950,681,410,1690,0.8,1441,2.5
316031425,42,1800,659,380,1554,0.8,1324,2.5
316031426,44,1733,642,380,1450,0.8,1275,2.4
316031427,45,1647,620,340,1369,0.8,1093,2.1
316031428,44,1733,703,340,1571,0.8,1250,2.1
316051434,52,1939,693,420,1649,0.7,1375,2.2
316051435,53,1800,614,390,1414,0.7,1137,2.1
316051437,44,1863,700,400,1663,0.8,1371,2.4
316051438,49,1700,538,390,1256,0.7,1040,2.3
316051543,45,1890,685,370,1646,0.8,1347,2.4
316051544,37,2000,697,480,1598,0.8,1502,2.9
316061439,40,1733,570,330,1404,0.8,1260,2.7
316061440,54,1560,528,310,1230,0.8,1022,2.3
316061441,42,1799,577,340,1497,0.8,1374,2.7
316061442,41,1800,606,340,1551,0.8,1413,2.8
316061443,52,1600,549,280,1316,0.8,1132,2.4
316061444,44,1733,604,350,1523,0.8,1381,2.8
316071545,40,1785,640,395,1555,0.8,1384,2.6
316071546,46,1790,579,310,1510,0.8,1308,2.7
316071547,44,1733,604,348,1509,0.8,1358,2.7
316071548,40,1585,561,310,1363,0.8,1106,2.5
316081549,47,1662,560,340,1380,0.8,1214,2.6
317011445,34,1733,751,300,1870,0.8,1751,3
317011446,32,1517,579,300,1390,0.8,1158,2.4
317011447,38,1400,557,265,1296,0.8,1002,2.2
317011448,31,1473,492,270,1245,0.8,1041,2.6
317011449,34,1642,709,320,1777,0.8,1657,3
317011450,40,1950,748,380,1993,0.7,1852,2.9
317011451,41,1600,620,265,1564,0.8,1403,2.8
317011452,43,1937,816,400,2172,0.7,1964,2.8
317011453,35,1300,597,270,1305,0.8,1029,2.2
317011454,34,1355,597,260,1363,0.8,1065,2.3
317011455,43,1668,727,310,1810,0.7,1439,2.4
317011456,38,1493,617,260,1445,0.8,1113,2.2
317011457,41,1733,824,280,2161,0.7,1561,2.3
317011458,34,1733,752,340,1851,0.8,1704,2.8
317011459,39,1322,565,276,1251,0.8,1018,2.3
318011460,43,1326,608,220,1480,0.8,1129,2.3
318011461,45,1300,629,198,1503,0.8,1226,2.4
318011462,39,1300,509,200,1298,0.8,1040,2.4
318011463,42,1419,548,92,1382,0.8,1065,2.6
318011464,50,1300,507,190,1311,0.7,950,2.2
318011465,50,1300,562,170,1380,0.8,1110,2.3
318011466,24,0,303,120,927,1.5,1119,4.3
318021467,36,1603,578,280,1401,0.8,1172,2.5
318021468,31,1830,862,370,2123,0.8,1981,3
318021469,45,1733,712,280,2094,0.8,1348,2.3
318021470,31,2000,842,330,2029,0.8,1918,3
318021471,33,1517,589,280,1399,0.8,1203,2.6
318021472,39,1511,588,285,1482,0.8,1244,2.5
318021473,29,1950,821,330,1851,0.8,1744,2.9
318021474,24,1859,577,340,2127,0.8,1800,2.7
318021475,39,1517,667,240,1439,0.8,1021,2
318021476,36,1517,597,265,1388,0.8,1168,2.5
318021477,38,1500,529,280,1301,0.8,1079,2.5
318021478,36,1573,683,250,1520,0.8,1102,2.1
318021479,38,1517,656,240,1548,0.8,1053,2.1
318021480,32,1625,638,290,1462,0.8,1365,2.9
318021481,37,1517,566,270,1386,0.8,1187,2.6
318021482,33,1733,756,330,1858,0.8,1690,2.8
318021483,54,1387,536,250,1136,0.7,851,1.9
318021484,31,1863,808,330,1896,0.8,1723,2.8
318021485,43,1600,563,260,1684,0.8,1157,2.2
318021486,44,1733,604,280,1457,0.9,1252,2.5
318021487,31,1907,909,340,2113,0.8,1786,2.6
318021488,38,1625,750,280,1719,0.8,1238,2.1
318021489,45,1777,696,250,1760,0.9,1427,2.5
318021490,38,2000,922,300,2226,0.8,1575,2
318021491,38,1500,598,280,1403,0.8,1219,2.5
319011492,40,1473,511,265,1252,0.8,1027,2.5
319011493,47,1517,537,290,1295,0.7,1101,2.4
319011494,39,1560,562,300,1422,0.8,1293,2.8
319011495,38,1192,478,225,1095,0.8,782,2.1
319011496,39,1517,561,275,1318,0.8,1099,2.5
319011497,47,1300,480,260,1119,0.8,912,2.3
319011498,46,1332,476,270,1160,0.8,1034,2.6
319011499,51,1300,452,250,1052,0.8,904,2.4
319011500,46,1400,509,275,1228,0.7,966,2.3
319011501,44,1300,492,250,1158,0.8,912,2.3
319011502,42,1300,490,255,1172,0.8,959,2.4
319021503,46,1083,525,180,1160,0.8,937,2.3
319021504,50,994,416,220,934,0.8,776,2.3
319021505,37,1300,573,240,1343,0.7,1099,2.4
319021506,44,1053,438,165,1013,0.8,846,2.4
319021507,45,1387,543,200,1334,0.8,1189,2.6
319021508,48,1083,478,120,1158,0.8,876,2.3
319021509,51,1083,430,200,957,0.8,785,2.3
319021510,45,0,725,0,0,0,1399,0
319031511,58,1200,426,253,840,0.7,741,2
319031512,41,1278,494,250,1117,0.8,917,2.3
319031513,43,1408,522,265,1279,0.7,1061,2.5
319031514,46,1343,487,250,1220,0.8,1067,2.6
319031515,48,1200,443,163,1051,0.8,858,2.3
319041516,45,1514,472,275,1168,0.8,1079,2.7
319041517,46,1733,533,350,1354,0.7,1268,2.7
319041518,49,1474,470,300,1061,0.7,896,2.3
319041519,48,1358,462,295,1068,0.7,924,2.3
319041520,49,1404,470,270,1055,0.7,834,2.2
319041521,47,1517,489,300,1138,0.7,930,2.3
319051522,52,1300,444,265,970,0.8,835,2.3
319051523,45,1200,456,225,1039,0.8,885,2.4
319051524,44,1191,463,235,1090,0.8,862,2.3
319051525,54,1105,429,220,976,0.8,812,2.2
319051526,45,1408,524,280,1300,0.8,1157,2.5
397979799,56,0,606,0,0,0,0,0
399999499,45,0,407,0,0,0,0,0
401011001,29,1733,474,380,1793,1,1093,1.9
401011002,37,1950,779,360,2397,0.9,1693,1.9
401021003,45,1720,678,260,1834,0.8,1589,2.7
401021004,44,1800,822,360,2256,0.8,1898,2.7
401021005,47,1733,673,300,1937,0.8,1597,2.6
401021006,44,1517,668,295,1698,0.8,1393,2.6
401021007,37,1639,660,310,1695,0.8,1373,2.6
401021008,42,1517,695,260,1727,0.8,1491,2.6
401021009,35,1517,702,310,1676,0.8,1446,2.6
401021010,44,1925,759,300,2109,0.8,1813,2.7
401031011,43,2000,782,330,2256,0.8,1719,2.5
401031012,44,2167,840,380,2469,0.8,2005,2.7
401031013,45,2000,819,300,2312,0.8,1582,2.3
401041014,43,1647,678,330,1901,0.8,1634,2.7
401041015,42,1560,549,295,1451,0.8,1149,2.4
401041016,41,1733,591,300,1648,0.8,1234,2.5
401051017,39,1816,753,310,2041,0.8,1342,2
401051018,41,1733,573,290,1564,0.8,1139,2.2
401051019,40,1950,746,295,2196,0.8,1484,2.4
401061020,38,1764,817,290,2155,0.9,1536,2.4
401061021,37,1950,731,300,2077,0.9,1593,2.5
401061022,44,2000,796,330,2326,0.8,1703,2.3
401071023,39,1950,800,300,2260,0.9,1644,2.4
401071024,42,2000,783,330,2316,0.8,1629,2.3
402011025,38,1517,694,285,1770,0.8,1514,2.7
402011026,42,1423,564,260,1424,0.8,1104,2.4
402011027,40,1573,643,250,1641,0.8,1471,2.9
402021028,33,1400,633,290,1524,0.8,1378,2.8
402021029,29,1250,485,250,1066,0.8,944,2.7
402021030,37,1044,416,200,870,0.8,716,2.3
402021031,37,1213,478,226,1193,0.8,984,2.5
402021032,28,1538,665,285,1465,0.8,1357,2.9
402021033,47,1600,702,250,2056,0.8,1931,2.9
402021034,34,1062,438,220,938,0.8,771,2.4
402021035,45,1603,472,250,1204,0.8,949,2.5
402031036,34,1517,488,265,1284,0.9,1044,2.5
402031037,36,1600,601,300,1523,0.8,1296,2.5
402031038,35,1659,600,275,1490,0.8,1212,2.4
402041039,0,0,0,0,0,0,0,0
402041040,41,1400,510,275,1321,0.8,1098,2.5
402041041,37,1312,577,280,1421,0.8,1218,2.6
402041042,25,0,62,0,0,0,0,0
402041043,35,1387,488,260,1268,0.9,1140,2.8
402041044,33,1300,553,280,1340,0.9,1223,2.9
402041046,37,1294,455,245,1092,0.8,899,2.5
402041047,40,1387,565,270,1384,0.8,1157,2.5
402041048,32,1300,515,255,1203,0.9,1071,2.7
402041171,31,1733,747,340,1831,0.8,1651,2.7
402041172,38,1365,503,283,1287,0.8,1058,2.5
402051049,42,1700,704,300,1876,0.8,1523,2.6
402051050,38,1599,744,300,1917,0.8,1622,2.7
402051051,42,1624,705,330,1866,0.8,1608,2.7
402051052,42,1481,538,285,1375,0.8,1081,2.3
402051053,40,1500,672,300,1693,0.8,1432,2.6
402051054,39,1517,708,310,1738,0.8,1505,2.6
402051055,43,1500,624,300,1594,0.7,1265,2.4
403011056,48,1800,724,315,1946,0.8,1381,2.3
403011057,45,1800,769,300,2029,0.8,1349,2.1
403021058,37,1625,609,277,1552,0.8,1132,2.2
403021059,42,1600,704,340,1849,0.8,1622,2.7
403021060,42,1733,713,345,1772,0.8,1476,2.5
403021061,38,1550,519,270,1377,0.8,1047,2.2
403021062,41,1733,621,280,1669,0.8,1171,2.2
403021063,35,1560,752,335,1840,0.8,1648,2.8
403021064,39,1647,588,300,1461,0.8,1133,2.2
403031065,46,1991,764,358,2226,0.8,1893,2.6
403031066,40,1700,559,300,1754,0.8,1382,2.6
403031067,42,1800,775,330,2114,0.8,1776,2.6
403031068,39,1907,739,295,2157,0.9,1600,2.6
403031069,43,2000,802,300,2379,0.8,1771,2.5
403031070,41,1625,586,280,1505,0.8,1211,2.4
403041071,41,1517,670,320,1791,0.8,1526,2.7
403041072,37,1408,573,290,1314,0.8,1090,2.5
403041073,38,1300,469,205,1105,0.7,841,2.3
403041074,42,1300,536,285,1214,0.8,968,2.2
403041075,47,1733,733,200,1994,0.8,1781,2.8
403041076,40,1801,790,360,2146,0.8,1965,2.8
403041077,42,1733,720,350,1966,0.8,1734,2.7
403041078,42,1300,560,290,1374,0.7,1184,2.6
403041079,37,1213,475,240,1092,0.8,892,2.4
403041080,41,1517,670,325,1643,0.8,1372,2.5
403041081,0,0,0,0,0,0,0,0
403041082,47,0,362,0,649,1,466,2
403041083,47,1625,628,293,1655,0.8,1320,2.5
403041084,40,1300,556,270,1291,0.7,1047,2.3
403041085,40,1300,499,270,1167,0.7,962,2.3
403041086,39,1365,596,300,1395,0.8,1162,2.4
403041087,37,1554,607,310,1449,0.8,1232,2.5
403041088,45,1625,658,300,1688,0.8,1414,2.6
403041089,39,1517,663,320,1693,0.8,1432,2.7
404011090,38,1700,632,295,1622,0.8,1268,2.4
404011091,41,1733,573,300,1513,0.8,1191,2.4
404011092,43,1800,686,300,1928,0.8,1418,2.4
404011093,37,1625,612,300,1640,0.8,1252,2.3
404011094,40,1600,581,256,1484,0.8,1096,2.3
404011095,43,1680,589,275,1511,0.8,1157,2.3
404011096,49,1733,659,290,1705,0.7,1298,2.3
404011097,37,1600,553,277,1437,0.9,1157,2.5
404021098,0,0,0,0,0,0,0,0
404021099,43,1600,707,295,1799,0.8,1302,2.2
404021100,44,1600,596,270,1509,0.8,1167,2.3
404021101,41,1408,522,240,1317,0.8,975,2.2
404021102,36,1517,435,220,1162,0.9,948,2.6
404021103,0,0,0,0,0,0,0,0
404031104,0,0,0,0,0,0,0,0
404031105,46,1950,620,300,1775,0.8,1268,2.4
404031106,39,1660,639,275,1693,0.8,1260,2.4
404031107,36,1625,614,270,1549,0.9,1185,2.3
404031108,36,1733,589,295,1606,0.9,1218,2.3
404031109,43,1950,723,290,1908,0.8,1422,2.4
405011110,44,1408,642,223,1572,0.8,1244,2.4
405011111,40,1300,631,225,1560,0.8,1314,2.6
405011112,41,1517,671,250,1712,0.8,1480,2.7
405011113,44,1192,552,210,1322,0.8,1145,2.5
405011114,43,1408,619,270,1494,0.7,1148,2.3
405011115,46,1408,676,270,1639,0.7,1232,2.3
405021116,44,1300,645,230,1464,0.7,1191,2.3
405021117,49,1170,567,200,1332,0.7,1083,2.3
405021118,48,867,481,150,1184,0.7,892,2.3
405021119,47,910,530,180,1259,0.8,991,2.3
405031120,48,867,539,151,1305,0.7,1050,2.3
405031121,53,740,470,140,1123,0.7,826,2.1
405031122,43,1000,476,170,1198,0.7,875,2.2
405031123,45,1042,516,170,1357,0.7,1010,2.4
405041124,44,1127,511,220,1259,0.7,960,2.3
405041125,55,1192,463,230,1105,0.7,857,2.1
405041126,53,1196,467,230,1027,0.7,812,2.1
405041127,55,1000,494,171,1161,0.7,881,2.1
405041128,56,1000,463,180,1055,0.7,792,2.1
406011129,38,1300,711,200,1552,0.8,1282,2.4
406011130,46,1200,609,168,1358,0.8,1075,2.3
406011131,45,910,606,144,1356,0.7,1105,2.3
406011132,44,800,599,108,1355,0.8,1050,2.3
406011133,40,1317,615,220,1434,0.8,1125,2.3
406011134,43,1083,606,100,1371,0.8,1097,2.4
406011135,35,0,1531,0,3374,1.5,3374,3.7
406011136,40,1235,498,177,1393,0.7,989,2.3
406011137,0,0,0,0,0,0,0,0
406021138,28,0,283,75,734,1.3,1150,3.8
406021139,46,556,497,150,1329,0.8,844,2
406021140,52,950,557,140,1269,0.7,920,2.1
406021141,43,645,886,66,1379,0.7,1002,2
406021142,39,1213,600,180,1365,0.8,1101,2.3
406021143,30,2000,1548,198,2760,0.8,2477,2.7
407011144,58,1213,482,250,1041,0.7,835,2.1
407011145,49,1083,553,170,1213,0.7,947,2.2
407011146,45,1517,568,280,1374,0.7,1133,2.4
407011147,45,1500,581,220,1440,0.8,1226,2.5
407011148,58,1287,481,260,1064,0.7,832,2.1
407011149,54,1300,496,230,1191,0.7,939,2.2
407021150,43,1300,644,150,1599,0.8,1312,2.6
407021151,50,1083,597,174,1309,0.7,1005,2.2
407021152,46,975,491,155,1217,0.7,913,2.2
407021154,40,1105,644,200,1415,0.8,1167,2.4
407021155,44,867,691,100,1443,0.7,1283,2.5
407021156,43,867,625,150,1378,0.8,1117,2.4
407021157,42,975,652,150,1409,0.7,1165,2.4
407021158,46,992,583,140,1432,0.8,1169,2.4
407021173,40,1200,618,195,1465,0.7,1163,2.4
407021174,41,1192,580,190,1365,0.8,1011,2.3
407031159,46,1083,538,165,1313,0.8,1040,2.3
407031160,41,1083,519,185,1151,0.7,893,2.2
407031161,47,650,539,117,1330,0.7,1041,2.3
407031162,45,1083,571,190,1333,0.8,1025,2.3
407031163,46,910,560,137,1297,0.8,1091,2.5
407031164,51,1083,471,185,1096,0.7,841,2.1
407031165,40,1170,516,220,1182,0.8,934,2.3
407031166,45,1200,587,143,1384,0.8,1223,2.5
407031167,43,991,494,178,1109,0.8,883,2.2
407031168,44,1083,611,160,1404,0.8,1183,2.5
407031169,46,867,501,125,1165,0.7,931,2.3
407031170,48,915,499,160,1170,0.8,892,2.3
497979799,45,0,1749,0,0,0,0,0
499999499,40,0,370,0,0,0,0,0
501011001,45,1800,616,230,1411,0.8,1179,2.4
501011002,42,1800,610,340,1487,0.7,1204,2.5
501011003,41,2000,772,390,1832,0.8,1595,2.6
501011004,37,1733,709,345,1627,0.8,1364,2.6
501021005,36,1887,696,350,1881,0.7,1689,2.8
501021007,42,1733,657,300,1619,0.7,1386,2.6
501021008,39,1517,576,285,1353,0.7,1072,2.3
501021009,41,1517,512,225,1488,0.7,1161,2.4
501021010,43,2000,671,260,1857,0.8,1633,2.7
501021011,57,0,1125,0,2374,1,2625,2
501021012,36,1820,681,350,1755,0.7,1555,2.6
501021014,42,1733,594,250,1578,0.8,1263,2.6
501021015,39,1625,626,300,1489,0.7,1220,2.4
501021016,45,1636,558,250,1464,0.8,1218,2.5
501021251,31,1950,764,370,2032,0.8,1859,3
501021252,44,2058,703,365,2177,0.8,2019,2.9
501021253,44,1733,711,300,1795,0.7,1334,2.2
501021254,38,1443,520,250,1185,0.8,966,2.3
501031017,49,1500,542,200,1308,0.7,1044,2.3
501031018,47,1541,563,230,1425,0.7,1155,2.4
501031019,41,1300,619,190,1438,0.7,1159,2.4
501031020,50,1300,548,175,1290,0.8,1033,2.3
502011021,43,2000,566,350,1516,0.7,1283,2.6
502011022,45,1863,570,330,1447,0.7,1207,2.4
502011023,44,1517,479,300,1151,0.7,948,2.4
502011024,45,1950,580,350,1574,0.7,1273,2.5
502011025,47,1500,507,280,1142,0.7,850,1.9
502011026,48,1921,540,330,1426,0.7,1174,2.4
502011027,34,2000,661,370,1831,0.8,1611,2.8
502011028,50,1625,499,300,1239,0.7,989,2.3
502011029,41,1811,538,294,1434,0.8,1204,2.6
503011030,45,3033,1023,700,3675,0.7,2925,2.9
503011031,44,2500,964,430,2821,0.8,1935,2.2
503011032,42,3250,1231,550,3662,0.8,2680,2.5
503011033,40,3000,1042,600,3585,0.8,3072,3
503011034,40,2700,916,330,3075,0.8,1985,2.4
503011035,34,3300,693,462,3369,0.8,2306,2.7
503011036,42,3000,940,495,3440,0.8,2501,2.7
503021037,65,0,1499,1000,3249,1,3666,1.6
503021038,35,2427,1096,440,2851,0.9,2299,2.5
503021039,36,2167,923,355,2511,0.9,1867,2.3
503021040,37,2400,945,420,2618,0.8,2077,2.4
503021041,32,2167,982,420,2279,1,1818,1.9
503021042,39,2500,1053,420,2772,0.9,2013,2.2
503021043,35,2058,888,320,2347,0.9,1713,2.3
504011044,39,1922,731,345,1904,0.8,1508,2.4
504011045,38,2117,789,360,2122,0.8,1693,2.4
504011046,34,1950,890,310,2055,0.9,1449,2
504011047,37,1900,625,380,1572,0.8,1385,2.6
504011048,44,1950,636,368,1796,0.7,1542,2.7
504021049,37,1950,678,350,1840,0.8,1626,2.7
504021050,44,2167,732,400,2178,0.8,1919,2.7
504021051,39,2000,735,320,1986,0.8,1713,2.6
504021052,67,0,383,0,1024,0.5,899,1.6
504021053,43,2000,683,390,2005,0.8,1753,2.7
504021054,42,1733,632,320,1603,0.7,1310,2.5
504031055,33,0,850,0,0,0,0,0
504031056,35,1780,625,375,1701,0.8,1588,3
504031057,33,1950,661,360,1672,0.8,1563,3
504031058,38,2000,730,350,1827,0.8,1714,2.9
504031059,30,2167,811,385,1951,0.8,1826,2.9
504031060,44,2100,775,283,2170,0.8,2052,2.9
504031061,38,2000,787,375,2032,0.7,1674,2.5
504031062,33,1950,699,330,1751,0.8,1557,2.7
504031063,47,0,649,0,0,0,0,0
504031064,0,0,0,0,0,0,0,0
504031065,40,1733,625,350,1559,0.8,1331,2.5
504031066,38,1733,646,325,1542,0.8,1207,2.2
504031067,33,1800,745,350,1833,0.7,1599,2.8
504031068,35,2297,859,400,2148,0.8,2047,2.9
504031069,0,0,0,0,0,0,0,0
505011070,34,1900,760,375,1870,0.7,1587,2.5
505011071,36,2000,761,420,2194,0.8,2036,3
505011072,41,2167,819,450,2389,0.7,2142,2.8
505011073,40,2000,737,400,1906,0.7,1662,2.6
505011074,37,1993,755,390,2044,0.7,1738,2.6
505011075,42,2383,847,490,2563,0.7,2283,2.9
505011076,39,2750,911,646,2961,0.8,2888,3.2
505011077,36,1950,715,390,1976,0.8,1660,2.5
505011078,43,2000,748,420,2188,0.7,1853,2.7
505011079,41,2167,790,450,2262,0.7,2017,2.8
505011080,42,2200,760,510,2419,0.7,2245,3
505011081,37,2000,788,400,2024,0.7,1766,2.6
505011082,45,2400,859,500,2662,0.7,2248,2.7
505011083,42,2162,744,490,2393,0.7,2173,2.9
505021084,39,1950,693,360,1755,0.7,1406,2.4
505021085,31,1690,497,330,1231,0.9,1132,2.7
505021086,41,2000,676,350,1860,0.8,1466,2.5
505021087,0,0,0,0,0,0,0,0
505021088,35,2208,940,400,2340,0.8,1816,2.3
505021089,40,2373,863,440,2499,0.8,2190,2.8
505021090,33,1863,674,360,1518,0.8,1337,2.3
505021091,42,0,1062,0,0,0,0,0
505021092,34,2167,1061,400,2381,0.8,1868,2.1
505021093,37,2000,776,330,2055,0.8,1620,2.5
505021094,43,2500,927,390,2465,0.8,1961,2.5
505021095,35,1907,842,340,1918,0.8,1409,2
505021096,40,2500,826,400,2570,0.8,2028,2.7
505021097,40,2000,789,340,2078,0.8,1483,2.2
505031098,35,1733,551,350,1475,0.8,1380,3
505031099,31,1988,654,350,1617,0.8,1435,2.8
505031100,30,2123,806,400,2012,0.8,1902,3.1
505031101,31,1950,730,375,1762,0.8,1614,2.7
505031102,34,1549,489,320,1208,0.9,1104,2.7
505031103,33,2178,785,455,2180,0.8,2108,3.2
505031104,36,1757,548,369,1534,0.8,1419,2.9
505031105,38,2253,762,410,2220,0.8,2057,3
505031106,28,0,949,0,0,0,0,0
505031107,33,2182,787,450,2131,0.8,1952,3
505031108,35,2077,739,395,1949,0.7,1716,2.7
505031255,28,2291,940,360,2105,0.7,1952,2.8
505031256,42,2167,689,250,1965,0.8,1763,3
505031257,39,2000,582,340,1509,0.7,1276,2.6
505031258,34,2050,692,350,1728,0.7,1511,2.8
506011110,34,1517,558,300,1276,0.8,1083,2.5
506011111,14,0,949,0,0,0,0,0
506011112,36,1560,593,310,1430,0.8,1278,2.6
506011113,30,2300,969,420,2233,0.8,2176,3
506011114,38,1650,609,310,1481,0.7,1263,2.5
506011115,43,2058,691,350,1940,0.7,1688,2.7
506011116,42,2102,748,328,2093,0.8,1888,2.8
506011117,29,1744,686,350,1621,0.8,1508,3
506021118,36,2000,756,355,1867,0.8,1511,2.4
506021119,33,2050,782,360,1975,0.8,1616,2.3
506021120,52,0,1125,0,0,0,0,0
506021121,39,0,0,0,0,0,0,0
506021122,33,1950,703,350,1650,0.8,1393,2.4
506021123,34,2045,859,365,2075,0.9,1679,2.2
506031124,32,1984,487,330,1563,0.8,1155,2.4
506031125,38,2000,713,462,2216,0.8,2169,3.2
506031126,0,0,0,0,0,0,0,0
506031127,30,1900,612,370,1508,0.9,1415,2.8
506031128,38,1733,657,350,1657,0.7,1422,2.5
506031129,41,2167,645,400,2024,0.8,1693,2.8
506031130,37,0,1125,0,0,0,0,0
506031131,39,2000,630,410,1967,0.8,1818,3.1
506041132,33,1700,568,340,1417,0.8,1299,2.8
506041133,33,2100,746,435,2102,0.8,2073,3.2
506041134,35,1650,567,310,1371,0.8,1170,2.6
506041135,32,2066,751,400,1998,0.8,1901,3.1
506041136,35,1719,573,310,1425,0.8,1226,2.7
506041137,37,1733,626,350,1628,0.8,1449,2.8
506051138,35,2000,756,375,1874,0.8,1651,2.7
506051139,35,1950,759,390,1831,0.7,1585,2.6
506051140,45,2150,715,375,2035,0.7,1679,2.6
506051141,43,2031,675,350,2040,0.8,1766,2.8
506061142,29,2091,822,393,1942,0.8,1860,3
506061143,39,2170,717,350,2057,0.8,1997,3.1
506061144,43,2167,675,277,1809,0.8,1616,2.7
506071145,36,2167,877,370,2230,0.8,1617,2.1
506071146,37,2400,601,350,2264,0.8,1754,2.7
506071147,38,2300,973,390,2647,0.8,1952,2.3
507011148,32,2167,874,430,2289,0.8,2212,3.1
507011150,48,0,1125,0,0,0,0,0
507011151,0,0,0,0,0,0,0,0
507011152,41,2200,741,420,2187,0.7,1903,2.8
507011153,38,1822,662,323,1716,0.7,1369,2.4
507011154,40,1860,608,320,1520,0.8,1166,2.3
507011155,61,0,449,0,0,1,649,1
507011158,41,2860,1166,500,3089,0.9,2485,2.5
507011159,36,1759,725,380,1824,0.8,1524,2.5
507011160,41,1955,623,350,1600,0.8,1322,2.4
507011161,31,2167,910,420,2200,0.8,2058,2.9
507011163,35,1950,738,350,1974,0.8,1740,2.7
507011259,33,2167,838,400,2154,0.8,1993,2.9
507011260,41,2167,718,450,2274,0.7,2158,2.9
507021164,43,2500,938,400,2780,0.8,2051,2.5
507021165,42,2167,869,365,2370,0.8,1679,2.1
507021166,41,2100,708,340,1975,0.8,1495,2.4
507021167,51,0,524,312,0,1,1199,0
507031169,30,2015,834,370,1915,0.8,1825,3
507031170,35,1501,514,300,1296,0.8,1081,2.5
507031172,48,1700,587,250,1875,0.6,1937,2.1
507031173,49,0,675,350,1524,0,1125,2
507031174,36,1500,538,290,1330,0.8,1147,2.5
507031261,31,2250,909,400,2160,0.7,2075,2.8
507041175,42,2633,898,470,2603,0.7,2121,2.6
507041176,40,2167,697,450,2293,0.8,2071,2.9
507041177,41,2167,852,370,2254,0.7,1637,2.3
507041178,41,2394,791,410,2425,0.7,1883,2.6
507041179,44,2000,648,425,2062,0.8,1626,2.7
507041180,41,2000,767,460,2364,0.7,2154,2.9
507041181,41,2383,842,400,2463,0.8,1952,2.6
507041182,41,2000,610,420,1920,0.7,1596,2.6
507041183,36,2167,629,250,1865,0.8,1338,2.4
507041184,42,2156,676,550,2278,0.7,2196,3.1
507051185,29,2167,839,385,2063,0.8,1922,2.9
507051186,40,1517,512,310,1312,0.7,1156,2.5
507051187,33,1861,680,370,1847,0.8,1718,3
507051188,45,1679,585,300,1422,0.7,1039,2.1
507051189,18,0,0,0,0,0,0,0
507051190,45,1800,595,300,1613,0.7,1206,2.3
507051191,31,2167,792,380,2175,0.8,2057,3.1
507051192,36,1750,637,345,1709,0.7,1514,2.7
507051193,36,1695,612,340,1545,0.7,1378,2.7
509011225,47,1517,607,285,1473,0.7,1107,2.2
509011226,45,1634,608,150,1495,0.8,1324,2.6
509011227,41,1668,633,315,1539,0.7,1372,2.6
509011228,49,1573,544,263,1268,0.8,1013,2.3
509011229,40,763,789,120,1652,0.7,1309,2.4
509011230,40,1100,671,170,1418,0.8,1207,2.5
509011231,43,1000,673,125,1441,0.8,1221,2.4
509011232,45,1733,634,270,1673,0.8,1384,2.5
509011233,37,1668,600,270,1497,0.8,1217,2.6
509011234,46,1222,534,195,1275,0.8,1035,2.4
509011235,0,0,0,0,0,0,0,0
509021236,43,2167,641,270,1856,0.8,1640,2.8
509021237,44,953,579,125,1405,0.8,1093,2.4
509021238,45,942,650,126,1473,0.7,1123,2.3
509021239,47,1733,596,250,1370,0.7,1151,2.4
509021240,41,1045,679,150,1671,0.7,1256,2.4
509021241,41,1057,734,150,1741,0.8,1369,2.5
509021242,44,650,757,79,1596,0.7,1202,2.3
509021243,42,1408,581,245,1468,0.8,1178,2.4
509021244,51,1600,560,280,1425,0.7,1167,2.3
509021245,51,1360,537,220,1332,0.7,1012,2.2
509031246,47,1083,638,150,1481,0.7,1136,2.3
509031247,43,758,760,110,1562,0.7,1233,2.3
509031248,41,1717,725,270,1981,0.8,1693,2.5
509031249,40,1213,626,220,1505,0.7,1214,2.4
509031250,47,1023,640,150,1433,0.7,1139,2.3
510011262,34,2593,983,300,2226,0.9,1939,2.6
510011263,30,1733,433,100,1081,1.1,1269,3
510011264,28,981,358,75,807,1.2,1019,3.2
510011265,33,2167,864,196,1949,1,1703,2.7
510011266,28,1998,366,80,835,1.2,887,3.1
510021267,35,3100,1976,60,892,1.3,1215,3.5
510021268,31,433,1468,110,2940,0.9,2622,2.8
510021269,33,3033,1617,178,3576,0.9,3157,2.6
510021270,30,2600,1228,210,2760,0.9,2419,2.8
510031271,36,2000,2381,32,2889,0.9,2456,2.7
510031272,31,2500,1318,260,2963,0.9,2643,2.8
510031273,33,2988,1473,135,2903,0.9,2560,2.9
511011274,41,1733,668,250,1696,0.8,1333,2.4
511011275,39,1083,742,121,1688,0.8,1382,2.5
511021276,39,1517,679,200,1621,0.9,1276,2.5
511021277,37,2000,755,220,1756,0.9,1401,2.3
511031278,33,1517,837,270,2067,0.8,1772,2.5
511031279,33,1900,957,280,2395,0.8,2098,2.7
511031280,32,1993,1115,320,2629,0.8,2316,2.8
511031281,43,0,0,0,0,0,0,0
511031282,36,1083,753,180,1988,0.8,1586,2.4
511031283,33,794,875,55,988,1,1337,3.1
511031284,0,0,0,0,0,0,0,0
511041285,44,1517,581,235,1399,0.7,1055,2.2
511041286,35,1517,592,240,1549,0.8,1340,2.8
511041287,36,1950,733,310,1858,0.8,1609,2.7
511041288,36,1900,792,320,2015,0.7,1779,2.7
511041289,49,1733,547,240,1351,0.7,1085,2.3
511041290,38,596,949,89,1259,0.8,1173,2.4
511041291,44,800,670,120,1401,0.7,1132,2.2
511041292,47,1500,576,180,1361,0.8,1094,2.3
597979799,40,0,2654,0,0,0,0,0
599999499,41,0,434,0,0,0,0,0
601011001,32,976,444,200,932,0.9,783,2.6
601011002,35,1387,667,280,1497,0.8,1328,2.7
601011003,40,1517,743,315,1799,0.8,1592,2.6
601021004,47,1500,685,275,1683,0.8,1202,2.1
601021005,43,1625,796,300,2035,0.8,1784,2.7
601021006,43,1517,742,290,1821,0.7,1407,2.4
601021007,45,1625,740,320,1857,0.7,1466,2.4
601021008,49,1548,693,300,1783,0.8,1332,2.3
601021009,37,1292,514,255,1207,0.8,978,2.3
601021010,35,997,496,235,1108,0.8,931,2.4
601021011,32,1200,545,235,1166,0.8,964,2.5
601021012,44,1517,757,290,1859,0.8,1617,2.6
601031013,40,1500,677,285,1660,0.8,1458,2.6
601031014,38,1250,576,230,1297,0.8,1036,2.4
601031015,39,1300,568,240,1297,0.8,995,2.3
601031016,38,1213,558,250,1251,0.8,1027,2.2
601031017,40,1222,494,240,1183,0.8,872,2.2
601031018,44,1322,606,250,1456,0.8,1144,2.3
601031019,38,1300,544,250,1310,0.8,1010,2.3
601031020,42,1105,494,220,1205,0.8,946,2.4
601031021,36,1300,590,250,1385,0.8,1083,2.4
601041022,38,1517,641,295,1594,0.8,1247,2.5
601041023,43,1560,707,320,1804,0.8,1458,2.5
601041024,39,1549,698,300,1717,0.9,1476,2.7
601041025,0,0,0,0,0,0,0,0
601041026,46,1625,751,323,2116,0.8,1678,2.6
601051027,36,1733,736,300,1959,0.9,1384,2
601051028,41,1517,790,280,2057,0.8,1551,2.4
601051029,35,1733,636,280,2054,0.8,1496,2.5
601051030,40,1600,637,240,1858,0.8,1198,2.1
601051031,39,1950,677,310,2128,0.8,1459,2.4
601051032,39,1500,710,280,1943,0.9,1433,2.3
601051033,39,1692,817,300,2095,0.8,1533,2.3
601061034,43,1196,583,250,1369,0.8,1087,2.4
601061035,42,1404,605,280,1459,0.8,1213,2.4
602011036,36,1100,475,200,1236,0.8,783,2
602011037,40,1298,572,250,1329,0.8,1022,2.3
602011038,41,1450,768,250,1832,0.8,1203,2.1
602011039,43,1430,583,285,1556,0.8,1298,2.6
602011040,31,1083,419,240,1047,0.9,783,2.4
602011041,34,1152,454,210,1121,0.8,900,2.4
602011042,41,1473,619,250,1623,0.8,1113,2.3
602011043,47,1343,632,260,1554,0.7,1242,2.4
602011044,44,1500,593,245,1526,0.8,1163,2.4
602011045,38,867,434,190,890,0.8,733,2.3
602011046,42,1400,643,260,1616,0.8,1277,2.5
602011047,36,1213,604,240,1435,0.8,1052,2.1
602011048,39,1300,612,250,1395,0.8,1044,2.3
602011049,40,1366,706,250,1771,0.8,1358,2.4
602011050,38,1087,567,200,1208,0.8,1012,2.4
602011051,40,1309,693,250,1685,0.8,1307,2.3
602011052,43,1300,635,250,1534,0.8,1237,2.4
602021053,53,1000,448,200,973,0.8,809,2.1
602021054,47,1083,464,185,1176,0.8,877,2.3
602021055,48,1300,535,240,1347,0.8,1116,2.4
602021056,40,1300,632,202,1606,0.8,1262,2.5
602021057,47,1124,497,200,1231,0.8,954,2.4
602031058,46,1300,611,200,1484,0.8,1248,2.5
602031059,46,1083,458,180,1092,0.8,857,2.3
602031060,47,1300,549,225,1290,0.8,1015,2.3
602031061,45,1000,485,142,1140,0.8,883,2.3
602031062,45,1358,609,231,1474,0.8,1209,2.4
602031064,54,915,439,195,957,0.8,746,2.1
602031099,53,758,575,100,1362,0.7,1021,2
602031100,47,1025,479,160,1114,0.7,822,2.2
603011065,50,867,470,100,1082,0.7,817,2.1
603011066,45,1187,513,185,1343,0.8,1078,2.5
603011067,44,1192,533,170,1271,0.8,1048,2.5
603011068,24,0,749,0,0,0,2499,4
603021069,54,1300,551,225,1271,0.8,1063,2.2
603021070,48,1200,483,230,1113,0.8,904,2.3
603021071,49,1083,454,200,1075,0.8,833,2.3
603021072,42,1365,544,240,1392,0.8,1139,2.5
603031073,55,910,462,195,985,0.8,788,2.1
603031074,56,1083,498,190,1049,0.7,852,2
604011075,39,1000,485,200,1135,0.8,800,2.1
604011076,44,1300,558,200,1368,0.8,1176,2.6
604011077,41,1018,505,200,1180,0.7,899,2.1
604011078,41,1213,537,200,1367,0.8,1044,2.4
604011079,45,1231,546,220,1356,0.8,1087,2.4
604011080,39,1148,553,220,1324,0.8,1106,2.4
604011081,45,1103,509,206,1216,0.8,922,2.3
604011082,47,1159,511,210,1241,0.8,897,2.2
604011083,47,1153,488,210,1171,0.8,903,2.3
604011084,48,1200,491,197,1229,0.8,888,2.2
604021085,44,1170,498,220,1172,0.8,884,2.2
604021086,45,1083,474,200,1075,0.8,804,2.2
604021087,43,1250,527,220,1244,0.8,993,2.3
604021088,40,1300,611,250,1505,0.8,1283,2.6
604021089,50,1300,570,250,1370,0.7,1125,2.3
604021090,41,1300,624,240,1470,0.8,1293,2.5
604021091,47,1083,475,200,1169,0.8,996,2.4
604021092,46,1387,604,231,1516,0.8,1243,2.5
604031093,47,1000,707,128,1642,0.7,1199,2.1
604031094,41,1103,584,110,1399,0.8,1107,2.5
604031095,41,1083,579,185,1370,0.8,1056,2.4
604031096,45,1153,516,200,1311,0.8,1082,2.5
604031097,44,673,469,135,1258,0.7,910,2.1
604031098,0,0,0,0,0,0,0,0
697979799,41,0,1089,0,0,0,0,0
699999499,38,0,385,0,0,0,0,0
701011001,47,0,1062,0,0,1,0,1
701011002,32,2167,1193,500,2595,1,2264,2
701011003,31,0,1042,0,2499,2,2749,2
701011004,39,2240,1172,450,2957,0.8,2289,2.3
701011005,33,2253,1241,450,2859,0.9,2435,2.3
701011006,35,2240,905,263,2159,1,1875,2.7
701011007,34,2300,1289,430,2917,1,2395,2.4
701011008,33,2167,1167,460,2484,0.9,2260,2.4
701011009,33,2600,1347,540,3030,0.9,2723,2.5
701021010,36,2058,831,380,2038,0.9,1937,2.9
701021011,34,2167,1022,485,2359,0.9,2214,2.9
701021012,31,2600,791,250,1888,1,1787,2.6
701021013,32,2167,848,438,2268,1,2235,3
701021014,0,0,0,0,0,0,0,0
701021015,0,0,0,0,0,0,0,0
701021016,34,2012,887,350,2005,1,1638,2.3
701021017,33,0,1100,0,0,0,0,0
701021018,37,2167,983,465,2321,0.8,2282,3
701021019,33,2000,824,360,2015,1,1796,3
701021020,37,2167,1011,450,2412,0.9,2183,2.7
701021021,28,3130,1257,300,2784,0.9,2763,3.3
701021022,37,2000,943,390,2214,1,1845,2.7
701021023,35,1985,891,370,1971,1,1763,2.5
701021024,36,2167,893,368,2126,1,2141,3
701021025,35,2000,1087,375,2398,1,1988,2.4
701021026,36,2167,1053,400,2302,1,1980,2.4
701021027,37,2167,943,400,2220,0.9,2012,2.7
701021028,35,2121,809,400,1941,1,1955,3.1
701021029,37,2250,893,475,2416,0.9,2305,3
701021030,35,2205,1014,480,2373,0.9,2281,2.9
701031031,37,2500,1276,360,2359,1,2234,2.9
701031032,36,2546,1050,450,2543,1,2396,3
701031033,23,0,919,0,0,0,0,0
701031034,39,2400,1051,380,2388,1.1,2122,2.7
701031035,37,2167,950,300,2192,1.1,1933,2.7
701041036,31,1888,1057,420,2248,0.9,2029,2.6
701041037,31,2167,987,400,2188,1,2072,2.9
701041038,31,2600,1205,500,2686,0.8,2605,3
701041039,33,1902,819,330,1857,1,1519,2.5
701041040,30,1966,772,255,1663,0.9,1432,2.7
701041041,30,2513,1148,500,2637,0.9,2521,3
701041042,26,2777,1230,460,2592,0.9,2472,3
701041043,28,2600,1143,460,2579,0.9,2454,3.1
701041044,32,2167,929,380,2190,0.9,1899,2.7
702011045,35,1950,937,300,2175,0.9,1832,2.6
702011046,35,1847,1002,350,2179,0.9,1880,2.5
702011047,33,1950,957,365,2205,0.9,1969,2.8
702011048,33,2000,1059,368,2313,0.9,2040,2.7
702011049,34,1842,1164,331,2515,0.9,2080,2.3
702011050,29,0,711,125,1299,1.3,1207,2.2
702011051,45,2383,769,210,2173,1.1,1685,2.5
702011052,28,1500,265,30,665,1.6,1027,4
702011053,28,0,256,40,630,1.5,1083,4.2
702011054,29,347,285,60,792,1.5,1231,4.3
702021055,26,1192,349,55,804,1.4,1150,3.9
702021056,33,1216,650,175,1592,1,1570,2.7
702031057,42,1500,674,70,1564,1.1,1286,2.3
702031058,28,1528,350,50,813,1.4,1111,3.4
702031059,25,412,232,60,581,2,1008,5.3
702031060,30,0,248,50,644,1.4,780,3.8
702031061,27,0,243,50,633,2,1282,5.1
702041062,28,0,930,60,2634,1.4,2527,3.9
702041063,25,0,237,75,644,1.9,1354,5.4
702041064,32,1733,1300,8,2676,1,2366,2.8
702051065,29,867,287,90,685,1.7,1026,3.8
702051066,25,1475,273,38,659,1.9,1074,4.5
702051067,33,1733,920,249,2074,1,1815,2.8
702051068,25,0,315,50,697,1.4,1093,3.8
797979799,36,0,700,0,0,0,0,0
799999499,44,0,449,0,0,0,0,0
801011001,41,2289,1195,418,2903,0.8,2414,2.7
801011002,30,1733,839,360,1920,1.1,1587,1.9
801011003,27,1950,817,375,2456,1,1924,2.3
801011004,34,1798,747,300,1848,0.8,1486,2.5
801011005,42,2000,1042,385,2532,0.7,1954,2.3
801011006,33,2058,1047,400,2483,0.8,2252,3
801011007,37,2000,969,381,2339,0.8,2059,2.7
801011008,37,1950,830,350,2134,0.8,1745,2.6
801011009,38,2058,1010,400,2517,0.8,2271,2.8
801011010,40,2167,1035,400,2503,0.7,2266,2.8
801011011,37,2000,946,420,2300,0.8,2027,2.7
801011012,48,0,3000,0,0,0,0,0
801011013,41,2100,1024,320,2503,0.8,2028,2.6
801011014,37,1950,843,300,2080,0.8,1737,2.6
801011015,38,1799,844,325,1943,0.8,1427,2.2
801011016,38,2000,849,421,2345,0.8,2077,2.8
801011017,36,2000,903,370,2172,0.8,1859,2.7
801011018,27,3000,780,375,2299,0.8,2437,3.2
801011019,32,2000,1043,392,2249,0.8,2063,2.7
801011020,36,2000,890,350,2239,0.8,1717,2.4
801011021,41,2075,921,380,2562,0.7,2247,2.8
801011022,39,2000,935,350,2304,0.8,1952,2.6
801011023,39,1950,789,370,2018,0.8,1514,2.3
801011024,34,1950,824,320,2044,0.8,1632,2.5
801011025,37,1985,904,350,2190,0.8,1981,2.7
801011026,43,2200,1172,411,3074,0.7,2699,2.9
801011111,53,0,1874,0,0,0,0,0
801011112,50,0,762,0,0,0,0,0
801031031,33,0,1024,0,0,0,0,0
801031032,28,0,1125,0,3499,0.7,3750,4.5
801031113,51,1517,599,200,1571,0.9,812,1.6
801031114,33,0,1136,395,2250,0.8,2025,2.4
801031115,46,2167,1019,360,3166,0.8,2625,2.5
801041034,34,2167,1090,429,2661,0.8,2456,3.1
801041035,30,2200,1092,430,2394,0.9,2326,3.3
801041036,30,2201,1197,420,2462,0.8,2302,2.8
801041037,31,2500,1242,380,2745,0.9,2486,2.8
801041038,33,2600,1327,510,3094,0.8,2944,3.2
801041039,30,2000,1002,373,2376,1,2114,2.8
801041040,31,2039,895,380,2247,1,2066,2.8
801041043,45,2167,880,315,2550,0.8,2055,2.5
801041044,29,2040,1068,367,2458,1,2270,2.9
801041045,46,0,1024,0,0,0,0,0
801041046,31,1950,960,380,2193,0.8,1940,2.6
801041047,41,2167,1059,430,2908,0.8,2684,3
801041048,35,1950,890,380,2322,0.8,2005,2.7
801041116,0,0,0,0,0,0,0,0
801041117,0,0,0,0,0,0,0,0
801041118,27,1733,990,325,1974,0.9,1867,3
801041119,36,0,833,0,0,0,0,0
801041120,29,2242,1031,0,2124,0.8,2124,2.9
801041121,0,0,0,0,0,0,0,0
801041122,0,0,0,0,0,0,0,0
801051049,20,0,179,0,0,0,0,0
801051050,41,2450,1029,275,3018,0.8,2027,2.4
801051051,29,2000,1134,400,2654,1.1,1969,1.8
801051053,24,2200,496,500,3085,1.2,2222,1.8
801051054,31,2084,896,368,2350,0.9,1735,2.3
801051055,35,2167,836,380,2341,0.8,1868,2.5
801051056,39,2383,1069,320,2763,0.8,2134,2.5
801051057,35,2000,989,361,2287,0.9,1708,2.1
801051058,34,2167,1026,380,2861,0.9,2129,2.5
801051060,31,2015,1125,400,2466,1.1,1924,2
801051061,34,2044,1037,370,2453,0.9,1962,2.4
801051123,0,0,0,0,0,0,0,0
801051124,42,2534,1223,360,3444,0.8,2369,2.4
801051125,21,0,867,250,2460,0.8,2516,3.1
801051126,0,0,0,0,0,0,0,0
801051127,39,2206,1014,320,2759,0.9,1503,1.9
801051128,0,0,0,0,0,0,0,0
801061062,45,3000,1363,490,3588,0.8,2582,2.5
801061063,44,2620,1576,500,3767,0.8,3145,2.3
801061064,40,2200,1362,380,3083,0.8,2155,2.1
801061066,0,0,0,0,0,0,0,0
801061067,41,2167,1085,380,2679,0.8,2045,2.3
801061068,53,0,0,0,0,0,0,0
801061069,41,3000,1195,350,3684,0.8,2842,2.7
801061070,49,2700,1347,450,3451,0.7,2579,2.4
801061129,38,2037,1576,480,3157,1,2356,1.8
801061130,42,0,489,0,0,1,2249,2
801061131,33,2167,1545,450,3027,0.9,2328,1.8
801071071,33,2000,1012,375,2335,0.8,2148,2.8
801071072,37,1989,969,396,2311,0.7,1967,2.6
801071073,36,2000,999,385,2450,0.8,2225,2.8
801071074,36,2000,919,360,2291,0.8,2028,2.7
801071075,35,2087,946,360,2479,0.8,2226,2.9
801071076,44,2299,1197,500,3009,0.7,2757,2.8
801071077,35,2037,957,375,2371,0.8,2161,2.8
801071078,36,1950,957,370,2323,0.8,1990,2.7
801071079,38,2167,1003,388,2455,0.7,2228,2.7
801071080,36,1652,1030,410,2142,0.9,1686,2
801071081,35,2000,916,381,2125,0.8,1841,2.7
801071082,40,1950,917,345,2258,0.7,1916,2.6
801071083,39,2167,1133,450,2856,0.7,2680,2.9
801071084,43,1964,931,400,2339,0.7,1978,2.5
801071085,0,0,0,0,0,0,0,0
801071086,39,1950,936,330,2380,0.8,2106,2.7
801071087,35,1900,863,325,2061,0.8,1840,2.7
801071088,33,2045,982,370,2382,0.8,2123,2.8
801071089,49,0,774,180,0,0.5,2249,1.5
801071090,39,2000,927,350,2294,0.8,1961,2.6
801071132,23,0,537,0,0,0,0,0
801081091,45,2500,1188,450,3192,0.7,2697,2.8
801081092,40,2210,1074,390,2573,0.7,2125,2.7
801081093,39,2167,976,346,2548,0.7,1929,2.5
801081094,41,2008,1073,400,2493,0.7,2039,2.5
801081095,39,2043,908,318,2246,0.7,1807,2.5
801081096,45,2000,881,300,2303,0.7,1963,2.6
801081097,40,2137,991,305,2503,0.8,1875,2.4
801081098,43,2167,1052,370,2550,0.7,2096,2.5
801081133,0,0,0,0,0,0,0,0
801091099,37,2000,971,361,2386,0.8,1843,2.3
801091100,42,2299,1071,388,2867,0.8,2255,2.6
801091101,43,2383,1028,376,2619,0.8,2265,2.7
801091102,43,2318,1179,470,2925,0.8,2297,2.6
801091103,44,2500,1132,325,3058,0.8,2274,2.5
801091104,49,2120,1042,458,2603,0.7,2232,2.5
801091105,37,2000,846,315,2052,0.9,1488,2.2
801091106,38,2080,954,320,2369,0.9,1777,2.4
801091107,46,2600,1310,941,3819,0.7,3513,3.1
801091108,42,2147,1044,370,2683,0.8,2030,2.4
801091109,32,1745,1145,360,2165,1.1,1772,1.9
801091110,41,2167,988,380,2620,0.8,2217,2.7
801101134,46,0,0,0,0,0,0,0
801101135,30,2167,1280,410,2629,0.8,2315,2.7
801101136,0,0,0,0,0,0,0,0
801101137,0,0,0,0,0,0,0,0
801101138,19,0,75,0,0,0,0,0
801101139,30,1950,1366,400,2780,0.9,2323,2.3
801111140,34,2600,1083,351,2905,0.9,2767,3.2
801111141,35,0,1208,130,2374,0.7,1937,2
897979799,0,0,0,0,0,0,0,0
899999499,36,0,447,0,0,0,0,0
901011001,38,1717,1164,152,2389,1,2141,2.7
901021002,42,1029,563,166,1375,1,1859,3.7
901031003,32,0,629,128,1424,0.9,1542,3.2
901041004,49,1300,592,138,1290,0.8,1012,2.2
997979799,39,0,1833,0,0,0,0,0
999999499,42,0,412,0,0,0,0,0